id,original_index,artist,album,title,recording_condition,midi_filepath,mp3_filepath,youtube_url,duration_sec,performance_start_sec,performance_end_sec,song_split,album_split_0,album_split_1,album_split_2,acoust_id,mb_album_id,mb_artist_id,mb_track_id,mb_recording_id,agreement,discogs_idx
0,1,Dick Hyman,September Song - Dick Hyman Plays the Music of Kurt Weill,One Life to Live,studio,data/midi/studio/Dick Hyman/September Song - Dick Hyman Plays the Music of Kurt Weill/One Life to Live.midi,data/audio/studio/Dick Hyman/September Song - Dick Hyman Plays the Music of Kurt Weill/One Life to Live.mp3,https://www.youtube.com/watch?v=apnwa_42OW0,173.04,0,173,val,train,train,train,,,,,,0.923941798941799,60
1,2,Art Tatum,"The Art Tatum Solo Masterpieces, Volume 1",Embraceable You,studio,"data/midi/studio/Art Tatum/The Art Tatum Solo Masterpieces, Volume 1/Embraceable You.midi","data/audio/studio/Art Tatum/The Art Tatum Solo Masterpieces, Volume 1/Embraceable You.mp3",https://www.youtube.com/watch?v=xAmuQIKiwms,268.104,0,268,val,val,train,val,4d5328df-496b-4594-919f-541082e04869,da515317-8087-48fe-89c1-532be01837e6,e073f6af-d696-4340-b847-e81fabc4d55b,024f5bb9-8a9f-3e22-9232-8e254ec4801f,2466977e-5855-4153-bbfd-c74642ca8883,0.7963431239058548,242
2,3,Hank Jones,Handful Of Keys,Believe It Beloved - Instrumental,studio,data/midi/studio/Hank Jones/Handful Of Keys/Believe It Beloved - Instrumental.midi,data/audio/studio/Hank Jones/Handful Of Keys/Believe It Beloved - Instrumental.mp3,https://www.youtube.com/watch?v=3Srtffx33EU,199.032,0,199,train,train,train,train,03cb49ce-d6e9-413f-b69f-a721777731fd,3836130b-cdca-4ea2-93b7-b95ba5ec6896,80d610fe-7771-4226-aa9b-950944791698,2f64b54c-4ec9-3dee-913d-51ea06e5dccb,186e1070-f3d9-4829-a20f-66a7b08b9f3b,0.876624857468643,128
3,4,Abdullah Ibrahim,Solotude,The Wedding,studio,data/midi/studio/Abdullah Ibrahim/Solotude/The Wedding.midi,data/audio/studio/Abdullah Ibrahim/Solotude/The Wedding.mp3,https://www.youtube.com/watch?v=kwkH1xR2msU,292.68,0,292,train,val,train,train,1fcdbff1-242d-4eac-b836-6be1cafd1ae7,a7f3e66d-6b62-4e27-b75c-5b45e92d39c6,fd64e185-9973-44d5-ad09-5d5562804292,8b2a715d-899f-46d6-88b7-5536cb74aee7,cfce4044-2c38-41e1-b8cc-0169e8171280,0.9335022165927802,129
4,5,Art Tatum,"The Art Tatum Solo Masterpieces, Vol. 4",I'll See You Again,studio,"data/midi/studio/Art Tatum/The Art Tatum Solo Masterpieces, Vol. 4/I'll See You Again.midi","data/audio/studio/Art Tatum/The Art Tatum Solo Masterpieces, Vol. 4/I'll See You Again.mp3",https://www.youtube.com/watch?v=3FfmgeLORJY,293.712,0,293,val,train,train,train,71674f2e-dcc8-4872-92f6-94b6dc54267f,d5fa77dd-666e-43b0-ac4c-c47b024fa47a,e073f6af-d696-4340-b847-e81fabc4d55b,0f020b3a-42be-3acd-83c4-9e09a0314359,e70d0042-181d-400a-b672-2bd5cb1aba99,0.918091168091168,241
5,14,Tete Montoliu,The Music I Like To Play - Vol. 4,All The Things You Are,studio,data/midi/studio/Tete Montoliu/The Music I Like To Play - Vol. 4/All The Things You Are.midi,data/audio/studio/Tete Montoliu/The Music I Like To Play - Vol. 4/All The Things You Are.mp3,https://www.youtube.com/watch?v=NqfXd4l3PKs,253.032,0,253,train,test,train,train,,,,,,0.9682464454976304,80
6,16,Dave McKenna,Dave McKenna -  Solo,C Jam Blues 2,studio,data/midi/studio/Dave McKenna/Dave McKenna -  Solo/C Jam Blues 2.midi,data/audio/studio/Dave McKenna/Dave McKenna -  Solo/C Jam Blues 2.mp3,https://www.youtube.com/watch?v=_ULq2QKdTBo,212.784,0,212,train,train,train,train,,,,,,0.7583035258048033,97
7,20,Tete Montoliu,Solo Piano,Canço De Matinada,studio,data/midi/studio/Tete Montoliu/Solo Piano/Canço De Matinada.midi,data/audio/studio/Tete Montoliu/Solo Piano/Canço De Matinada.mp3,https://www.youtube.com/watch?v=iUdqp5xtUww,280.032,0,280,val,train,val,test,8aa1a912-65e8-4fc4-9aef-b1b1b2b9b906,fdc99fea-265b-4169-b869-0b4947983d82,769d402e-20c3-40ec-8369-86fe8120bce8,edf03439-c653-45ee-b970-9b68eca594e5,de003958-d79d-4b55-9966-00886bcf9699,0.9442815249266864,7
8,21,Art Tatum,"The Art Tatum Solo Masterpieces, Vol. 3",All The Things You Are,studio,"data/midi/studio/Art Tatum/The Art Tatum Solo Masterpieces, Vol. 3/All The Things You Are.midi","data/audio/studio/Art Tatum/The Art Tatum Solo Masterpieces, Vol. 3/All The Things You Are.mp3",https://www.youtube.com/watch?v=RWpXRROC5wA,361.56,0,361,test,train,train,train,27d6e352-7915-4d6a-bd1f-b9cedb15318d,fdca5f37-0fbb-4438-b9b8-368c75e3719f,e073f6af-d696-4340-b847-e81fabc4d55b,80b138e7-118c-3e82-abb3-aacb7ecd1433,c5167aa8-0207-477c-a230-2cc6a7eba442,0.9183959261616804,22
9,26,Erroll Garner,Solo Time! The Erroll Garner Collection Vols. 4 & 5,If I Could Be With You,studio,data/midi/studio/Erroll Garner/Solo Time! The Erroll Garner Collection Vols. 4 & 5/If I Could Be With You.midi,data/audio/studio/Erroll Garner/Solo Time! The Erroll Garner Collection Vols. 4 & 5/If I Could Be With You.mp3,https://www.youtube.com/watch?v=KW5R43-JjhI,235.512,0,235,train,train,train,train,8d1d72a1-1245-4c4c-8340-658c4323fa3a,e2552704-2654-42af-a3b3-299f7c00a136,75bd5186-9d89-4da9-95de-fce055c28895,40c9c102-f24b-375a-90a0-292098608c9a,31b9d832-1258-41a5-acde-399f723e36d8,0.897422940879232,42
10,27,Dick Hyman,Autumn in New York - Dick Hyman Plays the Music of Vernon Duke,I Am Only Human After All,studio,data/midi/studio/Dick Hyman/Autumn in New York - Dick Hyman Plays the Music of Vernon Duke/I Am Only Human After All.midi,data/audio/studio/Dick Hyman/Autumn in New York - Dick Hyman Plays the Music of Vernon Duke/I Am Only Human After All.mp3,https://www.youtube.com/watch?v=-vUgCCmDm0c,82.08,0,82,train,train,train,train,,,,,,0.9080510338759348,58
11,28,Erroll Garner,Solo Time! The Erroll Garner Collection Vols. 4 & 5,"Medley -  The World Is Waiting For The Sunrise, Our Waltz, I Can't Escape From You",studio,"data/midi/studio/Erroll Garner/Solo Time! The Erroll Garner Collection Vols. 4 & 5/Medley -  The World Is Waiting For The Sunrise, Our Waltz, I Can't Escape From You.midi","data/audio/studio/Erroll Garner/Solo Time! The Erroll Garner Collection Vols. 4 & 5/Medley -  The World Is Waiting For The Sunrise, Our Waltz, I Can't Escape From You.mp3",https://www.youtube.com/watch?v=o_NhM90lKak,456.408,0,456,train,train,train,train,955a638a-1f0e-46fc-8561-78b61bc5a84e,b87aea54-653a-4a63-b364-8effc6f4dd4c,75bd5186-9d89-4da9-95de-fce055c28895,29329141-28d0-3cd3-b978-72f050a26b4c,dd7edfaa-8423-488d-9a40-11fa143ba716,0.7862573922838637,42
12,29,Dick Hyman,September Song - Dick Hyman Plays the Music of Kurt Weill,This Is New,studio,data/midi/studio/Dick Hyman/September Song - Dick Hyman Plays the Music of Kurt Weill/This Is New.midi,data/audio/studio/Dick Hyman/September Song - Dick Hyman Plays the Music of Kurt Weill/This Is New.mp3,https://www.youtube.com/watch?v=jobaeEiCaZE,168.552,0,168,test,train,train,train,,,,,,0.8674999999999999,60
13,32,Dick Hyman,Autumn in New York - Dick Hyman Plays the Music of Vernon Duke,Now,studio,data/midi/studio/Dick Hyman/Autumn in New York - Dick Hyman Plays the Music of Vernon Duke/Now.midi,data/audio/studio/Dick Hyman/Autumn in New York - Dick Hyman Plays the Music of Vernon Duke/Now.mp3,https://www.youtube.com/watch?v=5QxO8dtZYDg,129.864,0,129,train,train,train,train,,,,,,0.9429158110882956,58
14,37,Oscar Peterson,Tracks (Remastered),Django - Remastered,studio,data/midi/studio/Oscar Peterson/Tracks (Remastered)/Django - Remastered.midi,data/audio/studio/Oscar Peterson/Tracks (Remastered)/Django - Remastered.mp3,https://www.youtube.com/watch?v=oCgNHaTUqoA,314.544,0,314,train,train,train,train,cea631e9-5977-4d03-bfae-1021ddd29528,11115b3a-d426-4244-ad19-2efccd987cf9,ed801bdd-f057-41c0-94fb-76cb5676cd59,9346131c-b387-41e6-a0d7-c4e23d6736f4,d8003328-7b4f-438d-a2f3-44ed3261ce8b,0.8725888324873098,21
15,41,Tete Montoliu,The Music I Like To Play - Vol.1,Don't Smoke Anymore,studio,data/midi/studio/Tete Montoliu/The Music I Like To Play - Vol.1/Don't Smoke Anymore.midi,data/audio/studio/Tete Montoliu/The Music I Like To Play - Vol.1/Don't Smoke Anymore.mp3,https://www.youtube.com/watch?v=LjaYcxvuNoc,315.024,0,315,train,train,train,train,,,,,,0.9246717346233588,100
16,43,Tete Montoliu,The Music I Like To Play - Vol.1,It Never Entered My Mind,studio,data/midi/studio/Tete Montoliu/The Music I Like To Play - Vol.1/It Never Entered My Mind.midi,data/audio/studio/Tete Montoliu/The Music I Like To Play - Vol.1/It Never Entered My Mind.mp3,https://www.youtube.com/watch?v=7CIzOhaGx3E,353.04,0,353,train,train,train,train,,,,,,0.9672604718343764,100
17,52,Dave McKenna,Dave Fingers McKenna,Willie The Weeper,studio,data/midi/studio/Dave McKenna/Dave Fingers McKenna/Willie The Weeper.midi,data/audio/studio/Dave McKenna/Dave Fingers McKenna/Willie The Weeper.mp3,https://www.youtube.com/watch?v=LDj34a-Hm_M,289.8,0,289,train,train,train,train,,c00dae75-1840-46fd-95bc-1929a6206141,a048dfa0-5ce1-40ca-bcdf-56f9d56b32ae,204296a1-dfa7-4516-a40c-7760716a7704,632db8f5-30ac-4c33-b5cb-e6184a2bafc9,0.8889567740950053,12
18,53,Erroll Garner,Solo Time! The Erroll Garner Collection Vols. 4 & 5,Sleepy Lagoon,studio,data/midi/studio/Erroll Garner/Solo Time! The Erroll Garner Collection Vols. 4 & 5/Sleepy Lagoon.midi,data/audio/studio/Erroll Garner/Solo Time! The Erroll Garner Collection Vols. 4 & 5/Sleepy Lagoon.mp3,https://www.youtube.com/watch?v=sTHNdFLvpE4,307.752,0,307,train,train,train,train,3c1bcd39-4730-417e-9f72-8d4d03108c68,b87aea54-653a-4a63-b364-8effc6f4dd4c,75bd5186-9d89-4da9-95de-fce055c28895,985b55f0-e649-38b5-ab8a-fbee3e6119ee,4456e13d-5d24-43fb-b6ac-e18a07a3eb0a,0.9215236346948142,42
19,55,Erroll Garner,Solo Time! The Erroll Garner Collection Vols. 4 & 5,Indian Summer,studio,data/midi/studio/Erroll Garner/Solo Time! The Erroll Garner Collection Vols. 4 & 5/Indian Summer.midi,data/audio/studio/Erroll Garner/Solo Time! The Erroll Garner Collection Vols. 4 & 5/Indian Summer.mp3,https://www.youtube.com/watch?v=W-yxc-fmeoc,243.576,0,243,test,train,train,train,bf5f9510-fe85-40b4-9d6d-bc9ce2ca06d0,e2552704-2654-42af-a3b3-299f7c00a136,75bd5186-9d89-4da9-95de-fce055c28895,f9a4ada5-bc2f-33b6-8fd1-7752f7d59197,8e890e10-d7e8-4300-9a3b-410747973193,0.9091196459617512,42
20,56,Andy Laverne,In The Mood For A Classic,Glass enclosure,studio,data/midi/studio/Andy Laverne/In The Mood For A Classic/Glass enclosure.midi,data/audio/studio/Andy Laverne/In The Mood For A Classic/Glass enclosure.mp3,https://www.youtube.com/watch?v=nV1aSf-IAKY,264.024,0,264,train,val,train,train,6b8b0efe-2658-405a-b6ab-af33c03153ea,8454bb32-6955-466c-9086-0befed62a7b8,e88ae791-cd20-4298-943a-66fd6d222698,ba336d86-b912-401b-9c83-7c7f5143e717,e5f01ef3-8b25-41ef-b8e4-69ef642ab0df,0.8870858688302907,246
21,61,Abdullah Ibrahim,Solotude,Dreamtime,studio,data/midi/studio/Abdullah Ibrahim/Solotude/Dreamtime.midi,data/audio/studio/Abdullah Ibrahim/Solotude/Dreamtime.mp3,https://www.youtube.com/watch?v=ElKnJWL7lvA,150.744,0,150,test,val,train,train,1ce38cbf-9edf-405c-b81d-2fdde147aec3,a7f3e66d-6b62-4e27-b75c-5b45e92d39c6,fd64e185-9973-44d5-ad09-5d5562804292,d2aad026-28b6-4239-a6d8-712a53161a3f,01e9a318-58ba-47a8-92c9-1d22679ab33b,0.9313868613138686,129
22,62,Dick Hyman,Dick Hyman Plays Variations on Richard Rodgers -  Rodgers & Hammerstein,A Wonderful Guy,studio,data/midi/studio/Dick Hyman/Dick Hyman Plays Variations on Richard Rodgers -  Rodgers & Hammerstein/A Wonderful Guy.midi,data/audio/studio/Dick Hyman/Dick Hyman Plays Variations on Richard Rodgers -  Rodgers & Hammerstein/A Wonderful Guy.mp3,https://www.youtube.com/watch?v=KoEuU74T9IE,238.368,0,238,train,train,train,train,3bdd30b7-fc74-4523-ba30-2cc6f9a5202f,f54bfec3-6668-4a6a-911a-a5673a205be1,dab1ad75-3ea3-4071-91c4-7a66475599d4,5f6309a7-94db-45ca-bbbb-59739579aa2a,15681073-4a0b-4c2e-b7ba-190c7f64c0f8,0.935483870967742,89
23,66,Hank Jones,SOLO 1976 A Tribute to Duke Ellington,Prelude To A Kiss,studio,data/midi/studio/Hank Jones/SOLO 1976 A Tribute to Duke Ellington/Prelude To A Kiss.midi,data/audio/studio/Hank Jones/SOLO 1976 A Tribute to Duke Ellington/Prelude To A Kiss.mp3,https://www.youtube.com/watch?v=QlkkDwBwdZs,241.584,0,241,train,test,train,test,,,,,,0.8808362369337979,174
24,71,Dick Hyman,Autumn in New York - Dick Hyman Plays the Music of Vernon Duke,When You Live On An Island,studio,data/midi/studio/Dick Hyman/Autumn in New York - Dick Hyman Plays the Music of Vernon Duke/When You Live On An Island.midi,data/audio/studio/Dick Hyman/Autumn in New York - Dick Hyman Plays the Music of Vernon Duke/When You Live On An Island.mp3,https://www.youtube.com/watch?v=TAIRHlmHLVw,127.392,0,127,train,train,train,train,,,,,,0.8949152542372882,58
25,73,Abdullah Ibrahim,Senzo,"Banyana, Children Of Africa",studio,"data/midi/studio/Abdullah Ibrahim/Senzo/Banyana, Children Of Africa.midi","data/audio/studio/Abdullah Ibrahim/Senzo/Banyana, Children Of Africa.mp3",https://www.youtube.com/watch?v=JUVF7rv2I_c,51.792,0,51,test,train,train,train,9d5e36a9-6c60-448b-9526-7c3a63d3403d,f50423f6-1d01-4cb7-bc86-9c2ff6579a60,fd64e185-9973-44d5-ad09-5d5562804292,dceca26c-a97a-3ac5-93de-fb23b159f278,c61d0165-b602-49e0-a2db-6067abb942a9,0.8742004264392325,81
26,82,Abdullah Ibrahim,The Song Is My Story,Twelve By Twelve,studio,data/midi/studio/Abdullah Ibrahim/The Song Is My Story/Twelve By Twelve.midi,data/audio/studio/Abdullah Ibrahim/The Song Is My Story/Twelve By Twelve.mp3,https://www.youtube.com/watch?v=Lg5x3PKqDm8,99.312,0,99,train,train,val,test,cf0e11d2-ed5d-4d73-b0c0-da6e0c08a2b5,8dd2d9b6-5354-468c-8b0b-dbd0ff5a1090,fd64e185-9973-44d5-ad09-5d5562804292,f8fe7065-954d-41b0-829e-b5022838f512,f5298457-3e21-494d-a7eb-5ddfb5a181b2,0.9471153846153846,109
27,83,Horace Parlan,In Copenhagen,Parker's Mood,studio,data/midi/studio/Horace Parlan/In Copenhagen/Parker's Mood.midi,data/audio/studio/Horace Parlan/In Copenhagen/Parker's Mood.mp3,https://www.youtube.com/watch?v=Rsta8spNaGE,329.808,0,329,val,train,train,train,,,,,,0.9055555555555554,161
28,88,George Cables,You Don't Know Me Volume I,My Foolish Heart,studio,data/midi/studio/George Cables/You Don't Know Me Volume I/My Foolish Heart.midi,data/audio/studio/George Cables/You Don't Know Me Volume I/My Foolish Heart.mp3,https://www.youtube.com/watch?v=PGxdlqLyRbA,358.152,0,358,train,val,train,train,40cee09b-d0a8-4639-9aa7-e4ad8a678922,59870feb-0aa5-42e6-adff-1e29e8ad3121,7d3aa1dd-5e8b-47f3-a65b-41d78c725ce3,374c81d7-27c4-4ebf-8779-12e755387408,fcb9dbce-b3b8-4bdb-9432-2b225c13254b,0.931777669745584,198
29,89,Dick Hyman,Broadway Songbook,Supper Time,studio,data/midi/studio/Dick Hyman/Broadway Songbook/Supper Time.midi,data/audio/studio/Dick Hyman/Broadway Songbook/Supper Time.mp3,https://www.youtube.com/watch?v=gEz06K7G3vE,253.632,0,253,train,train,train,train,,,,,,0.9183786785119378,8
30,94,Art Tatum,"The Art Tatum Solo Masterpieces, Vol. 7",Dancing In The Dark,studio,"data/midi/studio/Art Tatum/The Art Tatum Solo Masterpieces, Vol. 7/Dancing In The Dark.midi","data/audio/studio/Art Tatum/The Art Tatum Solo Masterpieces, Vol. 7/Dancing In The Dark.mp3",https://www.youtube.com/watch?v=KA0SJr0_tu4,268.224,0,268,train,train,val,train,fcb0c774-990d-49ce-981c-d7dd371db0ee,0bf8a7ae-c35a-4e44-9dcb-d758eef9cd4f,e073f6af-d696-4340-b847-e81fabc4d55b,5387e6f5-c51f-3537-bf4e-f8eaceb8bc3a,7a3490dc-5908-41b5-8932-ffbebdeba1a0,0.9096255636149776,56
31,97,Hank Jones,SOLO 1976 A Tribute to Duke Ellington,In A Sentimental Mood,studio,data/midi/studio/Hank Jones/SOLO 1976 A Tribute to Duke Ellington/In A Sentimental Mood.midi,data/audio/studio/Hank Jones/SOLO 1976 A Tribute to Duke Ellington/In A Sentimental Mood.mp3,https://www.youtube.com/watch?v=FqP1lK-tSeA,155.376,0,155,train,test,train,test,efc2496b-b21a-432b-a594-82869423e09c,55b7f2e2-d0b8-41a0-a66f-9e1b2540a951,80d610fe-7771-4226-aa9b-950944791698,e54e091e-b8b5-3599-a700-d42833dee4a0,3c120757-bb08-425d-a80a-fb8265f7c786,0.8723404255319148,174
32,98,Dick Hyman,Dick Hyman Plays Fats Waller,Willow Tree,studio,data/midi/studio/Dick Hyman/Dick Hyman Plays Fats Waller/Willow Tree.midi,data/audio/studio/Dick Hyman/Dick Hyman Plays Fats Waller/Willow Tree.mp3,https://www.youtube.com/watch?v=fbBLpUBV5JQ,239.136,0,239,val,train,train,train,947129de-f873-4b5f-b224-181f88a41005,ff90bf37-c8b8-4a3c-9c73-1c4a9cce25ad,dab1ad75-3ea3-4071-91c4-7a66475599d4,08c3f1f2-f922-385d-ac4d-b349ef8cf107,2af820af-6ce0-4895-b53d-8c8260a67289,0.9171944639924936,172
33,103,Art Tatum,"The Art Tatum Solo Masterpieces, Vol. 7",Wrap Your Troubles In Dreams,studio,"data/midi/studio/Art Tatum/The Art Tatum Solo Masterpieces, Vol. 7/Wrap Your Troubles In Dreams.midi","data/audio/studio/Art Tatum/The Art Tatum Solo Masterpieces, Vol. 7/Wrap Your Troubles In Dreams.mp3",https://www.youtube.com/watch?v=IBo2iiPgTGo,221.136,0,221,train,train,val,train,094e1347-9f32-4d1a-a010-7dc96e86d644,0bf8a7ae-c35a-4e44-9dcb-d758eef9cd4f,e073f6af-d696-4340-b847-e81fabc4d55b,b25a3579-05d3-33be-8da8-cdedcb1e6e11,9f521462-86ad-4042-9e87-b235d1a4d246,0.9139316043148956,56
34,118,Cedar Walton,Underground Memoirs,I Want to Talk About You,studio,data/midi/studio/Cedar Walton/Underground Memoirs/I Want to Talk About You.midi,data/audio/studio/Cedar Walton/Underground Memoirs/I Want to Talk About You.mp3,https://www.youtube.com/watch?v=fNUscv26408,294.912,0,294,train,train,train,test,58c004a5-4e47-4b36-9b36-41c23a289711,2d93a648-7830-4992-944e-c3d2317c9775,115474d3-9d44-4c96-b5d0-00891187c6e8,56708674-1dce-3a31-937b-bacc981012dc,caf6a8bf-9015-4c69-9557-a4cb77d26184,0.8662582950484942,27
35,121,Andy Laverne,In The Mood For A Classic,So sorry please,studio,data/midi/studio/Andy Laverne/In The Mood For A Classic/So sorry please.midi,data/audio/studio/Andy Laverne/In The Mood For A Classic/So sorry please.mp3,https://www.youtube.com/watch?v=OpIZ_548w04,237.744,0,237,test,test,train,train,8aa5dbbc-ac02-4b67-a337-8852f490ef0d,8454bb32-6955-466c-9086-0befed62a7b8,e88ae791-cd20-4298-943a-66fd6d222698,423edf5b-257e-4fbe-8196-902fb9081def,95f69b2c-707c-42fd-b078-c33f3ad9867a,0.930252278990884,246
36,123,Abdullah Ibrahim,Solotude,Nisa,studio,data/midi/studio/Abdullah Ibrahim/Solotude/Nisa.midi,data/audio/studio/Abdullah Ibrahim/Solotude/Nisa.mp3,https://www.youtube.com/watch?v=IbMuj2Rth10,144.576,0,144,train,test,train,train,b2cf23f1-c22b-4c3d-96f5-637eb2bbd91b,a7f3e66d-6b62-4e27-b75c-5b45e92d39c6,fd64e185-9973-44d5-ad09-5d5562804292,d2a1790d-e6a4-4e28-99c8-827bcf3b9534,21db01f0-ec50-4e5b-81eb-bc43e1cfb6c1,0.9367588932806324,129
37,134,Art Tatum,"The Art Tatum Solo Masterpieces, Volume 1",Just A-Sittin' And A-Rockin',studio,"data/midi/studio/Art Tatum/The Art Tatum Solo Masterpieces, Volume 1/Just A-Sittin' And A-Rockin'.midi","data/audio/studio/Art Tatum/The Art Tatum Solo Masterpieces, Volume 1/Just A-Sittin' And A-Rockin'.mp3",https://www.youtube.com/watch?v=vDjXUsBekMo,237.96,0,238,train,test,train,test,eef0206e-fe1a-4bb5-8392-0fbc2539765a,da515317-8087-48fe-89c1-532be01837e6,e073f6af-d696-4340-b847-e81fabc4d55b,9075e801-e1b0-30d4-9a0d-d08c9b8f45fb,0df503ce-5a35-4899-bfc3-ce8da1a16a62,0.9143187958317252,242
38,135,Abdullah Ibrahim,Senzo,Jabulani,studio,data/midi/studio/Abdullah Ibrahim/Senzo/Jabulani.midi,data/audio/studio/Abdullah Ibrahim/Senzo/Jabulani.mp3,https://www.youtube.com/watch?v=pmogse50vko,64.56,0,64,train,train,train,train,cb97d583-819d-4c4d-9d0e-56f6a6527bac,f50423f6-1d01-4cb7-bc86-9c2ff6579a60,fd64e185-9973-44d5-ad09-5d5562804292,8f82e40a-f291-369f-a55c-33f34cbe3ce9,95d0365d-52cf-43e7-98c0-8381d45d866d,0.9355992844364937,81
39,136,Art Tatum,"The Art Tatum Solo Masterpieces, Vol. 6",Someone To Watch Over Me,studio,"data/midi/studio/Art Tatum/The Art Tatum Solo Masterpieces, Vol. 6/Someone To Watch Over Me.midi","data/audio/studio/Art Tatum/The Art Tatum Solo Masterpieces, Vol. 6/Someone To Watch Over Me.mp3",https://www.youtube.com/watch?v=dU2ODbExGZc,227.16,0,227,train,train,train,train,,,,,,0.9283582089552238,225
40,138,Tete Montoliu,Yellow Dolphin Street,Come Sunday,studio,data/midi/studio/Tete Montoliu/Yellow Dolphin Street/Come Sunday.midi,data/audio/studio/Tete Montoliu/Yellow Dolphin Street/Come Sunday.mp3,https://www.youtube.com/watch?v=L6x3Mla2TbQ,404.664,0,404,train,train,train,train,acfdd984-4ebb-4f0a-859c-5d6e01c8c8b0,fdc99fea-265b-4169-b869-0b4947983d82,769d402e-20c3-40ec-8369-86fe8120bce8,235e6040-f6b4-48cf-bafb-3df688dbf717,6c6f76c7-5137-4a49-80cc-0d3fb05e6b98,0.9609002479496472,43
41,141,George Cables,You Don't Know Me Volume I,Honey Lulu,studio,data/midi/studio/George Cables/You Don't Know Me Volume I/Honey Lulu.midi,data/audio/studio/George Cables/You Don't Know Me Volume I/Honey Lulu.mp3,https://www.youtube.com/watch?v=ATqEV09eF_8,369.912,0,370,train,val,train,train,c2ff67ef-7886-4f6b-9c93-b7c03803785a,59870feb-0aa5-42e6-adff-1e29e8ad3121,7d3aa1dd-5e8b-47f3-a65b-41d78c725ce3,2fe2fc84-0d59-4dfb-b544-810e42590eb6,effe8724-61f3-45a2-8c4e-58e152f937bb,0.9314900153609832,198
42,147,Dave McKenna,Easy Street,When Your Lover Has Gone,studio,data/midi/studio/Dave McKenna/Easy Street/When Your Lover Has Gone.midi,data/audio/studio/Dave McKenna/Easy Street/When Your Lover Has Gone.mp3,https://www.youtube.com/watch?v=xhanx3u_S5c,221.784,0,221,train,train,train,train,5087690a-6866-4b5c-8d9d-306a196e943c,36e5a197-8351-4e22-a4e6-63f0f20862ef,a048dfa0-5ce1-40ca-bcdf-56f9d56b32ae,91e12fae-cdd4-3056-be4b-941094358d99,92bc2c3e-1cf7-4c76-bdb2-9a12a7bf1d36,0.8757352941176472,243
43,149,Art Tatum,"The Art Tatum Solo Masterpieces, Vol. 4",You're Mine You,studio,"data/midi/studio/Art Tatum/The Art Tatum Solo Masterpieces, Vol. 4/You're Mine You.midi","data/audio/studio/Art Tatum/The Art Tatum Solo Masterpieces, Vol. 4/You're Mine You.mp3",https://www.youtube.com/watch?v=p5vpWhIxceM,292.032,0,292,train,train,train,train,9f1c2fc3-a21d-4139-aecb-c35e39734a6c,d5fa77dd-666e-43b0-ac4c-c47b024fa47a,e073f6af-d696-4340-b847-e81fabc4d55b,f7c31c6c-4779-37db-9cab-04341e1460ee,b60bd84f-4d85-4d82-8f29-36ac0803da2f,0.9058737686975556,241
44,151,Hank Jones,SOLO 1976 A Tribute to Duke Ellington,Don't Blame Me,studio,data/midi/studio/Hank Jones/SOLO 1976 A Tribute to Duke Ellington/Don't Blame Me.midi,data/audio/studio/Hank Jones/SOLO 1976 A Tribute to Duke Ellington/Don't Blame Me.mp3,https://www.youtube.com/watch?v=kiW22OnLIOY,177.456,0,177,train,test,train,test,cbd5c364-8a11-45d4-9302-1c6f2a9ef13f,55b7f2e2-d0b8-41a0-a66f-9e1b2540a951,80d610fe-7771-4226-aa9b-950944791698,7f0b6688-cd14-350d-8adb-aa1bfe388bbb,9245887b-af8b-40df-b6c3-0e260c12227b,0.9054388133498144,174
45,155,Tete Montoliu,The Music I Like To Play - Vol. 4,Up Jumped Spring,studio,data/midi/studio/Tete Montoliu/The Music I Like To Play - Vol. 4/Up Jumped Spring.midi,data/audio/studio/Tete Montoliu/The Music I Like To Play - Vol. 4/Up Jumped Spring.mp3,https://www.youtube.com/watch?v=qH4ZxZZmTZs,283.032,0,283,train,val,train,train,,,,,,0.9512381924942558,80
46,161,Art Tatum,"The Art Tatum Solo Masterpieces, Vol. 6",The Way You Look Tonight,studio,"data/midi/studio/Art Tatum/The Art Tatum Solo Masterpieces, Vol. 6/The Way You Look Tonight.midi","data/audio/studio/Art Tatum/The Art Tatum Solo Masterpieces, Vol. 6/The Way You Look Tonight.mp3",https://www.youtube.com/watch?v=32BUn-uLzps,397.8,0,397,train,train,train,train,3772a2bd-aacb-4239-805f-8fe604f0b8c5,096dda47-78c8-4f4f-a130-b673dad90198,e073f6af-d696-4340-b847-e81fabc4d55b,cb2c8ab6-5579-36eb-bc61-1b4ea11bc828,69c9e290-9a8e-4cc4-8c91-a1a45117f5f7,0.901178361006963,225
47,164,Dick Hyman,September Song - Dick Hyman Plays the Music of Kurt Weill,To Love You and to Lose You,studio,data/midi/studio/Dick Hyman/September Song - Dick Hyman Plays the Music of Kurt Weill/To Love You and to Lose You.midi,data/audio/studio/Dick Hyman/September Song - Dick Hyman Plays the Music of Kurt Weill/To Love You and to Lose You.mp3,https://www.youtube.com/watch?v=ZjtPexFanGo,130.896,0,130,train,train,train,train,,,,,,0.9255269320843093,60
48,169,Abdullah Ibrahim,Solotude,Blues For A Hip King,studio,data/midi/studio/Abdullah Ibrahim/Solotude/Blues For A Hip King.midi,data/audio/studio/Abdullah Ibrahim/Solotude/Blues For A Hip King.mp3,https://www.youtube.com/watch?v=XIou2jkREf8,65.88,0,65,train,test,train,train,ef3fcd22-c0d9-4894-a089-5ae0a0ee34f6,a7f3e66d-6b62-4e27-b75c-5b45e92d39c6,fd64e185-9973-44d5-ad09-5d5562804292,6b559071-821d-4cef-8813-69d2da0d4084,e78508a3-1160-4beb-876e-64db5d1b57c3,0.9164556962025316,129
49,171,Oscar Peterson,"Exclusively for My Friends -  My Favorite Instrument, Vol. IV",Body and Soul - Live,studio,"data/midi/studio/Oscar Peterson/Exclusively for My Friends -  My Favorite Instrument, Vol. IV/Body and Soul - Live.midi","data/audio/studio/Oscar Peterson/Exclusively for My Friends -  My Favorite Instrument, Vol. IV/Body and Soul - Live.mp3",https://www.youtube.com/watch?v=sjI5KT0hCn0,272.184,0,272,val,train,test,train,f1a5dfcb-9269-4b2a-96d6-722c5e77d0be,681c428a-5240-38ff-b70c-acf510d432e3,ed801bdd-f057-41c0-94fb-76cb5676cd59,c39029ad-311c-30c4-827c-61eddb831433,6f963a48-7f0b-49ed-aeda-8bd488102ed0,0.8634862385321102,90
50,176,Art Tatum,"The Art Tatum Solo Masterpieces, Vol. 6",Ain't Misbehavin',studio,"data/midi/studio/Art Tatum/The Art Tatum Solo Masterpieces, Vol. 6/Ain't Misbehavin'.midi","data/audio/studio/Art Tatum/The Art Tatum Solo Masterpieces, Vol. 6/Ain't Misbehavin'.mp3",https://www.youtube.com/watch?v=AvjjZMWg5Ro,155.136,0,155,train,train,train,train,fcc1c81c-7548-4da0-b65a-9ff2aa591d83,096dda47-78c8-4f4f-a130-b673dad90198,e073f6af-d696-4340-b847-e81fabc4d55b,52c9afbe-6d1c-32bf-a64b-ce32c1cb9788,4f8743d9-bd9b-4656-ab92-169e1555a185,0.9056783083867902,225
51,179,Art Tatum,"The Art Tatum Solo Masterpieces, Volume 1",Too Marvelous For Words,studio,"data/midi/studio/Art Tatum/The Art Tatum Solo Masterpieces, Volume 1/Too Marvelous For Words.midi","data/audio/studio/Art Tatum/The Art Tatum Solo Masterpieces, Volume 1/Too Marvelous For Words.mp3",https://www.youtube.com/watch?v=1BY6mi4nNcs,178.536,0,178,train,test,train,val,5c720102-0950-4c45-81f3-0f170bca044c,da515317-8087-48fe-89c1-532be01837e6,e073f6af-d696-4340-b847-e81fabc4d55b,8ea294ba-de71-3238-85c9-d50299650733,6a840561-76e4-49d9-8f7a-ad062dcdb4fb,0.916134349886668,242
52,183,Art Tatum,"The Art Tatum Solo Masterpieces, Vol. 5",Fine And Dandy,studio,"data/midi/studio/Art Tatum/The Art Tatum Solo Masterpieces, Vol. 5/Fine And Dandy.midi","data/audio/studio/Art Tatum/The Art Tatum Solo Masterpieces, Vol. 5/Fine And Dandy.mp3",https://www.youtube.com/watch?v=byvsLBMZWtU,182.136,0,182,train,train,train,train,9953226e-6916-4d9f-9863-07559c860bd8,6c658e23-5d2c-43a2-b311-43309caf18f7,e073f6af-d696-4340-b847-e81fabc4d55b,b23aed2d-f8f3-37b5-903f-90dfe046ad40,8c3141bf-6d66-4cea-973e-ba7ba41d0c07,0.8990082979154018,210
53,188,Abdullah Ibrahim,The Song Is My Story,Spiral Mist,studio,data/midi/studio/Abdullah Ibrahim/The Song Is My Story/Spiral Mist.midi,data/audio/studio/Abdullah Ibrahim/The Song Is My Story/Spiral Mist.mp3,https://www.youtube.com/watch?v=7YvPsB_G0IA,135.504,0,135,train,train,val,test,0d946f35-cb6f-4fdd-a6fb-ba6adc43998e,8dd2d9b6-5354-468c-8b0b-dbd0ff5a1090,fd64e185-9973-44d5-ad09-5d5562804292,51060de3-f81d-4499-bec8-227383cd40af,d7fb3ac2-5ff6-47ec-b659-90699df691f1,0.8496376811594204,109
54,193,Andy Laverne,In The Mood For A Classic,Bud Powell,studio,data/midi/studio/Andy Laverne/In The Mood For A Classic/Bud Powell.midi,data/audio/studio/Andy Laverne/In The Mood For A Classic/Bud Powell.mp3,https://www.youtube.com/watch?v=gCjqTus6he0,243.072,0,243,train,val,train,train,d8375da6-5f85-45b2-be0a-98cba19d9dfc,8454bb32-6955-466c-9086-0befed62a7b8,e88ae791-cd20-4298-943a-66fd6d222698,9b908044-9a0e-44c7-a479-0f6076ecf27c,118b587c-941d-4506-932b-d06092f01f11,0.936722552731206,246
55,197,Dave McKenna,Dave McKenna -  Solo,Scrapple From The Apple 2,studio,data/midi/studio/Dave McKenna/Dave McKenna -  Solo/Scrapple From The Apple 2.midi,data/audio/studio/Dave McKenna/Dave McKenna -  Solo/Scrapple From The Apple 2.mp3,https://www.youtube.com/watch?v=jfPhxD4wl74,253.512,0,253,train,train,train,train,,,,,,0.7819460726846426,97
56,200,Erroll Garner,Afternoon Of An Elf,When A Gypsy Makes His Violin Cry,studio,data/midi/studio/Erroll Garner/Afternoon Of An Elf/When A Gypsy Makes His Violin Cry.midi,data/audio/studio/Erroll Garner/Afternoon Of An Elf/When A Gypsy Makes His Violin Cry.mp3,https://www.youtube.com/watch?v=iUptjYtp-Bo,312.096,0,312,train,train,train,train,c1eb3f01-79f3-4ac3-90c4-522137289397,59a3fd48-96af-4486-b06a-eba0cec954c9,75bd5186-9d89-4da9-95de-fce055c28895,631e9dce-490b-3e52-aee6-51e6ff5ed40d,f1be4b0f-a19d-40e5-b43a-4de5cb747e0b,0.8020773225620311,65
57,208,Cedar Walton,Underground Memoirs,Underground Memoirs,studio,data/midi/studio/Cedar Walton/Underground Memoirs/Underground Memoirs.midi,data/audio/studio/Cedar Walton/Underground Memoirs/Underground Memoirs.mp3,https://www.youtube.com/watch?v=DIwyCGVMBSY,353.328,0,353,train,train,train,val,0367d3f7-4cb4-4411-a6f4-154bffaea496,2d93a648-7830-4992-944e-c3d2317c9775,115474d3-9d44-4c96-b5d0-00891187c6e8,3b2a12e8-1a48-3718-8e59-e97f7f48fc46,43535d96-a948-4f69-9c16-7955f68c0911,0.878714859437751,27
58,209,Abdullah Ibrahim,Dream Time,Aspen,studio,data/midi/studio/Abdullah Ibrahim/Dream Time/Aspen.midi,data/audio/studio/Abdullah Ibrahim/Dream Time/Aspen.mp3,https://www.youtube.com/watch?v=q2NxOaWKRCA,90.336,0,90,train,train,train,train,,cd84f0d5-7f35-44da-ac2f-2bc2331d324c,fd64e185-9973-44d5-ad09-5d5562804292,00db50d6-4dda-459a-b296-c8ae0e6d9d92,e0e1a381-cb2d-4871-9f6c-0c838521576c,0.9346733668341708,238
59,210,Andy Laverne,Tadd's Delight,Our Delight,studio,data/midi/studio/Andy Laverne/Tadd's Delight/Our Delight.midi,data/audio/studio/Andy Laverne/Tadd's Delight/Our Delight.mp3,https://www.youtube.com/watch?v=7nDUnDzmqcc,365.496,0,365,train,train,train,train,f8aae4ba-03d6-4b2e-8936-bfedf58a3ae4,a8ca6fa7-b561-4799-9b2e-ceae5efa48be,e88ae791-cd20-4298-943a-66fd6d222698,46745f44-7c84-40c1-ba49-02ad03f5aaa4,b86bff90-840c-4c6b-a167-b4a71ebecab5,0.9262472885032538,140
60,211,Art Tatum,"The Art Tatum Solo Masterpieces, Vol. 6",Danny Boy,studio,"data/midi/studio/Art Tatum/The Art Tatum Solo Masterpieces, Vol. 6/Danny Boy.midi","data/audio/studio/Art Tatum/The Art Tatum Solo Masterpieces, Vol. 6/Danny Boy.mp3",https://www.youtube.com/watch?v=5yoSHj1cef8,250.128,0,250,train,train,train,train,03a324a4-e93d-480f-95ae-630d2136e565,096dda47-78c8-4f4f-a130-b673dad90198,e073f6af-d696-4340-b847-e81fabc4d55b,dd9734a6-693f-3dca-a9af-9725f942243c,22f7ec4d-5430-434a-bc26-e26b7df092c1,0.9107344632768364,225
61,214,Dave McKenna,This Is New -  Teddi King Sings Ira Gershwin,I Can't Get Started (Dave McKenna Piano Solo),studio,data/midi/studio/Dave McKenna/This Is New -  Teddi King Sings Ira Gershwin/I Can't Get Started (Dave McKenna Piano Solo).midi,data/audio/studio/Dave McKenna/This Is New -  Teddi King Sings Ira Gershwin/I Can't Get Started (Dave McKenna Piano Solo).mp3,https://www.youtube.com/watch?v=Sn7dOcfwxeQ,244.392,0,244,train,train,train,train,,,,,,0.8660213958227203,101
62,217,Dave McKenna,Dave McKenna -  Solo,Sweet And Lovely,studio,data/midi/studio/Dave McKenna/Dave McKenna -  Solo/Sweet And Lovely.midi,data/audio/studio/Dave McKenna/Dave McKenna -  Solo/Sweet And Lovely.mp3,https://www.youtube.com/watch?v=zFUx-csofWI,280.992,0,281,train,train,train,train,,,,,,0.7956182472989196,97
63,223,Erroll Garner,Afternoon Of An Elf,Who,studio,data/midi/studio/Erroll Garner/Afternoon Of An Elf/Who.midi,data/audio/studio/Erroll Garner/Afternoon Of An Elf/Who.mp3,https://www.youtube.com/watch?v=QMy2v0cAZVg,367.536,0,367,val,train,train,train,b713239c-b278-45c3-b749-cee362c03d51,59a3fd48-96af-4486-b06a-eba0cec954c9,75bd5186-9d89-4da9-95de-fce055c28895,a46cbfd8-920c-3be3-ab25-164a47aedf3a,385dc60e-7be3-46e1-977c-227593f65e31,0.7962085308056872,65
64,226,Andy Laverne,Tadd's Delight,The Chase,studio,data/midi/studio/Andy Laverne/Tadd's Delight/The Chase.midi,data/audio/studio/Andy Laverne/Tadd's Delight/The Chase.mp3,https://www.youtube.com/watch?v=t_1_IuhZSwU,349.128,0,349,train,train,train,train,38db7b80-e869-417a-8788-3d1efcad6bf1,a8ca6fa7-b561-4799-9b2e-ceae5efa48be,e88ae791-cd20-4298-943a-66fd6d222698,bde0d107-63fa-4c3b-a425-07fa03dd4d66,69cb6b39-8910-4c43-be38-2430d51290d4,0.9082969432314412,140
65,232,Art Tatum,"The Art Tatum Solo Masterpieces, Vol. 6",Do Nothing Till You Hear From Me,studio,"data/midi/studio/Art Tatum/The Art Tatum Solo Masterpieces, Vol. 6/Do Nothing Till You Hear From Me.midi","data/audio/studio/Art Tatum/The Art Tatum Solo Masterpieces, Vol. 6/Do Nothing Till You Hear From Me.mp3",https://www.youtube.com/watch?v=FHB5hTmGdsY,294.36,0,294,train,train,train,train,a25eab83-3209-4e97-ad4b-56932100c01d,096dda47-78c8-4f4f-a130-b673dad90198,e073f6af-d696-4340-b847-e81fabc4d55b,8d4edc53-18eb-3dbd-a561-ced1cc8fc0e5,5bd0adf4-6e41-4bd6-a6a3-b810a52d751d,0.9132266217354676,225
66,233,Oscar Peterson,Marian McPartland's Piano Jazz Radio Broadcast,Old Folks,studio,data/midi/studio/Oscar Peterson/Marian McPartland's Piano Jazz Radio Broadcast/Old Folks.midi,data/audio/studio/Oscar Peterson/Marian McPartland's Piano Jazz Radio Broadcast/Old Folks.mp3,https://www.youtube.com/watch?v=VlRRXHlcgkE,210.456,0,210,train,test,train,train,1ea55b1d-5624-4744-8898-9ec112f8a8f9,e22fdadf-72c1-481b-8398-b0dd79093b44,ed801bdd-f057-41c0-94fb-76cb5676cd59,4e90c67d-c8e0-3f80-9aa8-9d681cdb677c,a6785dc3-726a-4944-9bb8-e53fdae380d4,0.884940411700975,54
67,235,Horace Parlan,Musically Yours,Memories of you,studio,data/midi/studio/Horace Parlan/Musically Yours/Memories of you.midi,data/audio/studio/Horace Parlan/Musically Yours/Memories of you.mp3,https://www.youtube.com/watch?v=WkuxcYb1LFg,377.592,0,377,train,val,train,test,,,,,,0.9277566539923956,229
68,240,Dick Hyman,Dick Hyman Plays Variations on Richard Rodgers -  Rodgers & Hart,My Heart Stood Still,studio,data/midi/studio/Dick Hyman/Dick Hyman Plays Variations on Richard Rodgers -  Rodgers & Hart/My Heart Stood Still.midi,data/audio/studio/Dick Hyman/Dick Hyman Plays Variations on Richard Rodgers -  Rodgers & Hart/My Heart Stood Still.mp3,https://www.youtube.com/watch?v=fjeJpdV3IH8,309.096,0,309,train,val,train,train,b0734b05-b0a0-43c4-ab8d-bed1e35151cd,1ebff91a-54b7-4a2f-80e8-dc5d463a4464,dab1ad75-3ea3-4071-91c4-7a66475599d4,ab9b54ad-8f01-4e15-bef3-c8e1059a7b8e,6c06aeb6-b181-4c45-aa0c-51b01c5958aa,0.947345034436792,206
69,242,Andy Laverne,Tadd's Delight,Good Bait,studio,data/midi/studio/Andy Laverne/Tadd's Delight/Good Bait.midi,data/audio/studio/Andy Laverne/Tadd's Delight/Good Bait.mp3,https://www.youtube.com/watch?v=VD1rN8r3S_o,196.968,0,197,val,train,train,train,b27c11b6-75fd-4eca-8c4f-97c0faea2056,a8ca6fa7-b561-4799-9b2e-ceae5efa48be,e88ae791-cd20-4298-943a-66fd6d222698,ef618065-7918-4c9b-aea6-bda63a918f80,115efb03-9a85-48bd-bc9c-fc5e23bf61b8,0.9082450245541482,140
70,245,Tete Montoliu,The Music I Like To Play - Vol. 4,Sophisticated Lady,studio,data/midi/studio/Tete Montoliu/The Music I Like To Play - Vol. 4/Sophisticated Lady.midi,data/audio/studio/Tete Montoliu/The Music I Like To Play - Vol. 4/Sophisticated Lady.mp3,https://www.youtube.com/watch?v=Fht1TsqZ9Fg,432.36,0,432,train,val,train,train,,,,,,0.9632536567962896,80
71,246,Dave McKenna,Dave McKenna -  Solo,You're Lucky To Me,studio,data/midi/studio/Dave McKenna/Dave McKenna -  Solo/You're Lucky To Me.midi,data/audio/studio/Dave McKenna/Dave McKenna -  Solo/You're Lucky To Me.mp3,https://www.youtube.com/watch?v=a-yaIqadK5E,138.504,0,138,val,train,train,train,,,,,,0.7716436637390214,97
72,249,Oscar Peterson,Marian McPartland's Piano Jazz Radio Broadcast,Body And Soul,studio,data/midi/studio/Oscar Peterson/Marian McPartland's Piano Jazz Radio Broadcast/Body And Soul.midi,data/audio/studio/Oscar Peterson/Marian McPartland's Piano Jazz Radio Broadcast/Body And Soul.mp3,https://www.youtube.com/watch?v=Aqp2LyA41Ao,209.256,0,209,train,val,train,train,08d56862-0cb8-4c6f-a695-bfe325cd06a3,e22fdadf-72c1-481b-8398-b0dd79093b44,ed801bdd-f057-41c0-94fb-76cb5676cd59,3fe25bda-4844-3b79-8481-58358421f354,a3772ed0-0e3b-410e-b550-156446013c10,0.904614019520852,54
73,251,Art Tatum,"The Art Tatum Solo Masterpieces, Volume 1",My Last Affair,studio,"data/midi/studio/Art Tatum/The Art Tatum Solo Masterpieces, Volume 1/My Last Affair.midi","data/audio/studio/Art Tatum/The Art Tatum Solo Masterpieces, Volume 1/My Last Affair.mp3",https://www.youtube.com/watch?v=pyI3a6D8BM0,171.432,0,171,train,test,train,test,57b3a83a-59d9-414a-a482-0989f73fa63c,da515317-8087-48fe-89c1-532be01837e6,e073f6af-d696-4340-b847-e81fabc4d55b,8bda809e-1021-3a45-a702-9bd1e1e9961b,dfb19526-a9d3-4213-bc5d-bd5e6c972811,0.9224242424242424,242
74,255,Andy Laverne,In The Mood For A Classic,Bud's bubble,studio,data/midi/studio/Andy Laverne/In The Mood For A Classic/Bud's bubble.midi,data/audio/studio/Andy Laverne/In The Mood For A Classic/Bud's bubble.mp3,https://www.youtube.com/watch?v=c3ZLRtBXwlQ,195.696,0,195,test,test,train,train,,8454bb32-6955-466c-9086-0befed62a7b8,e88ae791-cd20-4298-943a-66fd6d222698,ef5dc3ca-62cd-4910-b7d7-d1958181f5bc,9af8aaeb-babd-44b5-b7c4-69663ebce931,0.9539040451552212,246
75,258,Art Tatum,"The Art Tatum Solo Masterpieces, Vol. 4",I Hadn't Anyone Till You,studio,"data/midi/studio/Art Tatum/The Art Tatum Solo Masterpieces, Vol. 4/I Hadn't Anyone Till You.midi","data/audio/studio/Art Tatum/The Art Tatum Solo Masterpieces, Vol. 4/I Hadn't Anyone Till You.mp3",https://www.youtube.com/watch?v=e4XJ9TvNwOQ,212.664,0,212,train,train,train,train,bf2f7183-f77d-42b9-9f29-03704ab0dc79,d5fa77dd-666e-43b0-ac4c-c47b024fa47a,e073f6af-d696-4340-b847-e81fabc4d55b,a2312dc8-97a0-342e-ba5d-77df2f2b54e3,333e3850-4dc4-48d0-9803-2a8f67b25f52,0.9128072445019404,241
76,259,Dick Hyman,Autumn in New York - Dick Hyman Plays the Music of Vernon Duke,Taking a Chance On Love,studio,data/midi/studio/Dick Hyman/Autumn in New York - Dick Hyman Plays the Music of Vernon Duke/Taking a Chance On Love.midi,data/audio/studio/Dick Hyman/Autumn in New York - Dick Hyman Plays the Music of Vernon Duke/Taking a Chance On Love.mp3,https://www.youtube.com/watch?v=BkbcmZkPzVY,129.528,0,129,train,train,train,train,,,,,,0.9270955165692008,58
77,263,Erroll Garner,Solo Time! The Erroll Garner Collection Vols. 4 & 5,I'll Get By,studio,data/midi/studio/Erroll Garner/Solo Time! The Erroll Garner Collection Vols. 4 & 5/I'll Get By.midi,data/audio/studio/Erroll Garner/Solo Time! The Erroll Garner Collection Vols. 4 & 5/I'll Get By.mp3,https://www.youtube.com/watch?v=mowot0GvRsQ,262.872,0,262,train,train,train,train,1a9da9fd-002f-40d8-803d-85afafcd74d5,b87aea54-653a-4a63-b364-8effc6f4dd4c,75bd5186-9d89-4da9-95de-fce055c28895,389f51fa-8214-3682-8187-a6e88f1f670d,2803068f-ec95-4378-8709-8678b2674e7e,0.9002155836156452,42
78,264,Abdullah Ibrahim,Solotude,Sotho Blue,studio,data/midi/studio/Abdullah Ibrahim/Solotude/Sotho Blue.midi,data/audio/studio/Abdullah Ibrahim/Solotude/Sotho Blue.mp3,https://www.youtube.com/watch?v=Ob9P-1sbcuw,200.64,0,200,train,val,train,train,002b478d-8036-488e-8aba-c7cf9cc877a2,a7f3e66d-6b62-4e27-b75c-5b45e92d39c6,fd64e185-9973-44d5-ad09-5d5562804292,b46d755e-6da8-4db2-a42a-3760e2326815,43141a3f-34b0-467c-b642-02415ca31d9e,0.9227836034318396,129
79,265,Abdullah Ibrahim,Dream Time,Dream Time,studio,data/midi/studio/Abdullah Ibrahim/Dream Time/Dream Time.midi,data/audio/studio/Abdullah Ibrahim/Dream Time/Dream Time.mp3,https://www.youtube.com/watch?v=n2k5toR5Uxo,178.152,0,178,train,train,train,train,ee7e5539-99c6-45a1-b515-d3d9b4a36c38,cd84f0d5-7f35-44da-ac2f-2bc2331d324c,fd64e185-9973-44d5-ad09-5d5562804292,ecea6e48-b2f2-45c9-9a52-4f2faf8d9280,4ceb957b-c74b-43cb-9ba7-58926cb508f5,0.9100671140939596,238
80,275,Art Tatum,"The Art Tatum Solo Masterpieces, Vol. 4",I've Got The World On A String,studio,"data/midi/studio/Art Tatum/The Art Tatum Solo Masterpieces, Vol. 4/I've Got The World On A String.midi","data/audio/studio/Art Tatum/The Art Tatum Solo Masterpieces, Vol. 4/I've Got The World On A String.mp3",https://www.youtube.com/watch?v=qle529aXqOk,236.664,0,236,train,train,train,train,c2c7fda6-e66b-49f8-8969-11d53ef58645,d5fa77dd-666e-43b0-ac4c-c47b024fa47a,e073f6af-d696-4340-b847-e81fabc4d55b,98f3a8c0-6de5-34f3-ab1b-1e67ba77bbc1,5fb426d0-5650-4802-9a98-07fd2fa7ba01,0.9291302346985734,241
81,277,Erroll Garner,Afternoon Of An Elf,Fandango,studio,data/midi/studio/Erroll Garner/Afternoon Of An Elf/Fandango.midi,data/audio/studio/Erroll Garner/Afternoon Of An Elf/Fandango.mp3,https://www.youtube.com/watch?v=TOujSsC9YaE,301.152,0,301,train,train,train,train,fb456337-caec-4c1a-8fa1-75b969b71d28,59a3fd48-96af-4486-b06a-eba0cec954c9,75bd5186-9d89-4da9-95de-fce055c28895,7456afe0-aec5-3f89-806f-c52b34f4b155,06ed653e-2fb1-4ae9-b4d5-4250e8f9cf89,0.7996335318369217,65
82,280,Abdullah Ibrahim,Dream Time,Dedication to Duke Ellington,studio,data/midi/studio/Abdullah Ibrahim/Dream Time/Dedication to Duke Ellington.midi,data/audio/studio/Abdullah Ibrahim/Dream Time/Dedication to Duke Ellington.mp3,https://www.youtube.com/watch?v=u308j2Uoil4,468.576,0,468,train,train,train,train,23e7c2a8-7a4d-40a6-821a-f9f0aae4a93b,cd84f0d5-7f35-44da-ac2f-2bc2331d324c,fd64e185-9973-44d5-ad09-5d5562804292,5f51ee97-da83-42ea-bdd0-46191637f872,c1eaf23c-abbe-49ee-bf8f-b77370a59836,0.951622418879056,238
83,282,Hank Jones,Handful Of Keys,The Jitterbug Waltz - Instrumental,studio,data/midi/studio/Hank Jones/Handful Of Keys/The Jitterbug Waltz - Instrumental.midi,data/audio/studio/Hank Jones/Handful Of Keys/The Jitterbug Waltz - Instrumental.mp3,https://www.youtube.com/watch?v=Ighi22ncst8,219.864,0,219,val,train,train,train,2cfa7a29-ecce-496d-b49f-7b25c684b370,3836130b-cdca-4ea2-93b7-b95ba5ec6896,80d610fe-7771-4226-aa9b-950944791698,d09f1119-e7c6-32c0-a957-c3ff15d4aeeb,54fac1bb-004d-47f3-8302-b9ae08f62572,0.8946823918890957,128
84,283,Cedar Walton,Underground Memoirs,Con Alma,studio,data/midi/studio/Cedar Walton/Underground Memoirs/Con Alma.midi,data/audio/studio/Cedar Walton/Underground Memoirs/Con Alma.mp3,https://www.youtube.com/watch?v=qpSUXDjs6xw,246.216,0,246,train,train,train,test,c5958180-c45d-46f5-9f98-9da4de032989,2d93a648-7830-4992-944e-c3d2317c9775,115474d3-9d44-4c96-b5d0-00891187c6e8,4c9d7b83-bd86-3999-9c59-ba53e79d645e,bd174388-fdd2-453b-af16-bdbd01b08341,0.8860406798551128,27
85,287,Abdullah Ibrahim,Dream Time,Blues for a Hip King,studio,data/midi/studio/Abdullah Ibrahim/Dream Time/Blues for a Hip King.midi,data/audio/studio/Abdullah Ibrahim/Dream Time/Blues for a Hip King.mp3,https://www.youtube.com/watch?v=1Juh493BcwI,484.968,0,485,train,train,train,train,e0f17caa-aa2a-4788-ac0f-432cfe1e209e,cd84f0d5-7f35-44da-ac2f-2bc2331d324c,fd64e185-9973-44d5-ad09-5d5562804292,e0cec558-b230-43d7-b34c-08f4551f4cfd,75891f4b-fb27-4d28-9121-ba1d9edabb31,0.9302915082382764,238
86,289,Dick Hyman,Dick Hyman Plays Variations on Richard Rodgers -  Rodgers & Hammerstein,People Will Say We're In Love,studio,data/midi/studio/Dick Hyman/Dick Hyman Plays Variations on Richard Rodgers -  Rodgers & Hammerstein/People Will Say We're In Love.midi,data/audio/studio/Dick Hyman/Dick Hyman Plays Variations on Richard Rodgers -  Rodgers & Hammerstein/People Will Say We're In Love.mp3,https://www.youtube.com/watch?v=-VWli7r7Nas,146.976,0,140,val,train,train,train,2f406b57-6735-4e06-90a0-d263cb5daead,f54bfec3-6668-4a6a-911a-a5673a205be1,dab1ad75-3ea3-4071-91c4-7a66475599d4,70485eac-9adc-4d05-ae43-33f2a84154ce,7b135626-5b4b-49f0-83b7-2b68eb58630f,0.9689629068887208,89
87,290,Horace Parlan,In Copenhagen,Two Sleepy People,studio,data/midi/studio/Horace Parlan/In Copenhagen/Two Sleepy People.midi,data/audio/studio/Horace Parlan/In Copenhagen/Two Sleepy People.mp3,https://www.youtube.com/watch?v=wL-avQzupI8,419.664,0,419,train,train,train,train,,,,,,0.9379790940766553,161
88,291,Tete Montoliu,The Music I Like To Play - Vol. 3,Well You Needn't,studio,data/midi/studio/Tete Montoliu/The Music I Like To Play - Vol. 3/Well You Needn't.midi,data/audio/studio/Tete Montoliu/The Music I Like To Play - Vol. 3/Well You Needn't.mp3,https://www.youtube.com/watch?v=HhdMXDROnmo,211.032,0,211,train,train,train,train,,,,,,0.9546612328069282,115
89,293,Dick Hyman,Broadway Songbook,Wunderbar,studio,data/midi/studio/Dick Hyman/Broadway Songbook/Wunderbar.midi,data/audio/studio/Dick Hyman/Broadway Songbook/Wunderbar.mp3,https://www.youtube.com/watch?v=YonFLe1drfg,273.264,0,263,train,train,train,train,,,,,,0.9327091866588648,8
90,297,Art Tatum,"The Art Tatum Solo Masterpieces, Vol. 3",After You've Gone,studio,"data/midi/studio/Art Tatum/The Art Tatum Solo Masterpieces, Vol. 3/After You've Gone.midi","data/audio/studio/Art Tatum/The Art Tatum Solo Masterpieces, Vol. 3/After You've Gone.mp3",https://www.youtube.com/watch?v=jg8960UfOo8,240.144,0,240,test,train,train,train,5e3081eb-bff9-438c-93e6-cfaba20a9fcf,fdca5f37-0fbb-4438-b9b8-368c75e3719f,e073f6af-d696-4340-b847-e81fabc4d55b,3202fbf5-1b2a-3939-802b-f8678da6c117,f0f9c41a-4182-4b7d-bdad-b89919fa024a,0.9029126213592232,22
91,301,Dave McKenna,Easy Street,Street Of Dreams,studio,data/midi/studio/Dave McKenna/Easy Street/Street Of Dreams.midi,data/audio/studio/Dave McKenna/Easy Street/Street Of Dreams.mp3,https://www.youtube.com/watch?v=_kMglVvLS2U,265.536,0,265,train,train,train,train,979774f4-27be-4eea-9551-20d6aa442e04,36e5a197-8351-4e22-a4e6-63f0f20862ef,a048dfa0-5ce1-40ca-bcdf-56f9d56b32ae,39e1222e-b9dd-3b47-b4de-89d68930a08a,c74f0d30-4ea7-4362-a4eb-e1503ba8e961,0.8645614035087719,243
92,302,Andy Laverne,In The Mood For A Classic,Strictly confidential,studio,data/midi/studio/Andy Laverne/In The Mood For A Classic/Strictly confidential.midi,data/audio/studio/Andy Laverne/In The Mood For A Classic/Strictly confidential.mp3,https://www.youtube.com/watch?v=AhXmhqHPuZw,222.768,0,222,train,test,train,train,1229c55e-d248-41be-89e8-da9afafe8f99,8454bb32-6955-466c-9086-0befed62a7b8,e88ae791-cd20-4298-943a-66fd6d222698,125b5619-0f98-4350-9305-1ffb6920f0d2,51005ee5-06db-4ab7-8967-e85ffa5ec7a6,0.915136476426799,246
93,305,Art Tatum,"The Art Tatum Solo Masterpieces, Vol. 6",Happy Feet,studio,"data/midi/studio/Art Tatum/The Art Tatum Solo Masterpieces, Vol. 6/Happy Feet.midi","data/audio/studio/Art Tatum/The Art Tatum Solo Masterpieces, Vol. 6/Happy Feet.mp3",https://www.youtube.com/watch?v=g-0BugSiUDc,156.072,0,156,train,train,train,train,61867801-2b84-49fe-b0b2-367591f2ffd1,096dda47-78c8-4f4f-a130-b673dad90198,e073f6af-d696-4340-b847-e81fabc4d55b,50bb2bde-d84e-3943-86de-52cbda26e452,0ed5da7d-355d-4d2c-86a5-cc7443d1a704,0.9187471629596006,225
94,306,Dick Hyman,Dick Hyman Plays Duke Ellington,I Let a Song Go Out of My Heart,studio,data/midi/studio/Dick Hyman/Dick Hyman Plays Duke Ellington/I Let a Song Go Out of My Heart.midi,data/audio/studio/Dick Hyman/Dick Hyman Plays Duke Ellington/I Let a Song Go Out of My Heart.mp3,https://www.youtube.com/watch?v=lySNwtz8exg,264.624,0,264,test,train,train,train,5f379aff-00a2-4bdb-8486-c0e7900e97fe,73223907-8faf-4ad2-b7a7-a80932b9b57d,dab1ad75-3ea3-4071-91c4-7a66475599d4,e79a3c3b-1613-3d46-8e87-99100a45d491,c5a8655a-66c8-4e8b-93e1-c8a16e02c74d,0.9274843330349152,112
95,310,Abdullah Ibrahim,The Song Is My Story,Eclipse At Dawn,studio,data/midi/studio/Abdullah Ibrahim/The Song Is My Story/Eclipse At Dawn.midi,data/audio/studio/Abdullah Ibrahim/The Song Is My Story/Eclipse At Dawn.mp3,https://www.youtube.com/watch?v=qzJQLoHIr_4,121.872,0,121,train,train,val,test,309456f9-1e20-4aa4-8b26-771ad4db7b84,8dd2d9b6-5354-468c-8b0b-dbd0ff5a1090,fd64e185-9973-44d5-ad09-5d5562804292,b67a4e2e-a260-4877-86ed-6d41c6c387c6,c20cf2ed-829a-4287-9ce7-7061392326f3,0.9281641961231472,109
96,314,Erroll Garner,Solitaire,That Old Feeling,studio,data/midi/studio/Erroll Garner/Solitaire/That Old Feeling.midi,data/audio/studio/Erroll Garner/Solitaire/That Old Feeling.mp3,https://www.youtube.com/watch?v=X-UXZKb0B_s,321.768,0,321,train,test,train,test,860065e7-9bcf-4ad7-9749-627b1588f5dd,47f3e158-f341-43b6-b202-3ec636137c75,75bd5186-9d89-4da9-95de-fce055c28895,dbea2b35-7571-3357-99ed-a6ffa949b703,77a6b159-eba2-4b26-9798-0e8092e26ceb,0.7862326808884978,47
97,315,Art Tatum,"The Art Tatum Solo Masterpieces, Vol. 2",I'll See You In My Dreams,studio,"data/midi/studio/Art Tatum/The Art Tatum Solo Masterpieces, Vol. 2/I'll See You In My Dreams.midi","data/audio/studio/Art Tatum/The Art Tatum Solo Masterpieces, Vol. 2/I'll See You In My Dreams.mp3",https://www.youtube.com/watch?v=QnbwPxyn-Yg,196.704,0,196,train,train,train,train,d450b796-41ee-4547-be9f-793162a1b4b7,f667da54-eba6-4d21-84ed-d7a703c51eee,e073f6af-d696-4340-b847-e81fabc4d55b,5c9e58ea-460a-32eb-a891-5c71a36aa69f,788349e3-492b-45c4-bf25-536f21936e68,0.8987318507627274,218
98,321,Dick Hyman,Dick Hyman Plays Duke Ellington,Clothed Woman,studio,data/midi/studio/Dick Hyman/Dick Hyman Plays Duke Ellington/Clothed Woman.midi,data/audio/studio/Dick Hyman/Dick Hyman Plays Duke Ellington/Clothed Woman.mp3,https://www.youtube.com/watch?v=_VXT1HSf_m0,191.616,0,191,train,train,train,train,7f1911a9-1310-41bb-b58a-ca6987f3accb,73223907-8faf-4ad2-b7a7-a80932b9b57d,dab1ad75-3ea3-4071-91c4-7a66475599d4,f2e583eb-8437-3251-86b1-e0812389272a,761caa8e-d661-4c80-9e11-36734747caf6,0.913265306122449,112
99,327,Abdullah Ibrahim,Solotude,Blue Bolero (First Reprise),studio,data/midi/studio/Abdullah Ibrahim/Solotude/Blue Bolero (First Reprise).midi,data/audio/studio/Abdullah Ibrahim/Solotude/Blue Bolero (First Reprise).mp3,https://www.youtube.com/watch?v=nT-iM8qW0Qw,38.904,0,38,train,val,train,train,420e30b1-8164-4fc9-808d-fc124acb81de,a7f3e66d-6b62-4e27-b75c-5b45e92d39c6,fd64e185-9973-44d5-ad09-5d5562804292,6dd45e9a-e199-4c36-a722-2db71a504571,74946ec9-4e75-472f-8a0f-31f86b1779e8,0.946236559139785,129
100,333,Tete Montoliu,The Music I Like To Play - Vol.1,Little B's Poem,studio,data/midi/studio/Tete Montoliu/The Music I Like To Play - Vol.1/Little B's Poem.midi,data/audio/studio/Tete Montoliu/The Music I Like To Play - Vol.1/Little B's Poem.mp3,https://www.youtube.com/watch?v=_LzHK0ZuTT0,366.024,0,366,train,train,train,train,,,,,,0.9546502690238278,100
101,335,Erroll Garner,Solo Time! The Erroll Garner Collection Vols. 4 & 5,Thanks For The Memory,studio,data/midi/studio/Erroll Garner/Solo Time! The Erroll Garner Collection Vols. 4 & 5/Thanks For The Memory.midi,data/audio/studio/Erroll Garner/Solo Time! The Erroll Garner Collection Vols. 4 & 5/Thanks For The Memory.mp3,https://www.youtube.com/watch?v=g3jHethaFoo,245.544,0,245,train,train,train,train,8df0f96a-8959-44cf-9cb1-bcfadb86e20e,b87aea54-653a-4a63-b364-8effc6f4dd4c,75bd5186-9d89-4da9-95de-fce055c28895,2867ee7b-5bab-3e77-aa61-124bb89d958f,a7e93a52-8a5b-4b2f-91c6-39389778cce5,0.916532618409294,42
102,340,Dick Hyman,Dick Hyman Plays Variations on Richard Rodgers -  Rodgers & Hart,Lover,studio,data/midi/studio/Dick Hyman/Dick Hyman Plays Variations on Richard Rodgers -  Rodgers & Hart/Lover.midi,data/audio/studio/Dick Hyman/Dick Hyman Plays Variations on Richard Rodgers -  Rodgers & Hart/Lover.mp3,https://www.youtube.com/watch?v=b8iFRuKuwnc,225.744,0,225,test,val,train,train,76447e2e-beb3-4671-a9e7-fc240c3a96b9,1ebff91a-54b7-4a2f-80e8-dc5d463a4464,dab1ad75-3ea3-4071-91c4-7a66475599d4,75804d65-d64a-4616-beea-4680a45f9552,7d5db1ec-4c1b-4e28-a7a8-0c5be6096092,0.944995864350703,206
103,342,Dick Hyman,Dick Hyman Plays Duke Ellington,Drop Me Off in Harlem,studio,data/midi/studio/Dick Hyman/Dick Hyman Plays Duke Ellington/Drop Me Off in Harlem.midi,data/audio/studio/Dick Hyman/Dick Hyman Plays Duke Ellington/Drop Me Off in Harlem.mp3,https://www.youtube.com/watch?v=534_-2xy_8g,253.872,0,253,train,train,train,train,32bb0463-e2e8-4b60-887a-24604d253969,73223907-8faf-4ad2-b7a7-a80932b9b57d,dab1ad75-3ea3-4071-91c4-7a66475599d4,b9550635-8d94-37c1-87ef-608c422090c2,3a8c8af7-25dd-4d5b-8a04-7b3ba263516d,0.9303067919843944,112
104,343,George Cables,"You Don't Know Me, Vol. 2",Looking for the Light,studio,"data/midi/studio/George Cables/You Don't Know Me, Vol. 2/Looking for the Light.midi","data/audio/studio/George Cables/You Don't Know Me, Vol. 2/Looking for the Light.mp3",https://www.youtube.com/watch?v=eqywyW2qjZA,440.832,0,440,train,train,train,val,b5e2d604-c696-4a43-91b5-29ea71f5e7b3,59870feb-0aa5-42e6-adff-1e29e8ad3121,7d3aa1dd-5e8b-47f3-a65b-41d78c725ce3,7bb3dfb8-68a1-4bef-8009-57980937fc0d,3dc63950-44b8-4cec-a65b-a4c033ecef09,0.9352632416096708,36
105,344,Dick Hyman,Blues in the Night -  Dick Hyman Plays Harold Arlen,Over the Rainbow,studio,data/midi/studio/Dick Hyman/Blues in the Night -  Dick Hyman Plays Harold Arlen/Over the Rainbow.midi,data/audio/studio/Dick Hyman/Blues in the Night -  Dick Hyman Plays Harold Arlen/Over the Rainbow.mp3,https://www.youtube.com/watch?v=A449di78sE0,293.352,0,290,train,train,train,train,227a1497-c0b0-46fa-987d-c1787fc16f81,1e99b0c5-8cac-4a0f-9eda-641aac071aee,dab1ad75-3ea3-4071-91c4-7a66475599d4,6222742f-bb62-3ebc-88bd-a48af8953639,8028f190-7ad6-4344-b533-9ba677f37c4e,0.9535376903797956,185
106,345,Art Tatum,"The Art Tatum Solo Masterpieces, Vol. 6",I'm Comin' Virginia,studio,"data/midi/studio/Art Tatum/The Art Tatum Solo Masterpieces, Vol. 6/I'm Comin' Virginia.midi","data/audio/studio/Art Tatum/The Art Tatum Solo Masterpieces, Vol. 6/I'm Comin' Virginia.mp3",https://www.youtube.com/watch?v=0zpnvd4ayy0,214.272,0,214,train,train,train,train,84e103b7-af47-4de5-865e-c1a6702b4795,096dda47-78c8-4f4f-a130-b673dad90198,e073f6af-d696-4340-b847-e81fabc4d55b,95fc3034-667e-3a8c-9dd3-65508908ba06,a256a099-4311-43f8-9cac-49a319335fc3,0.8979177247333671,225
107,355,Abdullah Ibrahim,Dream Time,Whoza Mtwana,studio,data/midi/studio/Abdullah Ibrahim/Dream Time/Whoza Mtwana.midi,data/audio/studio/Abdullah Ibrahim/Dream Time/Whoza Mtwana.mp3,https://www.youtube.com/watch?v=WFG_tHh28qs,144.96,0,145,train,train,train,train,72b88728-fafa-4829-a9ee-7fd512e6f0dc,cd84f0d5-7f35-44da-ac2f-2bc2331d324c,fd64e185-9973-44d5-ad09-5d5562804292,f63470ac-e986-479a-b7b1-cdc06c8593f5,bee9c9af-a172-4f36-81d1-f2739af4975b,0.9630746043707612,238
108,356,Dave McKenna,Easy Street,Theodore The Thumper,studio,data/midi/studio/Dave McKenna/Easy Street/Theodore The Thumper.midi,data/audio/studio/Dave McKenna/Easy Street/Theodore The Thumper.mp3,https://www.youtube.com/watch?v=kXJhum4wAzs,223.584,0,223,val,train,train,train,ac2a6f82-1ec7-4dd0-88dd-c6f720cb2800,36e5a197-8351-4e22-a4e6-63f0f20862ef,a048dfa0-5ce1-40ca-bcdf-56f9d56b32ae,9997e883-e7e0-3ec5-b78a-f871e1c086c1,71c8bd04-55df-48a2-8909-bdd1ed24e596,0.9147320459969625,243
109,358,Art Tatum,"The Art Tatum Solo Masterpieces, Vol. 7",So Beats My Heart For You,studio,"data/midi/studio/Art Tatum/The Art Tatum Solo Masterpieces, Vol. 7/So Beats My Heart For You.midi","data/audio/studio/Art Tatum/The Art Tatum Solo Masterpieces, Vol. 7/So Beats My Heart For You.mp3",https://www.youtube.com/watch?v=HahYPDl9fzM,317.16,0,317,train,train,test,train,,0bf8a7ae-c35a-4e44-9dcb-d758eef9cd4f,e073f6af-d696-4340-b847-e81fabc4d55b,296c0875-ec7e-3599-93e9-1054bfe6c9dc,3b3df176-f2c7-4c93-b849-9ec5008025b3,0.8911341966699872,56
110,362,Horace Parlan,In Copenhagen,Déjà Vu,studio,data/midi/studio/Horace Parlan/In Copenhagen/Déjà Vu.midi,data/audio/studio/Horace Parlan/In Copenhagen/Déjà Vu.mp3,https://www.youtube.com/watch?v=q5xcqzjJXCQ,327.864,0,327,test,train,train,train,,,,,,0.9373855730501648,161
111,367,Dave McKenna,Dave McKenna -  Solo,Chiaroscuro Blues,studio,data/midi/studio/Dave McKenna/Dave McKenna -  Solo/Chiaroscuro Blues.midi,data/audio/studio/Dave McKenna/Dave McKenna -  Solo/Chiaroscuro Blues.mp3,https://www.youtube.com/watch?v=EOMz070y9ew,207.36,0,207,train,train,train,train,,,,,,0.7837039952765205,97
112,377,Erroll Garner,Solitaire,Solitaire,studio,data/midi/studio/Erroll Garner/Solitaire/Solitaire.midi,data/audio/studio/Erroll Garner/Solitaire/Solitaire.mp3,https://www.youtube.com/watch?v=hR_6FVpCuII,391.32,0,391,train,val,train,test,c6fc12fb-6eda-4f92-96ba-289350d279d8,47f3e158-f341-43b6-b202-3ec636137c75,75bd5186-9d89-4da9-95de-fce055c28895,58957074-5053-31ff-b496-0c231fa57193,c61d861d-481d-4e1a-ac9c-a3d87128b364,0.7909302325581394,47
113,398,Cedar Walton,Blues For Myself (Piano Solo),Little Darlin',studio,data/midi/studio/Cedar Walton/Blues For Myself (Piano Solo)/Little Darlin'.midi,data/audio/studio/Cedar Walton/Blues For Myself (Piano Solo)/Little Darlin'.mp3,https://www.youtube.com/watch?v=_KDp5AxRUOs,325.032,0,325,train,test,val,train,3accaeb9-717c-430b-98b8-a6e223f5a80e,c53ef91a-5bde-40ae-af2d-ee84d0374f72,115474d3-9d44-4c96-b5d0-00891187c6e8,9434c685-f821-4f47-985a-acf940d773f4,993784b2-dfcb-4ea8-8de6-5d3e7fb03c36,0.9189774696707106,164
114,402,Tete Montoliu,Solo Piano,Cigales Al Ven,studio,data/midi/studio/Tete Montoliu/Solo Piano/Cigales Al Ven.midi,data/audio/studio/Tete Montoliu/Solo Piano/Cigales Al Ven.mp3,https://www.youtube.com/watch?v=2h8tZlpQqzw,303.192,0,303,train,train,val,test,,,,,,0.9399937166195412,7
115,404,Dick Hyman,In Recital (Live),Very Warm for May -  All The Things You Are,studio,data/midi/studio/Dick Hyman/In Recital (Live)/Very Warm for May -  All The Things You Are.midi,data/audio/studio/Dick Hyman/In Recital (Live)/Very Warm for May -  All The Things You Are.mp3,https://www.youtube.com/watch?v=SYxyWTBuVWI,523.608,0,523,train,train,train,train,bd56629e-20ee-451e-9b8e-ec04584d4478,2dbc2fd1-36b0-4bac-ab40-d45d8c54dafa,dab1ad75-3ea3-4071-91c4-7a66475599d4,81ed8b92-7c21-3515-9a66-7dc571c72f78,2f40e4e7-4c15-488d-a613-d2434ed399d9,0.9352665829432584,240
116,411,Dick Hyman,Dick Hyman Plays Duke Ellington,All Too Soon,studio,data/midi/studio/Dick Hyman/Dick Hyman Plays Duke Ellington/All Too Soon.midi,data/audio/studio/Dick Hyman/Dick Hyman Plays Duke Ellington/All Too Soon.mp3,https://www.youtube.com/watch?v=IrnpX9fXm9U,236.736,0,236,test,train,train,train,4fae2e76-656b-408d-8e6a-24002e307868,73223907-8faf-4ad2-b7a7-a80932b9b57d,dab1ad75-3ea3-4071-91c4-7a66475599d4,1a180d38-d4c0-33c8-899d-2a86c4fb4034,d8f4270b-f768-44ec-9afb-3d4291b77122,0.9260127217944426,112
117,413,Dave McKenna,This Is New -  Teddi King Sings Ira Gershwin,"For You, For Me, For Evermore (Dave McKenna Piano Solo)",studio,"data/midi/studio/Dave McKenna/This Is New -  Teddi King Sings Ira Gershwin/For You, For Me, For Evermore (Dave McKenna Piano Solo).midi","data/audio/studio/Dave McKenna/This Is New -  Teddi King Sings Ira Gershwin/For You, For Me, For Evermore (Dave McKenna Piano Solo).mp3",https://www.youtube.com/watch?v=EIkEBJaeyw0,200.232,0,200,train,train,train,train,,,,,,0.8625620075868106,101
118,414,Tete Montoliu,The Music I Like To Play - Vol.1,I'll Remember April,studio,data/midi/studio/Tete Montoliu/The Music I Like To Play - Vol.1/I'll Remember April.midi,data/audio/studio/Tete Montoliu/The Music I Like To Play - Vol.1/I'll Remember April.mp3,https://www.youtube.com/watch?v=Vu0LAIcWtK8,275.04,0,275,train,train,train,train,,,,,,0.9555208739758096,100
119,415,Tete Montoliu,The Music I Like To Play - Vol.2,A Child Is Born,studio,data/midi/studio/Tete Montoliu/The Music I Like To Play - Vol.2/A Child Is Born.midi,data/audio/studio/Tete Montoliu/The Music I Like To Play - Vol.2/A Child Is Born.mp3,https://www.youtube.com/watch?v=14LsWxMZ6ss,124.032,0,124,train,train,train,train,,,,,,0.9672131147540984,235
120,416,Abdullah Ibrahim,Senzo,For Coltrane,studio,data/midi/studio/Abdullah Ibrahim/Senzo/For Coltrane.midi,data/audio/studio/Abdullah Ibrahim/Senzo/For Coltrane.mp3,https://www.youtube.com/watch?v=ouEHOa9qMx8,306.936,0,307,train,train,train,train,,,,,,0.8255287009063444,81
121,418,Dave McKenna,Dave McKenna -  Solo,Sweet Georgia Brown,studio,data/midi/studio/Dave McKenna/Dave McKenna -  Solo/Sweet Georgia Brown.midi,data/audio/studio/Dave McKenna/Dave McKenna -  Solo/Sweet Georgia Brown.mp3,https://www.youtube.com/watch?v=Z10Ug50kkJ0,236.4,0,236,val,train,train,train,,,,,,0.7889102388141642,97
122,419,Art Tatum,"The Art Tatum Solo Masterpieces, Vol. 2",Please Be Kind,studio,"data/midi/studio/Art Tatum/The Art Tatum Solo Masterpieces, Vol. 2/Please Be Kind.midi","data/audio/studio/Art Tatum/The Art Tatum Solo Masterpieces, Vol. 2/Please Be Kind.mp3",https://www.youtube.com/watch?v=Gyu7JAy9jKc,307.08,0,307,train,train,train,train,2350a1b0-90e5-409b-9e48-6ddd90f65951,f667da54-eba6-4d21-84ed-d7a703c51eee,e073f6af-d696-4340-b847-e81fabc4d55b,e578277c-932b-38a6-b48e-aed3d1a0022b,8eeeeb4b-a62f-4b9b-863c-cc351536a838,0.8902127659574469,218
123,420,Erroll Garner,Solo Time! The Erroll Garner Collection Vols. 4 & 5,I Want To Be Loved,studio,data/midi/studio/Erroll Garner/Solo Time! The Erroll Garner Collection Vols. 4 & 5/I Want To Be Loved.midi,data/audio/studio/Erroll Garner/Solo Time! The Erroll Garner Collection Vols. 4 & 5/I Want To Be Loved.mp3,https://www.youtube.com/watch?v=tsYdG4RyOyQ,255.912,0,255,train,train,train,train,92725642-f840-4d72-922d-95fe0eb90c6f,b87aea54-653a-4a63-b364-8effc6f4dd4c,75bd5186-9d89-4da9-95de-fce055c28895,f535b0cf-29bf-371c-999e-bdafd33f730a,d68250a2-f8de-45f2-883d-c3b509ab7b91,0.9303968418865572,42
124,423,Tete Montoliu,The Music I Like To Play - Vol.1,Alone Together,studio,data/midi/studio/Tete Montoliu/The Music I Like To Play - Vol.1/Alone Together.midi,data/audio/studio/Tete Montoliu/The Music I Like To Play - Vol.1/Alone Together.mp3,https://www.youtube.com/watch?v=lGVdts4SJIY,281.04,0,281,val,train,train,train,,,,,,0.9477086898649932,100
125,425,Art Tatum,"The Art Tatum Solo Masterpieces, Volume 1",I'm In The Mood For Love,studio,"data/midi/studio/Art Tatum/The Art Tatum Solo Masterpieces, Volume 1/I'm In The Mood For Love.midi","data/audio/studio/Art Tatum/The Art Tatum Solo Masterpieces, Volume 1/I'm In The Mood For Love.mp3",https://www.youtube.com/watch?v=zQYIf5gvZYI,266.4,0,266,train,val,train,test,26cff595-b216-4611-baa6-0fda69161f30,da515317-8087-48fe-89c1-532be01837e6,e073f6af-d696-4340-b847-e81fabc4d55b,eb977da6-88ff-39f9-b1d4-4498facef8e9,b6adfb38-951b-4d20-8aa9-d5c407056b1c,0.9121844127332602,242
126,427,George Cables,"You Don't Know Me, Vol. 2",Señorita De Aranjuez,studio,"data/midi/studio/George Cables/You Don't Know Me, Vol. 2/Señorita De Aranjuez.midi","data/audio/studio/George Cables/You Don't Know Me, Vol. 2/Señorita De Aranjuez.mp3",https://www.youtube.com/watch?v=xDRdxDBTymU,464.376,0,464,val,train,train,val,ba518839-dbfd-4473-b356-faf41e34b917,59870feb-0aa5-42e6-adff-1e29e8ad3121,7d3aa1dd-5e8b-47f3-a65b-41d78c725ce3,8ad163e2-fc9b-43df-a484-59a75b3ae142,891c10b3-f7ac-46fb-82bd-7031ceb31034,0.9120987654320988,36
127,428,Art Tatum,The Complete Capitol Recordings (Vol. One),I Cover The Waterfront,studio,data/midi/studio/Art Tatum/The Complete Capitol Recordings (Vol. One)/I Cover The Waterfront.midi,data/audio/studio/Art Tatum/The Complete Capitol Recordings (Vol. One)/I Cover The Waterfront.mp3,https://www.youtube.com/watch?v=W4bmYq0M1I8,152.304,0,152,train,train,train,train,a029276a-3b53-4ff5-91b4-a6fc2dcaf47f,ef3e0d7b-de4a-41c9-97e9-f7b960daa2c3,e073f6af-d696-4340-b847-e81fabc4d55b,6042782d-d2df-3ef9-93f5-f8b5fea81d60,8c4c9a06-48ff-4945-880f-55f7a1a6353a,0.9167955459325704,211
128,429,Art Tatum,"The Art Tatum Solo Masterpieces, Vol. 3",If You Hadn't Gone Away,studio,"data/midi/studio/Art Tatum/The Art Tatum Solo Masterpieces, Vol. 3/If You Hadn't Gone Away.midi","data/audio/studio/Art Tatum/The Art Tatum Solo Masterpieces, Vol. 3/If You Hadn't Gone Away.mp3",https://www.youtube.com/watch?v=UsY5hDSEC1c,244.584,0,244,train,train,train,train,,,,,,0.8992750858450973,22
129,431,Art Tatum,"The Art Tatum Solo Masterpieces, Volume 1",Everything I Have Is Yours,studio,"data/midi/studio/Art Tatum/The Art Tatum Solo Masterpieces, Volume 1/Everything I Have Is Yours.midi","data/audio/studio/Art Tatum/The Art Tatum Solo Masterpieces, Volume 1/Everything I Have Is Yours.mp3",https://www.youtube.com/watch?v=yGVJTdH3bkU,344.712,0,344,train,val,train,test,,da515317-8087-48fe-89c1-532be01837e6,e073f6af-d696-4340-b847-e81fabc4d55b,9713b145-2e1d-39f6-adc0-e7c2433d562e,a40f3842-f895-43d5-b80a-4666d1d7b271,0.8910787018788596,242
130,432,Dick Hyman,Broadway Songbook,Easter Parade,studio,data/midi/studio/Dick Hyman/Broadway Songbook/Easter Parade.midi,data/audio/studio/Dick Hyman/Broadway Songbook/Easter Parade.mp3,https://www.youtube.com/watch?v=vdjUz3esU-I,176.808,0,176,train,train,train,train,9f528ea7-1c5e-4e38-ab14-0679a0c947d8,dd297a92-49a0-4de8-954b-73a01e8ee878,dab1ad75-3ea3-4071-91c4-7a66475599d4,903dce6d-5d0c-330c-9eae-a975a908f538,59bc043c-6aca-47d0-9a32-398363c905d8,0.9347826086956522,8
131,435,Dick Hyman,In Recital (Live),Lost in the Stars,studio,data/midi/studio/Dick Hyman/In Recital (Live)/Lost in the Stars.midi,data/audio/studio/Dick Hyman/In Recital (Live)/Lost in the Stars.mp3,https://www.youtube.com/watch?v=4kw2kJ98oiY,358.872,0,358,train,train,train,train,c4114bd1-c084-489e-8c0e-856463dbe077,2dbc2fd1-36b0-4bac-ab40-d45d8c54dafa,dab1ad75-3ea3-4071-91c4-7a66475599d4,a8d36f50-1e39-33c0-942b-bb63c2bc1a4a,51e4db9b-2768-436d-b666-d1c40465c60e,0.927852708199529,240
132,440,Hank Jones,SOLO 1976 A Tribute to Duke Ellington,The Very Thought Of You,studio,data/midi/studio/Hank Jones/SOLO 1976 A Tribute to Duke Ellington/The Very Thought Of You.midi,data/audio/studio/Hank Jones/SOLO 1976 A Tribute to Duke Ellington/The Very Thought Of You.mp3,https://www.youtube.com/watch?v=H3iEPjPobDc,218.496,0,218,val,test,train,val,9a988de9-8c41-4c98-bc3f-84cffac2c54a,55b7f2e2-d0b8-41a0-a66f-9e1b2540a951,80d610fe-7771-4226-aa9b-950944791698,345cb824-10b5-3868-a0f2-317d8540bc43,a1652d34-ba6b-4933-96d3-e9a228509348,0.866698982064954,174
133,441,Art Tatum,"The Art Tatum Solo Masterpieces, Vol. 2",Tea For Two,studio,"data/midi/studio/Art Tatum/The Art Tatum Solo Masterpieces, Vol. 2/Tea For Two.midi","data/audio/studio/Art Tatum/The Art Tatum Solo Masterpieces, Vol. 2/Tea For Two.mp3",https://www.youtube.com/watch?v=w9L0vSUDUDc,214.008,0,214,train,train,train,train,,,,,,0.914069226795247,218
134,443,Andy Laverne,Tadd's Delight,If You Could See Me Now,studio,data/midi/studio/Andy Laverne/Tadd's Delight/If You Could See Me Now.midi,data/audio/studio/Andy Laverne/Tadd's Delight/If You Could See Me Now.mp3,https://www.youtube.com/watch?v=0lUR1oAKeQ8,364.416,0,364,train,train,train,train,8077b088-bf6f-4935-a649-ba1bfdc5538e,a8ca6fa7-b561-4799-9b2e-ceae5efa48be,e88ae791-cd20-4298-943a-66fd6d222698,4d092940-8025-46f8-9a5f-6f340f802dc2,0e0fbfe5-7fd0-4518-a2cb-124d4dfc2918,0.9164239300918664,140
135,451,Dick Hyman,In Recital (Live),Shenandoah,studio,data/midi/studio/Dick Hyman/In Recital (Live)/Shenandoah.midi,data/audio/studio/Dick Hyman/In Recital (Live)/Shenandoah.mp3,https://www.youtube.com/watch?v=mb_TZm8bmMQ,277.872,0,277,train,train,train,train,be46e3c2-9be7-45bf-83b3-8839ff7ba135,2dbc2fd1-36b0-4bac-ab40-d45d8c54dafa,dab1ad75-3ea3-4071-91c4-7a66475599d4,7be99932-2a79-33d9-9889-5f0c3910defa,547f78c2-764b-4022-b0d6-cc11cdc8de1e,0.9040318001135718,240
136,453,Tete Montoliu,The Music I Like To Play - Vol.2,Oleo,studio,data/midi/studio/Tete Montoliu/The Music I Like To Play - Vol.2/Oleo.midi,data/audio/studio/Tete Montoliu/The Music I Like To Play - Vol.2/Oleo.mp3,https://www.youtube.com/watch?v=xnisMBBlwOM,204.024,0,204,train,train,train,train,,,,,,0.9507275976512636,235
137,455,Hank Jones,SOLO 1976 A Tribute to Duke Ellington,What Am I Here For,studio,data/midi/studio/Hank Jones/SOLO 1976 A Tribute to Duke Ellington/What Am I Here For.midi,data/audio/studio/Hank Jones/SOLO 1976 A Tribute to Duke Ellington/What Am I Here For.mp3,https://www.youtube.com/watch?v=fwh4YCjGoOM,222.312,0,222,train,test,train,val,2f88c642-a6fe-4b97-b9e7-c9ea31f0c426,55b7f2e2-d0b8-41a0-a66f-9e1b2540a951,80d610fe-7771-4226-aa9b-950944791698,7ed7180d-0477-3dbe-a827-c767ec191e7a,4dfea720-cfb5-4dab-aa5b-c821ff425a67,0.8940316686967114,174
138,456,Art Tatum,"The Art Tatum Solo Masterpieces, Vol. 5",The Moon Is Low,studio,"data/midi/studio/Art Tatum/The Art Tatum Solo Masterpieces, Vol. 5/The Moon Is Low.midi","data/audio/studio/Art Tatum/The Art Tatum Solo Masterpieces, Vol. 5/The Moon Is Low.mp3",https://www.youtube.com/watch?v=IjcYKMhcx7g,251.976,0,252,train,train,train,train,b414bad0-aef9-49a5-ab9e-1ec02a2f511d,6c658e23-5d2c-43a2-b311-43309caf18f7,e073f6af-d696-4340-b847-e81fabc4d55b,05564328-7955-3b6b-b530-d405ddc67f87,893ad57d-734e-4691-9f69-710769e5a3fe,0.9159967845659164,210
139,458,Dick Hyman,Dick Hyman Plays Duke Ellington,Echoes of Harlem,studio,data/midi/studio/Dick Hyman/Dick Hyman Plays Duke Ellington/Echoes of Harlem.midi,data/audio/studio/Dick Hyman/Dick Hyman Plays Duke Ellington/Echoes of Harlem.mp3,https://www.youtube.com/watch?v=mlHfCagur6k,288.72,0,288,train,train,train,train,7b937724-4472-499d-8d46-12a96bfedc6f,73223907-8faf-4ad2-b7a7-a80932b9b57d,dab1ad75-3ea3-4071-91c4-7a66475599d4,b3934557-47a1-38e6-97e8-7d988ebb48f6,595f781e-5c87-402a-bcae-0bda77d0789b,0.9243972210870454,112
140,461,Horace Parlan,In Copenhagen,Deep River,studio,data/midi/studio/Horace Parlan/In Copenhagen/Deep River.midi,data/audio/studio/Horace Parlan/In Copenhagen/Deep River.mp3,https://www.youtube.com/watch?v=XvhlnQ7pbdY,387.312,0,387,test,train,train,train,,,,,,0.942087542087542,161
141,462,Dave McKenna,Easy Street,Now That You're Gone,studio,data/midi/studio/Dave McKenna/Easy Street/Now That You're Gone.midi,data/audio/studio/Dave McKenna/Easy Street/Now That You're Gone.mp3,https://www.youtube.com/watch?v=7W03pRElehE,233.448,0,233,test,train,train,train,bfb43aae-8cf4-4282-b8c1-60c6c4d19d23,36e5a197-8351-4e22-a4e6-63f0f20862ef,a048dfa0-5ce1-40ca-bcdf-56f9d56b32ae,31b25f41-67b8-3dde-a34e-2f2c27ecb7c4,f79ba03a-f38f-4aef-818d-c00693e57b79,0.8510826336721167,243
142,463,Erroll Garner,Afternoon Of An Elf,A Smooth One,studio,data/midi/studio/Erroll Garner/Afternoon Of An Elf/A Smooth One.midi,data/audio/studio/Erroll Garner/Afternoon Of An Elf/A Smooth One.mp3,https://www.youtube.com/watch?v=-o86qjZC9oQ,264.216,0,264,train,train,train,train,705e254a-d207-425f-9fdb-30c7dcbf1233,59a3fd48-96af-4486-b06a-eba0cec954c9,75bd5186-9d89-4da9-95de-fce055c28895,6036e9b0-bb7c-3316-add1-6211d6dc7c7e,23eb6562-37c3-4cdd-90b1-c7f90789bb31,0.8490421455938697,65
143,465,Dick Hyman,Dick Hyman Plays Variations on Richard Rodgers -  Rodgers & Hammerstein,March Of The Siamese Children,studio,data/midi/studio/Dick Hyman/Dick Hyman Plays Variations on Richard Rodgers -  Rodgers & Hammerstein/March Of The Siamese Children.midi,data/audio/studio/Dick Hyman/Dick Hyman Plays Variations on Richard Rodgers -  Rodgers & Hammerstein/March Of The Siamese Children.mp3,https://www.youtube.com/watch?v=eT8gV_IUJg4,290.712,0,290,train,train,train,train,,,,,,0.9349566377585056,89
144,475,Art Tatum,"The Art Tatum Solo Masterpieces, Vol. 6",Cherokee,studio,"data/midi/studio/Art Tatum/The Art Tatum Solo Masterpieces, Vol. 6/Cherokee.midi","data/audio/studio/Art Tatum/The Art Tatum Solo Masterpieces, Vol. 6/Cherokee.mp3",https://www.youtube.com/watch?v=HZ6dTQIk8_o,218.496,0,218,train,train,train,train,a59fef27-0e45-4d4a-88e2-70247c029d4b,096dda47-78c8-4f4f-a130-b673dad90198,e073f6af-d696-4340-b847-e81fabc4d55b,1694c23f-474d-36a7-82b2-1f476750f595,dd0ab7fb-ae1c-4144-bad9-758e35f0e908,0.9007117437722421,225
145,479,Horace Parlan,In Copenhagen,A time For Love,studio,data/midi/studio/Horace Parlan/In Copenhagen/A time For Love.midi,data/audio/studio/Horace Parlan/In Copenhagen/A time For Love.mp3,https://www.youtube.com/watch?v=KzvNHhSBL8c,415.824,0,415,train,train,train,train,,,,,,0.9341386252516538,161
146,480,Dick Hyman,Broadway Songbook,Soft Lights And Sweet Music,studio,data/midi/studio/Dick Hyman/Broadway Songbook/Soft Lights And Sweet Music.midi,data/audio/studio/Dick Hyman/Broadway Songbook/Soft Lights And Sweet Music.mp3,https://www.youtube.com/watch?v=B90Ncyq2Yho,212.256,0,212,train,train,train,train,47ebd179-38fb-4438-95c1-dc3d4609ce3d,dd297a92-49a0-4de8-954b-73a01e8ee878,dab1ad75-3ea3-4071-91c4-7a66475599d4,50521b40-7792-39dd-9e3e-1685728f0f4b,d0b1b959-3eaa-47c0-a8bc-3bca714c5584,0.8886018727801098,8
147,481,Dick Hyman,Dick Hyman Plays Variations on Richard Rodgers -  Rodgers & Hart,Thou Swell,studio,data/midi/studio/Dick Hyman/Dick Hyman Plays Variations on Richard Rodgers -  Rodgers & Hart/Thou Swell.midi,data/audio/studio/Dick Hyman/Dick Hyman Plays Variations on Richard Rodgers -  Rodgers & Hart/Thou Swell.mp3,https://www.youtube.com/watch?v=cUJbCAGm2H4,167.664,0,167,train,test,train,train,ddf00312-eaba-4a13-9ac8-26c64ee313b4,1ebff91a-54b7-4a2f-80e8-dc5d463a4464,dab1ad75-3ea3-4071-91c4-7a66475599d4,66c7e293-526b-43ab-b752-937bf8fe2ff2,c2887eca-efdc-4d43-a93b-05062fcf8018,0.9441942431956138,206
148,484,Art Tatum,"The Art Tatum Solo Masterpieces, Vol. 5",S'posin',studio,"data/midi/studio/Art Tatum/The Art Tatum Solo Masterpieces, Vol. 5/S'posin'.midi","data/audio/studio/Art Tatum/The Art Tatum Solo Masterpieces, Vol. 5/S'posin'.mp3",https://www.youtube.com/watch?v=nHipptxtqVk,201.6,0,201,test,train,train,train,1efca939-3852-4443-9450-ffb0b484f796,6c658e23-5d2c-43a2-b311-43309caf18f7,e073f6af-d696-4340-b847-e81fabc4d55b,80d10344-3e3b-3bc3-9680-4fbc73beb405,3d88ac97-21aa-4cd2-bc1c-69aea7aa8622,0.9064465408805032,210
149,485,Art Tatum,The Complete Capitol Recordings (Vol. One),Dardanella,studio,data/midi/studio/Art Tatum/The Complete Capitol Recordings (Vol. One)/Dardanella.midi,data/audio/studio/Art Tatum/The Complete Capitol Recordings (Vol. One)/Dardanella.mp3,https://www.youtube.com/watch?v=Kn_wo5heTBA,170.328,0,170,train,train,train,train,bec7a81d-d716-416a-b3b5-88830d80cb9c,ef3e0d7b-de4a-41c9-97e9-f7b960daa2c3,e073f6af-d696-4340-b847-e81fabc4d55b,8c12a3b7-43c1-39b4-823a-99ca079c2912,8d23c96e-e572-49d1-a7f1-acc06a439ccc,0.9290238043240884,211
150,489,Abdullah Ibrahim,Solotude,Signal On The Hill,studio,data/midi/studio/Abdullah Ibrahim/Solotude/Signal On The Hill.midi,data/audio/studio/Abdullah Ibrahim/Solotude/Signal On The Hill.mp3,https://www.youtube.com/watch?v=5ATA-zBq_wY,66.072,0,66,train,test,train,train,59dffef2-306d-4222-bdd2-3171f8954228,a7f3e66d-6b62-4e27-b75c-5b45e92d39c6,fd64e185-9973-44d5-ad09-5d5562804292,62808a80-dfc1-49b0-8db5-54497043deb2,bd1e5bce-e97d-4088-84d3-8077df868122,0.9333333333333332,129
151,490,Abdullah Ibrahim,Dream Time,Blue Bolero - Blue Bolero IV,studio,data/midi/studio/Abdullah Ibrahim/Dream Time/Blue Bolero - Blue Bolero IV.midi,data/audio/studio/Abdullah Ibrahim/Dream Time/Blue Bolero - Blue Bolero IV.mp3,https://www.youtube.com/watch?v=cFoilI9HBWI,427.56,0,374,train,train,train,train,54aaa974-51cf-46f7-b441-ffcf329c586d,cd84f0d5-7f35-44da-ac2f-2bc2331d324c,fd64e185-9973-44d5-ad09-5d5562804292,5b7a76c4-f230-4df9-96c4-1d8c88f6054d,946dfc10-e6ac-4d14-ae3e-027bb1a297b9,0.9144981412639404,238
152,492,Abdullah Ibrahim,Senzo,Dust (Reprise),studio,data/midi/studio/Abdullah Ibrahim/Senzo/Dust (Reprise).midi,data/audio/studio/Abdullah Ibrahim/Senzo/Dust (Reprise).mp3,https://www.youtube.com/watch?v=rYUTVIauuKU,313.512,0,313,train,train,train,train,985a88c4-d688-440a-88f9-ac837a6d2f29,f50423f6-1d01-4cb7-bc86-9c2ff6579a60,fd64e185-9973-44d5-ad09-5d5562804292,b6dac1ad-75fc-3a69-842f-d1683cffbaa9,5261fecd-99d1-4271-870a-43966bbd199c,0.8810437452033767,81
153,495,Andy Laverne,In The Mood For A Classic,Dance of the infidels,studio,data/midi/studio/Andy Laverne/In The Mood For A Classic/Dance of the infidels.midi,data/audio/studio/Andy Laverne/In The Mood For A Classic/Dance of the infidels.mp3,https://www.youtube.com/watch?v=T81Rd8udYbc,224.04,0,224,train,test,train,train,a544b307-1940-40fb-abdb-78a16249c90f,8454bb32-6955-466c-9086-0befed62a7b8,e88ae791-cd20-4298-943a-66fd6d222698,5166cea3-f961-417e-9040-2b7b25f2474f,2f417c4d-a3ca-4bb1-a64c-432d797b3de1,0.9430379746835444,246
154,496,Art Tatum,"The Art Tatum Solo Masterpieces, Vol. 3",When Your Lover Has Gone,studio,"data/midi/studio/Art Tatum/The Art Tatum Solo Masterpieces, Vol. 3/When Your Lover Has Gone.midi","data/audio/studio/Art Tatum/The Art Tatum Solo Masterpieces, Vol. 3/When Your Lover Has Gone.mp3",https://www.youtube.com/watch?v=CII8rs4y2fQ,218.16,0,218,train,train,train,train,8ca19ad5-b7a2-48d9-a024-d9977a654318,fdca5f37-0fbb-4438-b9b8-368c75e3719f,e073f6af-d696-4340-b847-e81fabc4d55b,417fcf22-93a9-3c93-b50c-9cb84148c6bd,75cee0be-c0e5-446b-8a10-e9befbd158d4,0.9031701531162388,22
155,502,Horace Parlan,Musically Yours,Ruby my dear,studio,data/midi/studio/Horace Parlan/Musically Yours/Ruby my dear.midi,data/audio/studio/Horace Parlan/Musically Yours/Ruby my dear.mp3,https://www.youtube.com/watch?v=OXP3wFDrvYo,348.216,0,348,train,test,train,val,,,,,,0.9270194986072422,229
156,503,Hank Jones,SOLO 1976 A Tribute to Duke Ellington,Oh Look At Me Now,studio,data/midi/studio/Hank Jones/SOLO 1976 A Tribute to Duke Ellington/Oh Look At Me Now.midi,data/audio/studio/Hank Jones/SOLO 1976 A Tribute to Duke Ellington/Oh Look At Me Now.mp3,https://www.youtube.com/watch?v=Ggx47YPBoFU,197.112,0,197,val,val,train,val,249f7e9a-a594-403f-8f2e-3458c437cdfc,55b7f2e2-d0b8-41a0-a66f-9e1b2540a951,80d610fe-7771-4226-aa9b-950944791698,dd70d8f5-3c2f-346d-9464-8831a016d651,2e7baca5-9a85-42ec-a7f9-fd37357081a5,0.894308943089431,174
157,505,Abdullah Ibrahim,The Song Is My Story,The Song Is My Story,studio,data/midi/studio/Abdullah Ibrahim/The Song Is My Story/The Song Is My Story.midi,data/audio/studio/Abdullah Ibrahim/The Song Is My Story/The Song Is My Story.mp3,https://www.youtube.com/watch?v=rPrO_i9gc1g,92.568,0,92,val,train,test,test,26c658b2-7158-4deb-a099-1f97035cb25b,8dd2d9b6-5354-468c-8b0b-dbd0ff5a1090,fd64e185-9973-44d5-ad09-5d5562804292,d3e095da-190f-4145-ac4b-94104cef5696,267bfce8-a90f-480c-bd58-2d5a2c4bd791,0.8998109640831757,109
158,511,Erroll Garner,Solo Time! The Erroll Garner Collection Vols. 4 & 5,Cottage For Sale,studio,data/midi/studio/Erroll Garner/Solo Time! The Erroll Garner Collection Vols. 4 & 5/Cottage For Sale.midi,data/audio/studio/Erroll Garner/Solo Time! The Erroll Garner Collection Vols. 4 & 5/Cottage For Sale.mp3,https://www.youtube.com/watch?v=F7F4zE-6MLk,228.84,0,228,train,train,train,train,3cdca644-fa4e-4fa3-91a9-947a80a8eb33,b87aea54-653a-4a63-b364-8effc6f4dd4c,75bd5186-9d89-4da9-95de-fce055c28895,a93c4524-4842-397e-8762-4b0ff2f7e330,3a6dbca2-fdc0-4e56-bd81-e4e251bb49ad,0.9050259345376498,42
159,517,Dick Hyman,In Recital (Live),Love Me Tonight -  Lover,studio,data/midi/studio/Dick Hyman/In Recital (Live)/Love Me Tonight -  Lover.midi,data/audio/studio/Dick Hyman/In Recital (Live)/Love Me Tonight -  Lover.mp3,https://www.youtube.com/watch?v=Ia8jR1ev648,454.56,0,454,val,train,train,train,034bb7b7-41ea-4871-8e0d-91944ac6e436,2dbc2fd1-36b0-4bac-ab40-d45d8c54dafa,dab1ad75-3ea3-4071-91c4-7a66475599d4,8c374247-6bc1-38c1-8bf9-e437c70a6f66,c1b93d1d-cd61-4410-9f83-6191589068d3,0.9365354460675086,240
160,518,Dave McKenna,Easy Street,Basin Street Blues,studio,data/midi/studio/Dave McKenna/Easy Street/Basin Street Blues.midi,data/audio/studio/Dave McKenna/Easy Street/Basin Street Blues.mp3,https://www.youtube.com/watch?v=n8c2bJjYV2A,294.96,0,295,train,train,train,train,60a5cbcb-2a89-46ff-80d4-3fc1094bb152,36e5a197-8351-4e22-a4e6-63f0f20862ef,a048dfa0-5ce1-40ca-bcdf-56f9d56b32ae,7385db2f-f74c-3466-8538-92ef11c664c7,ed7b4526-2dd3-4686-93cb-deb6863730b9,0.8915527252294438,243
161,520,Dick Hyman,Autumn in New York - Dick Hyman Plays the Music of Vernon Duke,April in Paris,studio,data/midi/studio/Dick Hyman/Autumn in New York - Dick Hyman Plays the Music of Vernon Duke/April in Paris.midi,data/audio/studio/Dick Hyman/Autumn in New York - Dick Hyman Plays the Music of Vernon Duke/April in Paris.mp3,https://www.youtube.com/watch?v=OHqFUieycW0,153.936,0,154,train,train,train,train,,,,,,0.8987854251012146,58
162,530,Hank Jones,SOLO 1976 A Tribute to Duke Ellington,My Heart Stood Still,studio,data/midi/studio/Hank Jones/SOLO 1976 A Tribute to Duke Ellington/My Heart Stood Still.midi,data/audio/studio/Hank Jones/SOLO 1976 A Tribute to Duke Ellington/My Heart Stood Still.mp3,https://www.youtube.com/watch?v=5C108xoKRiI,158.76,0,158,train,val,train,test,ab65f8c0-3574-4a3b-9cab-6bfbda3e799b,55b7f2e2-d0b8-41a0-a66f-9e1b2540a951,80d610fe-7771-4226-aa9b-950944791698,4ed8bc85-9089-3810-a217-b08f69ccdb4a,f69531ba-bef5-4f70-b9f7-64ac0281f029,0.9144161278052492,174
163,533,Abdullah Ibrahim,Ode to Duke Ellington (At Duke's Place),In a Sentimental Mood,studio,data/midi/studio/Abdullah Ibrahim/Ode to Duke Ellington (At Duke's Place)/In a Sentimental Mood.midi,data/audio/studio/Abdullah Ibrahim/Ode to Duke Ellington (At Duke's Place)/In a Sentimental Mood.mp3,https://www.youtube.com/watch?v=cg7qDc74plE,267.864,0,267,test,train,train,train,a5f97c9f-1b65-4bc0-8045-f59c5cc6c742,6d3733e3-4424-474a-8e91-f515a82a7d79,fd64e185-9973-44d5-ad09-5d5562804292,7f4c0790-2fe0-3875-b4a6-ac8483b0b279,a5be4d0f-a810-4b28-aa00-b2556aa8ab2b,0.5814266487213997,135
164,539,George Cables,You Don't Know Me Volume I,You Don't Know What Love Is,studio,data/midi/studio/George Cables/You Don't Know Me Volume I/You Don't Know What Love Is.midi,data/audio/studio/George Cables/You Don't Know Me Volume I/You Don't Know What Love Is.mp3,https://www.youtube.com/watch?v=nEPN5jxUxek,290.856,0,290,train,val,train,train,2110d8ca-b68a-401f-895f-bf6575635072,59870feb-0aa5-42e6-adff-1e29e8ad3121,7d3aa1dd-5e8b-47f3-a65b-41d78c725ce3,d8086be0-5f26-40c6-8bd2-bab46ec9f547,871ddb2f-7f4d-40ea-81f8-3c8c71ad6159,0.936393205637875,198
165,545,Dick Hyman,Blues in the Night -  Dick Hyman Plays Harold Arlen,Blues in The Night,studio,data/midi/studio/Dick Hyman/Blues in the Night -  Dick Hyman Plays Harold Arlen/Blues in The Night.midi,data/audio/studio/Dick Hyman/Blues in the Night -  Dick Hyman Plays Harold Arlen/Blues in The Night.mp3,https://www.youtube.com/watch?v=KYaYzP6eIOg,279.768,0,279,train,train,train,train,,,,,,0.9257993163080636,185
166,547,Horace Parlan,The Maestro,Ill Wind,studio,data/midi/studio/Horace Parlan/The Maestro/Ill Wind.midi,data/audio/studio/Horace Parlan/The Maestro/Ill Wind.mp3,https://www.youtube.com/watch?v=z4xy3bkxKdI,402.168,0,402,train,train,test,train,,,,,,0.9228982814677196,24
167,548,Oscar Peterson,"Exclusively for My Friends -  My Favorite Instrument, Vol. IV",Little Girl Blue - Live,studio,"data/midi/studio/Oscar Peterson/Exclusively for My Friends -  My Favorite Instrument, Vol. IV/Little Girl Blue - Live.midi","data/audio/studio/Oscar Peterson/Exclusively for My Friends -  My Favorite Instrument, Vol. IV/Little Girl Blue - Live.mp3",https://www.youtube.com/watch?v=nZ0ci5CxeCY,364.704,0,364,train,train,test,train,91023487-ccee-485f-80f1-56d5ebbd48a6,681c428a-5240-38ff-b70c-acf510d432e3,ed801bdd-f057-41c0-94fb-76cb5676cd59,3803b293-085f-3571-914e-3d476044e0c6,9073cea6-e4a2-4c9f-a5b9-8289be8c8bb6,0.8656716417910447,90
168,551,Dick Hyman,Autumn in New York - Dick Hyman Plays the Music of Vernon Duke,London in July,studio,data/midi/studio/Dick Hyman/Autumn in New York - Dick Hyman Plays the Music of Vernon Duke/London in July.midi,data/audio/studio/Dick Hyman/Autumn in New York - Dick Hyman Plays the Music of Vernon Duke/London in July.mp3,https://www.youtube.com/watch?v=V63vtuQ7960,212.544,0,212,train,train,train,train,,,,,,0.929503916449086,58
169,554,Dick Hyman,Broadway Songbook,Easy To Love,studio,data/midi/studio/Dick Hyman/Broadway Songbook/Easy To Love.midi,data/audio/studio/Dick Hyman/Broadway Songbook/Easy To Love.mp3,https://www.youtube.com/watch?v=uqUsa_DdgXA,636.432,0,619,train,train,train,train,5437fce7-9a04-40ec-8d78-8b3cc4721afb,b7fe5941-e696-4c40-8bb1-7c7089f374fc,dab1ad75-3ea3-4071-91c4-7a66475599d4,c6ffc16f-871a-3122-bb80-5eb0fb4befa7,fd807e84-694f-4cda-91b7-ee49c6a84e0f,0.946774951339016,8
170,555,George Cables,"You Don't Know Me, Vol. 2",Morning Song,studio,"data/midi/studio/George Cables/You Don't Know Me, Vol. 2/Morning Song.midi","data/audio/studio/George Cables/You Don't Know Me, Vol. 2/Morning Song.mp3",https://www.youtube.com/watch?v=gC8eoo5mQTw,380.52,0,380,train,train,train,test,aa01d89b-c641-421c-82ff-9f9683511d7a,59870feb-0aa5-42e6-adff-1e29e8ad3121,7d3aa1dd-5e8b-47f3-a65b-41d78c725ce3,d5189ddc-56ec-4fd8-9239-4bbb35570401,3b465d29-efa1-456c-8116-87f869aaa48b,0.940618478467084,36
171,557,Hank Jones,Handful Of Keys,What Did I Do To Be So Black And Blue - Instrumental,studio,data/midi/studio/Hank Jones/Handful Of Keys/What Did I Do To Be So Black And Blue - Instrumental.midi,data/audio/studio/Hank Jones/Handful Of Keys/What Did I Do To Be So Black And Blue - Instrumental.mp3,https://www.youtube.com/watch?v=H3qGVSsuzqs,315.024,0,315,test,train,train,train,0a8405c9-c295-4f51-9963-4c4a9cce732a,3836130b-cdca-4ea2-93b7-b95ba5ec6896,80d610fe-7771-4226-aa9b-950944791698,da9e7723-c583-3273-adf2-8a28fad714c2,741de8f6-d2b5-4d1d-9138-7962c1128bff,0.888970723623642,128
172,565,Dick Hyman,Blues in the Night -  Dick Hyman Plays Harold Arlen,Get Happy,studio,data/midi/studio/Dick Hyman/Blues in the Night -  Dick Hyman Plays Harold Arlen/Get Happy.midi,data/audio/studio/Dick Hyman/Blues in the Night -  Dick Hyman Plays Harold Arlen/Get Happy.mp3,https://www.youtube.com/watch?v=iH0Pc8JOkvE,163.944,0,164,train,train,train,train,2c77320a-0ef6-4499-8763-fe34ded7f4f5,1e99b0c5-8cac-4a0f-9eda-641aac071aee,dab1ad75-3ea3-4071-91c4-7a66475599d4,bdc450e6-6ca9-3445-94e0-ea849a923fa9,5122ac53-406d-4505-8726-f8d77fd76bde,0.9417870036101084,185
173,570,Abdullah Ibrahim,Ode to Duke Ellington (At Duke's Place),Ode to Duke,studio,data/midi/studio/Abdullah Ibrahim/Ode to Duke Ellington (At Duke's Place)/Ode to Duke.midi,data/audio/studio/Abdullah Ibrahim/Ode to Duke Ellington (At Duke's Place)/Ode to Duke.mp3,https://www.youtube.com/watch?v=JOa04mzgWRk,310.032,39,310,train,train,train,train,0e36446a-dc89-49ed-afda-61df36279e81,6d3733e3-4424-474a-8e91-f515a82a7d79,fd64e185-9973-44d5-ad09-5d5562804292,50687dae-cda8-35cd-b5d2-9dfe29caf6bc,2aaf6685-ea15-4410-871f-79f4cfbc116a,0.4717818642993024,135
174,571,Art Tatum,"The Art Tatum Solo Masterpieces, Vol. 4",If You Hadn't Gone Away,studio,"data/midi/studio/Art Tatum/The Art Tatum Solo Masterpieces, Vol. 4/If You Hadn't Gone Away.midi","data/audio/studio/Art Tatum/The Art Tatum Solo Masterpieces, Vol. 4/If You Hadn't Gone Away.mp3",https://www.youtube.com/watch?v=75xLK5V4Clk,236.04,0,236,train,train,train,train,e20e11c6-3315-4c71-b7e7-be4ccfd0849b,d5fa77dd-666e-43b0-ac4c-c47b024fa47a,e073f6af-d696-4340-b847-e81fabc4d55b,616c65fc-0cc4-3cda-b488-421615e2ae8a,431fe77b-d725-4e54-b70f-a7fdeb9d809e,0.8976613657623947,241
175,574,Art Tatum,"The Art Tatum Solo Masterpieces, Vol. 6",You're Blase,studio,"data/midi/studio/Art Tatum/The Art Tatum Solo Masterpieces, Vol. 6/You're Blase.midi","data/audio/studio/Art Tatum/The Art Tatum Solo Masterpieces, Vol. 6/You're Blase.mp3",https://www.youtube.com/watch?v=p6Wgbakr7Aw,296.832,0,296,train,train,train,train,61ed7c08-5fbd-42f8-9668-afa8787e09c9,096dda47-78c8-4f4f-a130-b673dad90198,e073f6af-d696-4340-b847-e81fabc4d55b,7c216749-f02a-3040-9107-5b926e78ae76,3b4dace3-2fea-45f4-8964-368c92b0f374,0.901010871638375,225
176,576,Abdullah Ibrahim,Dream Time,In the Evening,studio,data/midi/studio/Abdullah Ibrahim/Dream Time/In the Evening.midi,data/audio/studio/Abdullah Ibrahim/Dream Time/In the Evening.mp3,https://www.youtube.com/watch?v=a8nR9n1yp7Y,185.28,0,185,val,train,train,train,f4e77a06-f3a3-4546-8e4f-a1cf1ad7665f,cd84f0d5-7f35-44da-ac2f-2bc2331d324c,fd64e185-9973-44d5-ad09-5d5562804292,0aafcd05-3782-4da9-857c-24642c4b97a6,79f0279c-642d-4bc1-88d0-a90eba77005d,0.9403095062638172,238
177,578,Erroll Garner,Afternoon Of An Elf,Yesterdays,studio,data/midi/studio/Erroll Garner/Afternoon Of An Elf/Yesterdays.midi,data/audio/studio/Erroll Garner/Afternoon Of An Elf/Yesterdays.mp3,https://www.youtube.com/watch?v=NLNdbPEVLKg,442.896,0,442,train,train,train,train,15dcab48-ffe7-496e-964c-5ade83611cba,59a3fd48-96af-4486-b06a-eba0cec954c9,75bd5186-9d89-4da9-95de-fce055c28895,befb17ed-d255-391b-a809-b1e41f30537b,d433926b-5c5e-4945-bdf4-77d9c368277b,0.8346801026713565,65
178,584,Cedar Walton,Blues For Myself (Piano Solo),Just In Time,studio,data/midi/studio/Cedar Walton/Blues For Myself (Piano Solo)/Just In Time.midi,data/audio/studio/Cedar Walton/Blues For Myself (Piano Solo)/Just In Time.mp3,https://www.youtube.com/watch?v=25_MXpiOI3I,311.928,0,312,test,test,test,train,8162c7f4-1b45-4a37-a913-efd31b697f6c,c53ef91a-5bde-40ae-af2d-ee84d0374f72,115474d3-9d44-4c96-b5d0-00891187c6e8,046d4955-9f0e-4ef0-ba48-c23b3be182eb,275d03d9-a15c-429d-9ad3-81a7cbe1c665,0.921190369373411,164
179,586,Dick Hyman,Dick Hyman Plays Duke Ellington,On a Turquoise Cloud,studio,data/midi/studio/Dick Hyman/Dick Hyman Plays Duke Ellington/On a Turquoise Cloud.midi,data/audio/studio/Dick Hyman/Dick Hyman Plays Duke Ellington/On a Turquoise Cloud.mp3,https://www.youtube.com/watch?v=A6bmrsqRwKU,206.376,0,206,train,train,train,train,e9be6130-dbc5-4fd4-8fae-58fb0de3a5ef,73223907-8faf-4ad2-b7a7-a80932b9b57d,dab1ad75-3ea3-4071-91c4-7a66475599d4,8133d218-0692-35f1-9588-cfd7a87eb812,fc34e109-5711-4620-a4cd-635f56d0d703,0.9190573770491804,112
180,587,Erroll Garner,Solo Time! The Erroll Garner Collection Vols. 4 & 5,In A Little Spanish Town,studio,data/midi/studio/Erroll Garner/Solo Time! The Erroll Garner Collection Vols. 4 & 5/In A Little Spanish Town.midi,data/audio/studio/Erroll Garner/Solo Time! The Erroll Garner Collection Vols. 4 & 5/In A Little Spanish Town.mp3,https://www.youtube.com/watch?v=CSyLg-LfDPg,221.472,0,221,train,train,train,train,a1883a4e-f766-41ce-b3f2-890e32cb02a9,e2552704-2654-42af-a3b3-299f7c00a136,75bd5186-9d89-4da9-95de-fce055c28895,041534f5-1b7f-3946-841c-4cd36932052a,bc7de23a-9164-4c21-83d7-503beeb0e641,0.8834872792092043,42
181,588,Dave McKenna,Dave McKenna -  Solo,C Jam Blues,studio,data/midi/studio/Dave McKenna/Dave McKenna -  Solo/C Jam Blues.midi,data/audio/studio/Dave McKenna/Dave McKenna -  Solo/C Jam Blues.mp3,https://www.youtube.com/watch?v=9lGiQvOYVIM,222.36,0,222,train,train,train,train,,,,,,0.8302978723404256,97
182,592,Oscar Peterson,"Exclusively for My Friends -  My Favorite Instrument, Vol. IV",Lulu's Back in Town - Live,studio,"data/midi/studio/Oscar Peterson/Exclusively for My Friends -  My Favorite Instrument, Vol. IV/Lulu's Back in Town - Live.midi","data/audio/studio/Oscar Peterson/Exclusively for My Friends -  My Favorite Instrument, Vol. IV/Lulu's Back in Town - Live.mp3",https://www.youtube.com/watch?v=8qH3D2fmbxM,125.064,0,125,train,train,test,train,bd968fe3-30d1-45da-9d1f-a88739a245b4,681c428a-5240-38ff-b70c-acf510d432e3,ed801bdd-f057-41c0-94fb-76cb5676cd59,7a190b1c-8805-34e2-8c85-9413905fed12,37e94a3a-6e33-49d2-b547-651930131c76,0.8311134789557805,90
183,593,Dick Hyman,Blues in the Night -  Dick Hyman Plays Harold Arlen,Stormy Weather,studio,data/midi/studio/Dick Hyman/Blues in the Night -  Dick Hyman Plays Harold Arlen/Stormy Weather.midi,data/audio/studio/Dick Hyman/Blues in the Night -  Dick Hyman Plays Harold Arlen/Stormy Weather.mp3,https://www.youtube.com/watch?v=0wDd_EUqeys,267.144,0,267,train,train,train,train,fcb7d4a2-c6c9-4ba9-8c9d-e376e8b76ffb,1e99b0c5-8cac-4a0f-9eda-641aac071aee,dab1ad75-3ea3-4071-91c4-7a66475599d4,49584589-9c83-32e4-b3b3-2fd8cd94e766,9455976d-6040-41c3-b5ba-20793712476a,0.944717182497332,185
184,597,Art Tatum,"The Art Tatum Solo Masterpieces, Vol. 6",Night And Day,studio,"data/midi/studio/Art Tatum/The Art Tatum Solo Masterpieces, Vol. 6/Night And Day.midi","data/audio/studio/Art Tatum/The Art Tatum Solo Masterpieces, Vol. 6/Night And Day.mp3",https://www.youtube.com/watch?v=bxodAirgzDI,194.424,0,194,train,train,train,train,875a23b8-4f9f-4031-bfeb-7e2299b5186d,096dda47-78c8-4f4f-a130-b673dad90198,e073f6af-d696-4340-b847-e81fabc4d55b,2767478a-c7c6-30aa-b3f4-2e2bbee078b2,a7cfc271-65e2-4177-ac26-5cc1e1012c8e,0.9284236657012824,225
185,598,Dick Hyman,Broadway Songbook,Lady Of The Evening,studio,data/midi/studio/Dick Hyman/Broadway Songbook/Lady Of The Evening.midi,data/audio/studio/Dick Hyman/Broadway Songbook/Lady Of The Evening.mp3,https://www.youtube.com/watch?v=44B7iJ0W1S4,331.008,0,331,train,train,train,train,,,,,,0.9239766081871348,8
186,601,Art Tatum,"The Art Tatum Solo Masterpieces, Vol. 2",Come Rain Or Come Shine,studio,"data/midi/studio/Art Tatum/The Art Tatum Solo Masterpieces, Vol. 2/Come Rain Or Come Shine.midi","data/audio/studio/Art Tatum/The Art Tatum Solo Masterpieces, Vol. 2/Come Rain Or Come Shine.mp3",https://www.youtube.com/watch?v=3t7EMl_QyZk,305.328,0,305,train,train,train,train,0c0f281f-5331-4469-b826-07024c7e9816,f667da54-eba6-4d21-84ed-d7a703c51eee,e073f6af-d696-4340-b847-e81fabc4d55b,a72f779d-0d94-3288-bc74-b9cae5922cca,9af039c1-6214-43c0-97c4-63d3a2d42ea5,0.9085160202360876,218
187,602,Horace Parlan,Musically Yours,Jitterbug waltz,studio,data/midi/studio/Horace Parlan/Musically Yours/Jitterbug waltz.midi,data/audio/studio/Horace Parlan/Musically Yours/Jitterbug waltz.mp3,https://www.youtube.com/watch?v=q2Ux3bGMVHM,389.4,0,389,train,test,train,val,,,,,,0.936405529953917,229
188,604,Andy Laverne,In The Mood For A Classic,Oblivion,studio,data/midi/studio/Andy Laverne/In The Mood For A Classic/Oblivion.midi,data/audio/studio/Andy Laverne/In The Mood For A Classic/Oblivion.mp3,https://www.youtube.com/watch?v=uHdjK3bjl14,168.384,0,168,train,val,train,train,ba3cbdb9-414e-4cd7-a828-5656a481a63b,8454bb32-6955-466c-9086-0befed62a7b8,e88ae791-cd20-4298-943a-66fd6d222698,9ab87631-179a-4edc-8cb6-4d693bede51b,f605dcd2-6bbc-4960-b498-bd9adcdbf147,0.9319020462931902,246
189,605,Oscar Peterson,Tracks (Remastered),If I Should Lose You - Remastered,studio,data/midi/studio/Oscar Peterson/Tracks (Remastered)/If I Should Lose You - Remastered.midi,data/audio/studio/Oscar Peterson/Tracks (Remastered)/If I Should Lose You - Remastered.mp3,https://www.youtube.com/watch?v=aZrIOAz0xFw,317.688,0,317,train,train,train,train,aa50c05d-56ca-4a8d-95d1-68c3887c3124,cbe349a3-bcae-48cb-91a6-33dc97e75412,ed801bdd-f057-41c0-94fb-76cb5676cd59,3ec363c8-b668-354d-835d-70528e91959b,8d5564f3-0c97-44c2-9128-12c388c96630,0.8836040216550657,21
190,607,Art Tatum,The Complete Capitol Recordings (Vol. One),Someone To Watch Over Me,studio,data/midi/studio/Art Tatum/The Complete Capitol Recordings (Vol. One)/Someone To Watch Over Me.midi,data/audio/studio/Art Tatum/The Complete Capitol Recordings (Vol. One)/Someone To Watch Over Me.mp3,https://www.youtube.com/watch?v=XB7rSoDeq6Q,170.712,0,170,train,train,train,train,5ec2a06d-6123-437f-a6df-de6d547ef8a4,ef3e0d7b-de4a-41c9-97e9-f7b960daa2c3,e073f6af-d696-4340-b847-e81fabc4d55b,7f23fdc7-216e-3282-b244-d0964cc7f254,b4fc4873-5729-4c6c-ab43-dfc7130a07de,0.9208494208494208,211
191,608,Art Tatum,"The Art Tatum Solo Masterpieces, Vol. 4",I Only Have Eyes For You,studio,"data/midi/studio/Art Tatum/The Art Tatum Solo Masterpieces, Vol. 4/I Only Have Eyes For You.midi","data/audio/studio/Art Tatum/The Art Tatum Solo Masterpieces, Vol. 4/I Only Have Eyes For You.mp3",https://www.youtube.com/watch?v=L61X8RBT6ts,169.176,0,169,train,train,train,train,1bbeb36d-3ca2-454f-89ec-ebc7f7219482,d5fa77dd-666e-43b0-ac4c-c47b024fa47a,e073f6af-d696-4340-b847-e81fabc4d55b,b25d84d9-db35-3e93-8a6f-1ff0bb5addd7,7158ff17-ceaf-418b-a7e9-ebf4b002f957,0.898382204246714,241
192,609,Hank Jones,Handful Of Keys,How Come You Do Me Like You Do - Instrumental,studio,data/midi/studio/Hank Jones/Handful Of Keys/How Come You Do Me Like You Do - Instrumental.midi,data/audio/studio/Hank Jones/Handful Of Keys/How Come You Do Me Like You Do - Instrumental.mp3,https://www.youtube.com/watch?v=JpzmgRCP9wA,311.664,0,311,test,train,train,train,1a5b2360-2bd2-41c3-8d96-50faa2adee38,3836130b-cdca-4ea2-93b7-b95ba5ec6896,80d610fe-7771-4226-aa9b-950944791698,9a1ec3b2-868f-3a18-93af-6b784bc90fe8,44909f1c-7292-4c17-9bf6-01e81e8fafec,0.8456530065109154,128
193,611,Dick Hyman,Dick Hyman Plays Duke Ellington,The Gal From Joe's,studio,data/midi/studio/Dick Hyman/Dick Hyman Plays Duke Ellington/The Gal From Joe's.midi,data/audio/studio/Dick Hyman/Dick Hyman Plays Duke Ellington/The Gal From Joe's.mp3,https://www.youtube.com/watch?v=5ifqWT6pGBo,245.184,0,245,train,train,train,train,e57c6e0d-dccd-4686-96b9-b0a77e7265b4,73223907-8faf-4ad2-b7a7-a80932b9b57d,dab1ad75-3ea3-4071-91c4-7a66475599d4,64421e2e-4561-3968-9798-42704966972d,27b9361c-bfd9-414b-bc0d-c8a403e96259,0.9148336153412296,112
194,616,Art Tatum,"The Art Tatum Solo Masterpieces, Vol. 3","I Surrender, Dear",studio,"data/midi/studio/Art Tatum/The Art Tatum Solo Masterpieces, Vol. 3/I Surrender, Dear.midi","data/audio/studio/Art Tatum/The Art Tatum Solo Masterpieces, Vol. 3/I Surrender, Dear.mp3",https://www.youtube.com/watch?v=CC_EmqHjoJA,231.552,0,231,train,train,train,train,ee1113a5-a0b8-44ea-bcc1-3ddab629ea77,fdca5f37-0fbb-4438-b9b8-368c75e3719f,e073f6af-d696-4340-b847-e81fabc4d55b,67e953a9-ee83-3525-b463-2d2229c6cba9,272e756d-3656-4bf9-b286-e176ac9c3ab4,0.9143236661500996,22
195,617,Dick Hyman,Dick Hyman Plays Fats Waller,Jitterbug Waltz,studio,data/midi/studio/Dick Hyman/Dick Hyman Plays Fats Waller/Jitterbug Waltz.midi,data/audio/studio/Dick Hyman/Dick Hyman Plays Fats Waller/Jitterbug Waltz.mp3,https://www.youtube.com/watch?v=u8u4IQD6zo8,165.096,0,165,train,train,train,train,050e8174-e3da-4254-ac26-08a0b14f5858,ff90bf37-c8b8-4a3c-9c73-1c4a9cce25ad,dab1ad75-3ea3-4071-91c4-7a66475599d4,43961191-2ac5-3938-82fc-e2512f247c29,ed14eacc-4d75-412a-88de-1942a0ae410c,0.9377874606632776,172
196,620,Dick Hyman,Dick Hyman Plays Variations on Richard Rodgers -  Rodgers & Hammerstein,The Surrey With The Fringe On Top,studio,data/midi/studio/Dick Hyman/Dick Hyman Plays Variations on Richard Rodgers -  Rodgers & Hammerstein/The Surrey With The Fringe On Top.midi,data/audio/studio/Dick Hyman/Dick Hyman Plays Variations on Richard Rodgers -  Rodgers & Hammerstein/The Surrey With The Fringe On Top.mp3,https://www.youtube.com/watch?v=9crWQGXgGes,283.32,0,283,train,train,train,train,666a7583-c432-4a58-a814-a1f96768d880,f54bfec3-6668-4a6a-911a-a5673a205be1,dab1ad75-3ea3-4071-91c4-7a66475599d4,12f0ad7e-5e45-49b1-af12-5df3ac04ccdc,c281b8c6-3e59-4b58-aaf4-9b3cf6730656,0.967399545109932,89
197,624,Horace Parlan,The Maestro,Nardis,studio,data/midi/studio/Horace Parlan/The Maestro/Nardis.midi,data/audio/studio/Horace Parlan/The Maestro/Nardis.mp3,https://www.youtube.com/watch?v=HfMa00K7XJ8,313.92,0,313,train,train,test,train,,,,,,0.9397000306091214,24
198,627,Art Tatum,"The Art Tatum Solo Masterpieces, Vol. 2",I Didn't Know What Time It Was,studio,"data/midi/studio/Art Tatum/The Art Tatum Solo Masterpieces, Vol. 2/I Didn't Know What Time It Was.midi","data/audio/studio/Art Tatum/The Art Tatum Solo Masterpieces, Vol. 2/I Didn't Know What Time It Was.mp3",https://www.youtube.com/watch?v=JqeHh5bVLqw,254.664,0,254,train,train,train,train,223ba990-5342-42da-9574-a9c0ba25e090,f667da54-eba6-4d21-84ed-d7a703c51eee,e073f6af-d696-4340-b847-e81fabc4d55b,da42e5ad-5dfe-3ee1-8729-87059f5e0b39,a94d1fa1-e58d-4c2c-be16-89d5de6505b8,0.9114310645724256,218
199,631,Erroll Garner,Solo Time! The Erroll Garner Collection Vols. 4 & 5,"Medley -  April In Paris, The Last Time I Saw Paris",studio,"data/midi/studio/Erroll Garner/Solo Time! The Erroll Garner Collection Vols. 4 & 5/Medley -  April In Paris, The Last Time I Saw Paris.midi","data/audio/studio/Erroll Garner/Solo Time! The Erroll Garner Collection Vols. 4 & 5/Medley -  April In Paris, The Last Time I Saw Paris.mp3",https://www.youtube.com/watch?v=om8TyOmpXrQ,304.8,0,304,train,train,train,train,40a03062-40aa-481c-aecb-5a820d3fc9b7,b87aea54-653a-4a63-b364-8effc6f4dd4c,75bd5186-9d89-4da9-95de-fce055c28895,50b2f800-5e05-37bd-b095-495906a62e61,eb9d210a-8d44-4722-bb84-c333ac8f5bcc,0.9037340475815344,42
200,632,Abdullah Ibrahim,Solotude,Mindiff,studio,data/midi/studio/Abdullah Ibrahim/Solotude/Mindiff.midi,data/audio/studio/Abdullah Ibrahim/Solotude/Mindiff.mp3,https://www.youtube.com/watch?v=PcdRQVAAsaw,190.176,0,190,train,test,train,train,f2409450-d3a7-43db-9ec5-d323f5bce4d1,a7f3e66d-6b62-4e27-b75c-5b45e92d39c6,fd64e185-9973-44d5-ad09-5d5562804292,1ac98ea0-07a3-474d-ac67-276585c046f4,c10f9094-e4cc-4fa2-9faf-3fa47b599265,0.943952802359882,129
201,633,Tete Montoliu,Yellow Dolphin Street,You've Changed,studio,data/midi/studio/Tete Montoliu/Yellow Dolphin Street/You've Changed.midi,data/audio/studio/Tete Montoliu/Yellow Dolphin Street/You've Changed.mp3,https://www.youtube.com/watch?v=lLws7AsRBiQ,385.56,0,385,train,train,train,train,01f98971-8716-4719-af1c-95b15b4f1926,fdc99fea-265b-4169-b869-0b4947983d82,769d402e-20c3-40ec-8369-86fe8120bce8,505f42a6-6a7c-45c8-832f-e989105facb7,ffd42ad9-94d0-448c-a2e9-8e5763826334,0.9483870967741936,43
202,635,Dave McKenna,Easy Street,Easy Street,studio,data/midi/studio/Dave McKenna/Easy Street/Easy Street.midi,data/audio/studio/Dave McKenna/Easy Street/Easy Street.mp3,https://www.youtube.com/watch?v=JiYXr1DUsKg,229.056,0,229,train,train,train,train,68604831-bd15-4562-a74a-c27f0b93b6c7,36e5a197-8351-4e22-a4e6-63f0f20862ef,a048dfa0-5ce1-40ca-bcdf-56f9d56b32ae,51d93221-65df-36c3-bd6a-a920cca099e3,70c8b3d0-83c4-4cae-a8d3-cb9d3a4ffe7a,0.8817749603803487,243
203,640,Hank Jones,Handful Of Keys,I'm More Than Satisfied - Instrumental,studio,data/midi/studio/Hank Jones/Handful Of Keys/I'm More Than Satisfied - Instrumental.midi,data/audio/studio/Hank Jones/Handful Of Keys/I'm More Than Satisfied - Instrumental.mp3,https://www.youtube.com/watch?v=gVhssvSgNuM,207.024,0,207,train,train,train,train,a9401d94-a134-4420-b64f-4b4b11b27299,3836130b-cdca-4ea2-93b7-b95ba5ec6896,80d610fe-7771-4226-aa9b-950944791698,d56b8d93-6d49-3e4a-abe0-e4ca36226e6a,aea2e509-a139-4e18-9060-c36d8819a551,0.8886801315171441,128
204,650,Cedar Walton,Blues For Myself (Piano Solo),Blues For Myself,studio,data/midi/studio/Cedar Walton/Blues For Myself (Piano Solo)/Blues For Myself.midi,data/audio/studio/Cedar Walton/Blues For Myself (Piano Solo)/Blues For Myself.mp3,https://www.youtube.com/watch?v=FtdkCENBLpg,234.552,0,234,train,test,val,train,5a32efe0-9e70-43f3-a914-7071f2fa04f2,c53ef91a-5bde-40ae-af2d-ee84d0374f72,115474d3-9d44-4c96-b5d0-00891187c6e8,4d0342d0-1b0b-433c-b06f-d5a0ff7e07e5,0724cabb-70ad-42d2-a7ff-5da2c6e724ec,0.919920205186663,164
205,655,Oscar Peterson,Tracks (Remastered),Honeysuckle Rose - Remastered,studio,data/midi/studio/Oscar Peterson/Tracks (Remastered)/Honeysuckle Rose - Remastered.midi,data/audio/studio/Oscar Peterson/Tracks (Remastered)/Honeysuckle Rose - Remastered.mp3,https://www.youtube.com/watch?v=ZwcQj6k4L1c,187.728,0,187,train,train,train,train,,,,,,0.8702928870292888,21
206,656,Art Tatum,"The Art Tatum Solo Masterpieces, Vol. 2",Heat Wave,studio,"data/midi/studio/Art Tatum/The Art Tatum Solo Masterpieces, Vol. 2/Heat Wave.midi","data/audio/studio/Art Tatum/The Art Tatum Solo Masterpieces, Vol. 2/Heat Wave.mp3",https://www.youtube.com/watch?v=YdNiYZBuEAU,196.872,0,196,train,train,train,train,b656d3b1-fb4f-4842-911f-ae7ba00962d8,f667da54-eba6-4d21-84ed-d7a703c51eee,e073f6af-d696-4340-b847-e81fabc4d55b,5554ac00-4145-3a50-a772-142efb77983f,c7a54dc6-e13a-441a-9e04-416e677ff001,0.9317233809001096,218
207,659,Tete Montoliu,The Music I Like To Play - Vol. 4,Bluesology,studio,data/midi/studio/Tete Montoliu/The Music I Like To Play - Vol. 4/Bluesology.midi,data/audio/studio/Tete Montoliu/The Music I Like To Play - Vol. 4/Bluesology.mp3,https://www.youtube.com/watch?v=nK23NGkdPgo,256.704,0,256,test,val,train,train,,,,,,0.9657157812091076,80
208,664,Horace Parlan,The Maestro,A Flower Is a Lovesome Thing,studio,data/midi/studio/Horace Parlan/The Maestro/A Flower Is a Lovesome Thing.midi,data/audio/studio/Horace Parlan/The Maestro/A Flower Is a Lovesome Thing.mp3,https://www.youtube.com/watch?v=f1yOlxMpOFc,362.592,0,362,train,train,val,train,,,,,,0.9445482866043616,24
209,665,Abdullah Ibrahim,Dream Time,Nisa,studio,data/midi/studio/Abdullah Ibrahim/Dream Time/Nisa.midi,data/audio/studio/Abdullah Ibrahim/Dream Time/Nisa.mp3,https://www.youtube.com/watch?v=FG58EzNlz-M,579.456,0,579,train,train,train,train,,,,,,0.9155060352831942,238
210,666,Dick Hyman,Dick Hyman Plays Variations on Richard Rodgers -  Rodgers & Hart,Manhattan,studio,data/midi/studio/Dick Hyman/Dick Hyman Plays Variations on Richard Rodgers -  Rodgers & Hart/Manhattan.midi,data/audio/studio/Dick Hyman/Dick Hyman Plays Variations on Richard Rodgers -  Rodgers & Hart/Manhattan.mp3,https://www.youtube.com/watch?v=7nERDdW0ZlA,283.464,0,283,train,test,train,train,326bfebb-47ff-420a-865d-d6d5df5092f6,1ebff91a-54b7-4a2f-80e8-dc5d463a4464,dab1ad75-3ea3-4071-91c4-7a66475599d4,1927e68a-1dbe-4884-ac9c-93a1868f8664,d3b9cd88-2c1f-47ad-8361-0f8c4ca491b2,0.935344827586207,206
211,668,Art Tatum,"The Art Tatum Solo Masterpieces, Vol. 3",I Can't Give You Anything But Love,studio,"data/midi/studio/Art Tatum/The Art Tatum Solo Masterpieces, Vol. 3/I Can't Give You Anything But Love.midi","data/audio/studio/Art Tatum/The Art Tatum Solo Masterpieces, Vol. 3/I Can't Give You Anything But Love.mp3",https://www.youtube.com/watch?v=AQJgxJGrra8,215.376,0,215,test,train,train,train,55a02b1f-f709-44ba-abe8-b1e3a7fa5bb2,fdca5f37-0fbb-4438-b9b8-368c75e3719f,e073f6af-d696-4340-b847-e81fabc4d55b,f39bf49c-cd61-37eb-8862-f05e04c16391,d716e4e4-3f7f-4958-99d8-20c8b4e25228,0.9143787808282924,22
212,671,Abdullah Ibrahim,Solotude,Pula,studio,data/midi/studio/Abdullah Ibrahim/Solotude/Pula.midi,data/audio/studio/Abdullah Ibrahim/Solotude/Pula.mp3,https://www.youtube.com/watch?v=thmGgdrp-1A,42.192,0,42,train,test,train,train,c53c4a8d-9388-416b-91d0-9eaee2c00c12,a7f3e66d-6b62-4e27-b75c-5b45e92d39c6,fd64e185-9973-44d5-ad09-5d5562804292,929d1844-8ef1-4373-9f04-feec85f943ed,d04702b5-abfc-4837-a461-b1aad36f2a10,0.9159663865546218,129
213,675,Art Tatum,"The Art Tatum Solo Masterpieces, Vol. 3",Indiana (Back Home Again In Indiana),studio,"data/midi/studio/Art Tatum/The Art Tatum Solo Masterpieces, Vol. 3/Indiana (Back Home Again In Indiana).midi","data/audio/studio/Art Tatum/The Art Tatum Solo Masterpieces, Vol. 3/Indiana (Back Home Again In Indiana).mp3",https://www.youtube.com/watch?v=JqBlYOhT1p8,183.6,0,183,train,train,train,train,9535f2e3-8c09-47b3-82f9-16771655bd01,fdca5f37-0fbb-4438-b9b8-368c75e3719f,e073f6af-d696-4340-b847-e81fabc4d55b,eac80f09-7b43-3559-904a-67e833bee63d,60c5af35-3bef-4afb-9b97-b71f753dceb1,0.9069860279441118,22
214,676,Andy Laverne,Tadd's Delight,Hot House,studio,data/midi/studio/Andy Laverne/Tadd's Delight/Hot House.midi,data/audio/studio/Andy Laverne/Tadd's Delight/Hot House.mp3,https://www.youtube.com/watch?v=X5vo-A2oBMo,189.36,0,189,train,train,train,train,d09ea80c-3fd3-4ef4-9534-672725e37453,a8ca6fa7-b561-4799-9b2e-ceae5efa48be,e88ae791-cd20-4298-943a-66fd6d222698,bca3761c-3bf9-4da5-809b-9f6aaf156ddd,faa2515a-0833-4cb5-b2b2-defde14140aa,0.8893756845564075,140
215,680,Dick Hyman,Dick Hyman Plays Variations on Richard Rodgers -  Rodgers & Hart,It Never Entered My Mind,studio,data/midi/studio/Dick Hyman/Dick Hyman Plays Variations on Richard Rodgers -  Rodgers & Hart/It Never Entered My Mind.midi,data/audio/studio/Dick Hyman/Dick Hyman Plays Variations on Richard Rodgers -  Rodgers & Hart/It Never Entered My Mind.mp3,https://www.youtube.com/watch?v=PCDuCUcm4mE,246.6,0,246,val,val,train,train,c8440d92-1330-4c5c-8697-ab951f048724,1ebff91a-54b7-4a2f-80e8-dc5d463a4464,dab1ad75-3ea3-4071-91c4-7a66475599d4,437d8925-d9c5-4104-927b-470663db044c,4409ced7-7fad-4424-9373-06ca556a12d2,0.9369676320272572,206
216,684,Hank Jones,Handful Of Keys,You Feet's Too Big - Instrumental,studio,data/midi/studio/Hank Jones/Handful Of Keys/You Feet's Too Big - Instrumental.midi,data/audio/studio/Hank Jones/Handful Of Keys/You Feet's Too Big - Instrumental.mp3,https://www.youtube.com/watch?v=yAl2yxmQa-A,143.04,0,143,train,train,train,train,20fa39d9-9230-47db-bafc-d1a33b5c9b40,3836130b-cdca-4ea2-93b7-b95ba5ec6896,80d610fe-7771-4226-aa9b-950944791698,28dccf5e-e83d-3109-9981-c209f96fcccb,1c83ca3c-4a58-4a5e-b5a8-58edf5382541,0.8816137566137565,128
217,685,Abdullah Ibrahim,Senzo,In A Sentimental Mood,studio,data/midi/studio/Abdullah Ibrahim/Senzo/In A Sentimental Mood.midi,data/audio/studio/Abdullah Ibrahim/Senzo/In A Sentimental Mood.mp3,https://www.youtube.com/watch?v=74LQI3zmgHI,181.44,0,181,train,train,train,train,,,,,,0.8692579505300354,81
218,691,Dick Hyman,September Song - Dick Hyman Plays the Music of Kurt Weill,September Song,studio,data/midi/studio/Dick Hyman/September Song - Dick Hyman Plays the Music of Kurt Weill/September Song.midi,data/audio/studio/Dick Hyman/September Song - Dick Hyman Plays the Music of Kurt Weill/September Song.mp3,https://www.youtube.com/watch?v=Ca4MmAhRrto,180.504,0,180,train,train,train,train,,,,,,0.9167259786476868,60
219,695,Erroll Garner,Solo Time! The Erroll Garner Collection Vols. 4 & 5,Slow Boat To China,studio,data/midi/studio/Erroll Garner/Solo Time! The Erroll Garner Collection Vols. 4 & 5/Slow Boat To China.midi,data/audio/studio/Erroll Garner/Solo Time! The Erroll Garner Collection Vols. 4 & 5/Slow Boat To China.mp3,https://www.youtube.com/watch?v=mcwXB-w3_aE,228.072,0,228,train,train,train,train,12ec78dc-b9ed-471d-b7af-e2e3302e9485,e2552704-2654-42af-a3b3-299f7c00a136,75bd5186-9d89-4da9-95de-fce055c28895,00ee7c1c-15c6-3f23-bfaa-94611413f392,47c272e8-213a-4097-a616-48a3976171d3,0.8907457039255873,42
220,696,Dave McKenna,Dave Fingers McKenna,Stumbling,studio,data/midi/studio/Dave McKenna/Dave Fingers McKenna/Stumbling.midi,data/audio/studio/Dave McKenna/Dave Fingers McKenna/Stumbling.mp3,https://www.youtube.com/watch?v=BLjHoaZQAoI,363.336,0,363,val,train,train,train,0fc5d837-0946-4b12-a449-51c2b03a7b33,c00dae75-1840-46fd-95bc-1929a6206141,a048dfa0-5ce1-40ca-bcdf-56f9d56b32ae,7d9a5cc7-04bd-4a20-ad56-c8d2fce83b78,0617a91a-8cac-441c-8115-63e1ab075dc0,0.8570381231671554,12
221,698,Art Tatum,"The Art Tatum Solo Masterpieces, Vol. 6",I've Got A Crush On You,studio,"data/midi/studio/Art Tatum/The Art Tatum Solo Masterpieces, Vol. 6/I've Got A Crush On You.midi","data/audio/studio/Art Tatum/The Art Tatum Solo Masterpieces, Vol. 6/I've Got A Crush On You.mp3",https://www.youtube.com/watch?v=X-F0ip7RF6I,215.064,0,215,train,train,train,train,73e0d650-9f16-4369-a800-f3c7dba5d2d8,096dda47-78c8-4f4f-a130-b673dad90198,e073f6af-d696-4340-b847-e81fabc4d55b,a81ccb65-08c3-3ded-8a58-7d2d6325b796,d1e19656-9f7d-414f-bfe2-725e10ed651b,0.9091818864148112,225
222,707,Horace Parlan,The Maestro,Spring Is Here,studio,data/midi/studio/Horace Parlan/The Maestro/Spring Is Here.midi,data/audio/studio/Horace Parlan/The Maestro/Spring Is Here.mp3,https://www.youtube.com/watch?v=ugrM1MyEdEo,390.936,0,391,train,train,test,train,,,,,,0.9444043321299638,24
223,709,Andy Laverne,Tadd's Delight,The Squirrel,studio,data/midi/studio/Andy Laverne/Tadd's Delight/The Squirrel.midi,data/audio/studio/Andy Laverne/Tadd's Delight/The Squirrel.mp3,https://www.youtube.com/watch?v=zegiU6bs8-0,410.712,0,410,train,train,train,train,780b9338-d4ae-4493-ad83-1406a12a8ffc,a8ca6fa7-b561-4799-9b2e-ceae5efa48be,e88ae791-cd20-4298-943a-66fd6d222698,abf2c730-b8df-4b45-9cc9-0e7d7d10bc44,6e58b7a9-4032-473b-bf42-fcdcdfaf1b1e,0.9111501036847982,140
224,710,Art Tatum,"The Art Tatum Solo Masterpieces, Vol. 3",Jitterbug Waltz,studio,"data/midi/studio/Art Tatum/The Art Tatum Solo Masterpieces, Vol. 3/Jitterbug Waltz.midi","data/audio/studio/Art Tatum/The Art Tatum Solo Masterpieces, Vol. 3/Jitterbug Waltz.mp3",https://www.youtube.com/watch?v=S5WltvJ-wvE,227.232,0,227,train,train,train,train,53914a6b-edba-4f08-b0bd-cb314eafbbea,fdca5f37-0fbb-4438-b9b8-368c75e3719f,e073f6af-d696-4340-b847-e81fabc4d55b,a7b3eed1-e97c-30b4-a7ed-23ec4c071936,691f765c-eb08-49f2-9da4-12e60663c9aa,0.9024901093786364,22
225,711,Abdullah Ibrahim,The Song Is My Story,Just Arrived,studio,data/midi/studio/Abdullah Ibrahim/The Song Is My Story/Just Arrived.midi,data/audio/studio/Abdullah Ibrahim/The Song Is My Story/Just Arrived.mp3,https://www.youtube.com/watch?v=rotxetJPmDo,209.592,0,209,train,train,val,test,f4c0b32a-b984-4f92-a20c-d60ff7fdea8c,8dd2d9b6-5354-468c-8b0b-dbd0ff5a1090,fd64e185-9973-44d5-ad09-5d5562804292,6c3a57d0-7d1e-4a8c-9f55-b5ecf145b57d,24f2d237-6381-414f-ba37-fdc0fc8a7a9d,0.917222963951936,109
226,714,Erroll Garner,Solitaire,It's The Talk Of The Town,studio,data/midi/studio/Erroll Garner/Solitaire/It's The Talk Of The Town.midi,data/audio/studio/Erroll Garner/Solitaire/It's The Talk Of The Town.mp3,https://www.youtube.com/watch?v=yd4NE2H7cXY,361.608,0,361,train,test,train,test,d9457f20-31f9-42b6-9cc4-4f5e2401d91f,e106b76a-5b44-4b9b-9e2d-4793fcb8c06f,75bd5186-9d89-4da9-95de-fce055c28895,9ab15840-9e2d-3db8-b465-c6ef827cba77,b6adcb85-897e-4a92-b079-4551d7c56fa7,0.8846105763220403,47
227,718,Dick Hyman,Dick Hyman Plays Variations on Richard Rodgers -  Rodgers & Hart,"Bewitched, Bothered And Bewildered",studio,"data/midi/studio/Dick Hyman/Dick Hyman Plays Variations on Richard Rodgers -  Rodgers & Hart/Bewitched, Bothered And Bewildered.midi","data/audio/studio/Dick Hyman/Dick Hyman Plays Variations on Richard Rodgers -  Rodgers & Hart/Bewitched, Bothered And Bewildered.mp3",https://www.youtube.com/watch?v=D8xVmjqzSFY,264.96,0,265,train,val,train,train,97d03644-3fad-4dee-8c08-1c69cc149f02,1ebff91a-54b7-4a2f-80e8-dc5d463a4464,dab1ad75-3ea3-4071-91c4-7a66475599d4,3c52ba7f-23f5-470e-805a-caead6e5928a,ab4de4a8-49c9-4178-b6a7-f78a8a18ddd7,0.9453101130461352,206
228,719,Tete Montoliu,Solo Piano,Me Embaix Apeu,studio,data/midi/studio/Tete Montoliu/Solo Piano/Me Embaix Apeu.midi,data/audio/studio/Tete Montoliu/Solo Piano/Me Embaix Apeu.mp3,https://www.youtube.com/watch?v=hIrPLhgI0eQ,258.36,0,258,train,train,val,val,388a0a58-853a-466d-9da3-cf74b91eae32,fdc99fea-265b-4169-b869-0b4947983d82,769d402e-20c3-40ec-8369-86fe8120bce8,67beac27-3eeb-4e5d-bf7d-6f8920edd23d,7e365cf8-122b-44f6-81b0-06ec02c9aaa5,0.947806910071061,7
229,721,Art Tatum,"The Art Tatum Solo Masterpieces, Volume 1",You Took Advantage Of Me,studio,"data/midi/studio/Art Tatum/The Art Tatum Solo Masterpieces, Volume 1/You Took Advantage Of Me.midi","data/audio/studio/Art Tatum/The Art Tatum Solo Masterpieces, Volume 1/You Took Advantage Of Me.mp3",https://www.youtube.com/watch?v=VlTHLfq4N50,196.128,0,196,train,val,train,val,2ebc74d9-c16b-4aba-914f-1e3bcc00b492,da515317-8087-48fe-89c1-532be01837e6,e073f6af-d696-4340-b847-e81fabc4d55b,83eb41ae-e41a-3543-8b72-b87ba01d328f,5aa8a274-197e-4327-8248-c96fe46c2caa,0.905458768873403,242
230,724,Abdullah Ibrahim,The Song Is My Story,"For Coltrane, Pt. 1",studio,"data/midi/studio/Abdullah Ibrahim/The Song Is My Story/For Coltrane, Pt. 1.midi","data/audio/studio/Abdullah Ibrahim/The Song Is My Story/For Coltrane, Pt. 1.mp3",https://www.youtube.com/watch?v=IJe7sB2AvZQ,57.24,0,57,test,train,val,test,63d72feb-339d-43e5-bbea-392dbfc5fed3,8dd2d9b6-5354-468c-8b0b-dbd0ff5a1090,fd64e185-9973-44d5-ad09-5d5562804292,c1462eb7-5f1c-4d3b-950b-e97c56f7505f,51f0c25f-1e81-4975-8889-2c07138d254f,0.8973384030418251,109
231,728,Dick Hyman,Dick Hyman Plays Duke Ellington,"Black, Brown and Beige -  Come Sunday",studio,"data/midi/studio/Dick Hyman/Dick Hyman Plays Duke Ellington/Black, Brown and Beige -  Come Sunday.midi","data/audio/studio/Dick Hyman/Dick Hyman Plays Duke Ellington/Black, Brown and Beige -  Come Sunday.mp3",https://www.youtube.com/watch?v=SD8Y1E0OrJw,194.88,0,194,train,train,train,train,0d76f88f-906f-4ade-94f9-0399b94752c0,73223907-8faf-4ad2-b7a7-a80932b9b57d,dab1ad75-3ea3-4071-91c4-7a66475599d4,bb799f25-5011-3e8e-80a2-b08ad36a954a,ed17891f-fda6-467e-8e7e-4da1418688f1,0.924838940586972,112
232,729,Abdullah Ibrahim,Dream Time,The Ballance,studio,data/midi/studio/Abdullah Ibrahim/Dream Time/The Ballance.midi,data/audio/studio/Abdullah Ibrahim/Dream Time/The Ballance.mp3,https://www.youtube.com/watch?v=27GudKrdkbY,182.544,0,182,train,train,train,train,88bfd3a2-c53a-4dc1-8aed-d8633035b223,cd84f0d5-7f35-44da-ac2f-2bc2331d324c,fd64e185-9973-44d5-ad09-5d5562804292,8f50bcb7-1231-4a05-93a8-47b947e3fe07,90c0c2cf-846e-4ea6-8ed7-98d8e9ccb0b1,0.9572798605056668,238
233,734,Abdullah Ibrahim,Senzo,Meditation  Mummy,studio,data/midi/studio/Abdullah Ibrahim/Senzo/Meditation  Mummy.midi,data/audio/studio/Abdullah Ibrahim/Senzo/Meditation  Mummy.mp3,https://www.youtube.com/watch?v=V5FNcz2-_uM,136.56,0,136,train,train,train,train,631bc345-0d6f-4643-8df1-3877c87efa88,f50423f6-1d01-4cb7-bc86-9c2ff6579a60,fd64e185-9973-44d5-ad09-5d5562804292,d43dd09e-09d4-349e-b9b9-5d1347d390dd,054a7ff8-8a6f-42a3-97c2-95c887127023,0.8634751773049646,81
234,736,Tete Montoliu,Yellow Dolphin Street,If You Could See Me Now,studio,data/midi/studio/Tete Montoliu/Yellow Dolphin Street/If You Could See Me Now.midi,data/audio/studio/Tete Montoliu/Yellow Dolphin Street/If You Could See Me Now.mp3,https://www.youtube.com/watch?v=foEokkQ3oDA,321.144,0,321,test,train,train,train,2e46df8c-eb5c-4eeb-b755-9b39160ac8ea,fdc99fea-265b-4169-b869-0b4947983d82,769d402e-20c3-40ec-8369-86fe8120bce8,a41691cc-8c40-47ee-b86a-79787ce3693e,199f6516-230a-49da-83fa-36c3904fb6bb,0.9490630773291104,43
235,744,Horace Parlan,The Maestro,Peace,studio,data/midi/studio/Horace Parlan/The Maestro/Peace.midi,data/audio/studio/Horace Parlan/The Maestro/Peace.mp3,https://www.youtube.com/watch?v=Qa4W0_qcBrQ,315.0,0,315,train,train,val,train,,,,,,0.927794263105836,24
236,745,Art Tatum,"The Art Tatum Solo Masterpieces, Vol. 5",Makin' Whoopee,studio,"data/midi/studio/Art Tatum/The Art Tatum Solo Masterpieces, Vol. 5/Makin' Whoopee.midi","data/audio/studio/Art Tatum/The Art Tatum Solo Masterpieces, Vol. 5/Makin' Whoopee.mp3",https://www.youtube.com/watch?v=3dTR24h0NOE,166.104,0,166,train,train,train,train,aaeb2173-cbaa-4478-9b61-0ba4755e1933,6c658e23-5d2c-43a2-b311-43309caf18f7,e073f6af-d696-4340-b847-e81fabc4d55b,2dc8ab21-46b9-355b-9229-7cd57c9f4090,48a485d9-03be-442d-8811-9f35f6dfa2dd,0.9240674955595026,210
237,747,Dick Hyman,Dick Hyman Plays Variations on Richard Rodgers -  Rodgers & Hammerstein,Getting To Know You,studio,data/midi/studio/Dick Hyman/Dick Hyman Plays Variations on Richard Rodgers -  Rodgers & Hammerstein/Getting To Know You.midi,data/audio/studio/Dick Hyman/Dick Hyman Plays Variations on Richard Rodgers -  Rodgers & Hammerstein/Getting To Know You.mp3,https://www.youtube.com/watch?v=O0y1VUiQqzo,331.392,0,331,train,train,train,train,1a0da1c6-90e4-4041-a678-bcbef87b2099,f54bfec3-6668-4a6a-911a-a5673a205be1,dab1ad75-3ea3-4071-91c4-7a66475599d4,b13580a0-9fe8-45da-81db-a98bf1e9dbd5,c1decd9d-70d8-4cde-94dc-304c5b039b40,0.966874881696006,89
238,748,Abdullah Ibrahim,Ode to Duke Ellington (At Duke's Place),What Really Happened in the Cornfields Is That the Birds Made Music All the Day and so I Let a Song Go out of My Heart at Duke's Place,studio,data/midi/studio/Abdullah Ibrahim/Ode to Duke Ellington (At Duke's Place)/What Really Happened in the Cornfields Is That the Birds Made Music All the Day and so I Let a Song Go out of My Heart at Duke's Place.midi,data/audio/studio/Abdullah Ibrahim/Ode to Duke Ellington (At Duke's Place)/What Really Happened in the Cornfields Is That the Birds Made Music All the Day and so I Let a Song Go out of My Heart at Duke's Place.mp3,https://www.youtube.com/watch?v=D_jIJ7r3kEw,393.696,0,393,val,train,train,train,fb7f53f4-56f3-4148-8273-bc0ed50fb4b2,6d3733e3-4424-474a-8e91-f515a82a7d79,fd64e185-9973-44d5-ad09-5d5562804292,2e4d46cd-a486-3e31-a74e-22e2885b4889,85b7531b-8779-4ff2-8f0b-8d75109d4c1c,0.3972780298120544,135
239,753,Dick Hyman,Dick Hyman Plays Fats Waller,Bach Up to Me,studio,data/midi/studio/Dick Hyman/Dick Hyman Plays Fats Waller/Bach Up to Me.midi,data/audio/studio/Dick Hyman/Dick Hyman Plays Fats Waller/Bach Up to Me.mp3,https://www.youtube.com/watch?v=BzX3u8TayPs,157.872,0,157,train,train,train,train,28cdca83-f49e-4af3-81ce-55e31ec0985f,ff90bf37-c8b8-4a3c-9c73-1c4a9cce25ad,dab1ad75-3ea3-4071-91c4-7a66475599d4,4a1c4710-c7c4-3e06-b943-944089239519,bfb770bf-d15c-4b7c-8c8a-76b71617895f,0.9082937522835222,172
240,761,Dick Hyman,In Recital (Live),Music in the Air -  The Song Is You,studio,data/midi/studio/Dick Hyman/In Recital (Live)/Music in the Air -  The Song Is You.midi,data/audio/studio/Dick Hyman/In Recital (Live)/Music in the Air -  The Song Is You.mp3,https://www.youtube.com/watch?v=sBOJQVjCLgY,322.56,0,322,test,train,train,train,2940024f-5537-47f4-b28d-273f22465c29,2dbc2fd1-36b0-4bac-ab40-d45d8c54dafa,dab1ad75-3ea3-4071-91c4-7a66475599d4,b7cb86e4-2631-3834-bce3-3a1ee3abce99,6cd0a6ee-ba70-4a93-99e9-202b3ceaac36,0.8881572576740583,240
241,762,Dick Hyman,Dick Hyman Plays Fats Waller,My fate is in your hands,studio,data/midi/studio/Dick Hyman/Dick Hyman Plays Fats Waller/My fate is in your hands.midi,data/audio/studio/Dick Hyman/Dick Hyman Plays Fats Waller/My fate is in your hands.mp3,https://www.youtube.com/watch?v=MBGMpcDv08w,368.976,0,369,train,train,train,train,d135e5fe-f7d5-4aa2-9770-19c75bdc010d,ff90bf37-c8b8-4a3c-9c73-1c4a9cce25ad,dab1ad75-3ea3-4071-91c4-7a66475599d4,fa4d92d3-7429-3c84-aba6-6a8977e4fb77,5bdb402f-0a66-4d70-868a-8a4fe965dd1a,0.9249806651198762,172
242,774,Dick Hyman,Dick Hyman Plays Duke Ellington,Doin' the Voom Voom,studio,data/midi/studio/Dick Hyman/Dick Hyman Plays Duke Ellington/Doin' the Voom Voom.midi,data/audio/studio/Dick Hyman/Dick Hyman Plays Duke Ellington/Doin' the Voom Voom.mp3,https://www.youtube.com/watch?v=y9Erwf-PbUY,199.896,0,199,val,train,train,train,f1d6b498-f44e-4507-a65b-6582b8ccd62b,73223907-8faf-4ad2-b7a7-a80932b9b57d,dab1ad75-3ea3-4071-91c4-7a66475599d4,fafafc79-dfcb-3a20-a246-fd0d5c838402,1febd7bb-848f-42a5-8ed8-f6b4fd41ad33,0.9196906603212374,112
243,802,Dick Hyman,Dick Hyman Plays Variations on Richard Rodgers -  Rodgers & Hammerstein,Happy Talk,studio,data/midi/studio/Dick Hyman/Dick Hyman Plays Variations on Richard Rodgers -  Rodgers & Hammerstein/Happy Talk.midi,data/audio/studio/Dick Hyman/Dick Hyman Plays Variations on Richard Rodgers -  Rodgers & Hammerstein/Happy Talk.mp3,https://www.youtube.com/watch?v=dVC9Ns3rfOU,224.4,0,224,train,train,train,train,2318be2f-72f2-4c8d-8ba9-f59062450090,f54bfec3-6668-4a6a-911a-a5673a205be1,dab1ad75-3ea3-4071-91c4-7a66475599d4,50668d79-ecc5-4371-8c33-f36b0d5f84be,21070e6b-808e-4bba-99d0-f702fbc5cbfd,0.9495635305528612,89
244,803,Erroll Garner,Afternoon Of An Elf,St. James Infirmary,studio,data/midi/studio/Erroll Garner/Afternoon Of An Elf/St. James Infirmary.midi,data/audio/studio/Erroll Garner/Afternoon Of An Elf/St. James Infirmary.mp3,https://www.youtube.com/watch?v=m352G7UKmYk,368.664,0,368,train,train,train,train,3b97eb9b-66df-4b4c-b920-d4f08997a60a,59a3fd48-96af-4486-b06a-eba0cec954c9,75bd5186-9d89-4da9-95de-fce055c28895,06741403-ede8-302a-95b8-a75ccb3e82fc,f9efa44d-2a70-46ce-8f0d-c0311fd2601e,0.8037367158039082,65
245,804,Art Tatum,"The Art Tatum Solo Masterpieces, Vol. 4",Isn't This A Lovely Day,studio,"data/midi/studio/Art Tatum/The Art Tatum Solo Masterpieces, Vol. 4/Isn't This A Lovely Day.midi","data/audio/studio/Art Tatum/The Art Tatum Solo Masterpieces, Vol. 4/Isn't This A Lovely Day.mp3",https://www.youtube.com/watch?v=p5nJtd75bwM,212.568,0,212,train,train,train,train,138bd882-f345-4bea-925b-6f3df5f33ce2,d5fa77dd-666e-43b0-ac4c-c47b024fa47a,e073f6af-d696-4340-b847-e81fabc4d55b,c59d73f9-4669-318b-846f-2135f49a1ae5,c8378b5b-1aa2-4447-921a-c4968917d782,0.9130434782608696,241
246,809,Erroll Garner,Soliloquy,You'd Be So Nice to Come Home To,studio,data/midi/studio/Erroll Garner/Soliloquy/You'd Be So Nice to Come Home To.midi,data/audio/studio/Erroll Garner/Soliloquy/You'd Be So Nice to Come Home To.mp3,https://www.youtube.com/watch?v=5nkuA6vqlak,381.816,0,381,val,train,test,train,ba3e5601-f426-40dc-b579-f388ecb6b1af,4a9a2d8a-8d75-4ce7-9486-8d5d82e5f971,75bd5186-9d89-4da9-95de-fce055c28895,b18d3071-325e-4bcd-a85c-fa886fa345a4,127fc153-bc8e-4fef-8adb-20586e51a0e0,0.8516330215000821,251
247,811,Art Tatum,"The Art Tatum Solo Masterpieces, Vol. 3",Yesterdays,studio,"data/midi/studio/Art Tatum/The Art Tatum Solo Masterpieces, Vol. 3/Yesterdays.midi","data/audio/studio/Art Tatum/The Art Tatum Solo Masterpieces, Vol. 3/Yesterdays.mp3",https://www.youtube.com/watch?v=3v6WbbtU7Ts,207.264,0,207,train,train,train,train,69e6d5e9-a92d-420a-964e-6746455004c3,fdca5f37-0fbb-4438-b9b8-368c75e3719f,e073f6af-d696-4340-b847-e81fabc4d55b,5636125d-a3d2-3cfd-8431-f8b4083f5578,770f8094-3102-435d-ad30-8092979f39cc,0.9208663950246624,22
248,814,Dave McKenna,Dave Fingers McKenna,San Antonio Rose,studio,data/midi/studio/Dave McKenna/Dave Fingers McKenna/San Antonio Rose.midi,data/audio/studio/Dave McKenna/Dave Fingers McKenna/San Antonio Rose.mp3,https://www.youtube.com/watch?v=_LZwKdkGjhk,274.032,0,274,train,train,train,train,1171cba0-b194-4a6a-b879-7adfcf1efa6e,c00dae75-1840-46fd-95bc-1929a6206141,a048dfa0-5ce1-40ca-bcdf-56f9d56b32ae,0a3de73e-0ab4-4a47-a3a4-146320869531,a794dbed-cf25-4e5d-bb61-b683c02244bf,0.8725281411621539,12
249,815,George Cables,"You Don't Know Me, Vol. 2",Go Down Moses,studio,"data/midi/studio/George Cables/You Don't Know Me, Vol. 2/Go Down Moses.midi","data/audio/studio/George Cables/You Don't Know Me, Vol. 2/Go Down Moses.mp3",https://www.youtube.com/watch?v=9MgNp0N9rTk,308.424,0,308,train,train,train,val,d58b34fb-cdbf-4278-ac11-fd0c119e3ab4,59870feb-0aa5-42e6-adff-1e29e8ad3121,7d3aa1dd-5e8b-47f3-a65b-41d78c725ce3,3f4a74e4-bd25-4b5c-8088-e34cf2f2e4b2,3f49c54f-3847-4702-ba1c-3ae22002905e,0.9186418962203716,36
250,816,Art Tatum,"The Art Tatum Solo Masterpieces, Vol. 2",Elegy,studio,"data/midi/studio/Art Tatum/The Art Tatum Solo Masterpieces, Vol. 2/Elegy.midi","data/audio/studio/Art Tatum/The Art Tatum Solo Masterpieces, Vol. 2/Elegy.mp3",https://www.youtube.com/watch?v=T9mH46Qwl8E,216.36,0,216,train,train,train,train,5df46309-1a13-4d38-b00f-ca22ccbc24b9,f667da54-eba6-4d21-84ed-d7a703c51eee,e073f6af-d696-4340-b847-e81fabc4d55b,82bce594-0bf3-3260-bbaf-9bec78b962bc,12f23033-8565-48c6-929a-5295b6af00ed,0.8694758478931142,218
251,819,Andy Laverne,Tadd's Delight,The Scene Is Clean,studio,data/midi/studio/Andy Laverne/Tadd's Delight/The Scene Is Clean.midi,data/audio/studio/Andy Laverne/Tadd's Delight/The Scene Is Clean.mp3,https://www.youtube.com/watch?v=dRy_pFiSML0,356.832,0,356,train,train,train,train,6ea12770-31e0-4da6-bd8b-caa21122c509,a8ca6fa7-b561-4799-9b2e-ceae5efa48be,e88ae791-cd20-4298-943a-66fd6d222698,259ac017-3fd7-4ff6-af7a-1af23569886c,7457ade8-f6f9-4ed0-b75e-00fc1ca5dcb1,0.9215121857608904,140
252,821,Dick Hyman,Dick Hyman Plays Variations on Richard Rodgers -  Rodgers & Hart,Spring Is Here,studio,data/midi/studio/Dick Hyman/Dick Hyman Plays Variations on Richard Rodgers -  Rodgers & Hart/Spring Is Here.midi,data/audio/studio/Dick Hyman/Dick Hyman Plays Variations on Richard Rodgers -  Rodgers & Hart/Spring Is Here.mp3,https://www.youtube.com/watch?v=1kQU0hGxKe0,256.416,0,256,train,test,train,train,60091fc4-de69-46a0-8bdd-8afce75e3ab1,1ebff91a-54b7-4a2f-80e8-dc5d463a4464,dab1ad75-3ea3-4071-91c4-7a66475599d4,f09e3736-4036-499c-8837-e1359b51abbc,9597e364-10f8-41de-833e-f215b4651a00,0.940766550522648,206
253,826,Dave McKenna,Easy Street,On Green Dolphin Street,studio,data/midi/studio/Dave McKenna/Easy Street/On Green Dolphin Street.midi,data/audio/studio/Dave McKenna/Easy Street/On Green Dolphin Street.mp3,https://www.youtube.com/watch?v=eiIIptGv3hw,319.272,0,319,test,train,train,train,7917c7a9-0d5d-437c-ae0a-4775c92f0ee8,36e5a197-8351-4e22-a4e6-63f0f20862ef,a048dfa0-5ce1-40ca-bcdf-56f9d56b32ae,c4645a52-8376-3fef-b84b-aa4d97c7ace4,e1c22a85-4eb0-442e-ab5a-837aede0807d,0.8946295037389531,243
254,832,Abdullah Ibrahim,Dream Time,Blue Bolero - Blue Bolero II,studio,data/midi/studio/Abdullah Ibrahim/Dream Time/Blue Bolero - Blue Bolero II.midi,data/audio/studio/Abdullah Ibrahim/Dream Time/Blue Bolero - Blue Bolero II.mp3,https://www.youtube.com/watch?v=pEof6cvuv2I,36.096,0,36,train,train,train,train,233c95a1-dd0e-4fc7-b2ea-a6838ca2ce59,cd84f0d5-7f35-44da-ac2f-2bc2331d324c,fd64e185-9973-44d5-ad09-5d5562804292,b19833a6-ec0b-4c8c-8596-83b103feec39,6c9d9567-0913-44fa-a3fb-1ac03504f528,0.8811188811188813,238
255,835,Erroll Garner,Afternoon Of An Elf,Afternoon Of An Elf,studio,data/midi/studio/Erroll Garner/Afternoon Of An Elf/Afternoon Of An Elf.midi,data/audio/studio/Erroll Garner/Afternoon Of An Elf/Afternoon Of An Elf.mp3,https://www.youtube.com/watch?v=Gz9nX5-k_uM,354.072,0,354,test,train,train,train,9577ac5b-80fe-4466-898e-0f711c0ec2b4,59a3fd48-96af-4486-b06a-eba0cec954c9,75bd5186-9d89-4da9-95de-fce055c28895,67ff9dfc-2fc1-3a61-9733-d185ef841d2d,7d94fbd6-38d8-4d53-8c88-739d55ac6fb1,0.8934762773722628,65
256,836,Dave McKenna,Easy Street,Gone With The Wind,studio,data/midi/studio/Dave McKenna/Easy Street/Gone With The Wind.midi,data/audio/studio/Dave McKenna/Easy Street/Gone With The Wind.mp3,https://www.youtube.com/watch?v=swBv9XWjTYA,257.136,0,257,train,train,train,train,50553d4c-c618-410f-9e1d-4a38d22dfdfe,36e5a197-8351-4e22-a4e6-63f0f20862ef,a048dfa0-5ce1-40ca-bcdf-56f9d56b32ae,3f8067cf-3d68-32c1-bfa7-245dbc17f563,165a6286-2495-4059-a9dd-c112300a9f31,0.8782699686083013,243
257,838,Tete Montoliu,The Music I Like To Play - Vol. 4,Fair Weather,studio,data/midi/studio/Tete Montoliu/The Music I Like To Play - Vol. 4/Fair Weather.midi,data/audio/studio/Tete Montoliu/The Music I Like To Play - Vol. 4/Fair Weather.mp3,https://www.youtube.com/watch?v=iOXyR4j02f0,258.024,0,258,train,val,train,train,,,,,,0.9759229534510432,80
258,839,Dick Hyman,Dick Hyman Plays Variations on Richard Rodgers -  Rodgers & Hammerstein,It Might As Well Be Spring,studio,data/midi/studio/Dick Hyman/Dick Hyman Plays Variations on Richard Rodgers -  Rodgers & Hammerstein/It Might As Well Be Spring.midi,data/audio/studio/Dick Hyman/Dick Hyman Plays Variations on Richard Rodgers -  Rodgers & Hammerstein/It Might As Well Be Spring.mp3,https://www.youtube.com/watch?v=WSUIt8vg-3U,333.264,0,333,train,train,train,train,e078e24d-898e-4bcf-9b18-ee97cce9bc8a,f54bfec3-6668-4a6a-911a-a5673a205be1,dab1ad75-3ea3-4071-91c4-7a66475599d4,15c31950-ea20-4a0c-89d7-7c4ca6bcda23,00b7cb5f-56df-48f6-a947-7beab6be5b57,0.9564686737184704,89
259,841,Art Tatum,"The Art Tatum Solo Masterpieces, Vol. 3",Begin The Beguine,studio,"data/midi/studio/Art Tatum/The Art Tatum Solo Masterpieces, Vol. 3/Begin The Beguine.midi","data/audio/studio/Art Tatum/The Art Tatum Solo Masterpieces, Vol. 3/Begin The Beguine.mp3",https://www.youtube.com/watch?v=4f34KvEANKg,178.128,0,178,val,train,train,train,a48d6843-6e81-4db8-b739-29f063551019,fdca5f37-0fbb-4438-b9b8-368c75e3719f,e073f6af-d696-4340-b847-e81fabc4d55b,6381bf22-8b83-3a7f-97b1-9584a88c3241,39792166-b13c-4dbe-8284-f5061f8ba5a0,0.9094982078853046,22
260,843,Abdullah Ibrahim,The Song Is My Story,"For Coltrane, Pt. 2",studio,"data/midi/studio/Abdullah Ibrahim/The Song Is My Story/For Coltrane, Pt. 2.midi","data/audio/studio/Abdullah Ibrahim/The Song Is My Story/For Coltrane, Pt. 2.mp3",https://www.youtube.com/watch?v=ZLVkT9xyrQw,268.032,0,268,train,train,val,val,5f1972e7-bb3a-464f-b3a6-63cc72eda19f,8dd2d9b6-5354-468c-8b0b-dbd0ff5a1090,fd64e185-9973-44d5-ad09-5d5562804292,24a40b86-7282-47b1-8c8d-f71187665363,4054b037-45aa-4ef5-b050-46c601d53731,0.8966887417218543,109
261,845,Dick Hyman,September Song - Dick Hyman Plays the Music of Kurt Weill,Foolish Heart,studio,data/midi/studio/Dick Hyman/September Song - Dick Hyman Plays the Music of Kurt Weill/Foolish Heart.midi,data/audio/studio/Dick Hyman/September Song - Dick Hyman Plays the Music of Kurt Weill/Foolish Heart.mp3,https://www.youtube.com/watch?v=CPs-Uav58kg,134.616,0,134,train,train,train,train,,,,,,0.9130434782608696,60
262,847,Abdullah Ibrahim,Solotude,District 6 (Reprise),studio,data/midi/studio/Abdullah Ibrahim/Solotude/District 6 (Reprise).midi,data/audio/studio/Abdullah Ibrahim/Solotude/District 6 (Reprise).mp3,https://www.youtube.com/watch?v=qmBPautFM1g,14.832,0,14,train,test,train,train,b07ed093-6f67-42ef-8aa3-965e9de7124d,a7f3e66d-6b62-4e27-b75c-5b45e92d39c6,fd64e185-9973-44d5-ad09-5d5562804292,d2c3fe8f-d05a-4f62-99b7-5dff4285bba0,8f2f3a4d-470b-4e7a-b2c7-94c9d3b201c6,0.9361702127659576,129
263,850,Abdullah Ibrahim,Dream Time,Blue Bolero - Blue Bolero I,studio,data/midi/studio/Abdullah Ibrahim/Dream Time/Blue Bolero - Blue Bolero I.midi,data/audio/studio/Abdullah Ibrahim/Dream Time/Blue Bolero - Blue Bolero I.mp3,https://www.youtube.com/watch?v=o0M7b3aiT3I,161.328,0,161,train,train,train,train,391de30a-ecd4-49e1-82cc-f16281a35c6f,cd84f0d5-7f35-44da-ac2f-2bc2331d324c,fd64e185-9973-44d5-ad09-5d5562804292,70493c2d-48b1-4a96-987b-4c90a25a6189,48abffbc-032c-4461-8eab-0fc44c9ce6dd,0.9271317829457364,238
264,854,Dick Hyman,Dick Hyman Plays Variations on Richard Rodgers -  Rodgers & Hart,"If They Asked Me, I Could Write A Book",studio,"data/midi/studio/Dick Hyman/Dick Hyman Plays Variations on Richard Rodgers -  Rodgers & Hart/If They Asked Me, I Could Write A Book.midi","data/audio/studio/Dick Hyman/Dick Hyman Plays Variations on Richard Rodgers -  Rodgers & Hart/If They Asked Me, I Could Write A Book.mp3",https://www.youtube.com/watch?v=CVem7lISkVs,162.672,0,162,val,test,train,train,8d8fb1ab-9aaf-4ae6-b5c4-bdcece4ae2ca,1ebff91a-54b7-4a2f-80e8-dc5d463a4464,dab1ad75-3ea3-4071-91c4-7a66475599d4,1effb924-90f0-4b57-870b-cfbee881f4ce,3a58d0bb-8bba-401f-8274-8ee6edab5480,0.933145009416196,206
265,855,Hank Jones,Handful Of Keys,"How Ya, Baby  - Instrumental",studio,"data/midi/studio/Hank Jones/Handful Of Keys/How Ya, Baby  - Instrumental.midi","data/audio/studio/Hank Jones/Handful Of Keys/How Ya, Baby  - Instrumental.mp3",https://www.youtube.com/watch?v=D0Uc1t8R9Sw,192.408,0,192,train,train,train,train,47b5e6fd-e187-4dc5-95a7-79447ab73b40,3836130b-cdca-4ea2-93b7-b95ba5ec6896,80d610fe-7771-4226-aa9b-950944791698,6c72a37d-4478-303c-8e35-a182fd1ae691,3ff73036-90f7-43ce-a3bc-f73575aaafcc,0.8513566653558791,128
266,858,Art Tatum,"The Art Tatum Solo Masterpieces, Vol. 7",Moon Song,studio,"data/midi/studio/Art Tatum/The Art Tatum Solo Masterpieces, Vol. 7/Moon Song.midi","data/audio/studio/Art Tatum/The Art Tatum Solo Masterpieces, Vol. 7/Moon Song.mp3",https://www.youtube.com/watch?v=bj1_W10Rgn0,278.952,0,279,train,train,val,train,,0bf8a7ae-c35a-4e44-9dcb-d758eef9cd4f,e073f6af-d696-4340-b847-e81fabc4d55b,752af550-e670-3788-b671-f26cff0496ef,bd255366-e835-49ae-a008-7a60acaad0cb,0.9091538328430524,56
267,859,Dick Hyman,September Song - Dick Hyman Plays the Music of Kurt Weill,Green-up Time,studio,data/midi/studio/Dick Hyman/September Song - Dick Hyman Plays the Music of Kurt Weill/Green-up Time.midi,data/audio/studio/Dick Hyman/September Song - Dick Hyman Plays the Music of Kurt Weill/Green-up Time.mp3,https://www.youtube.com/watch?v=l3_47qO92zw,144.672,0,144,train,train,train,train,,,,,,0.929806181246726,60
268,862,Dick Hyman,September Song - Dick Hyman Plays the Music of Kurt Weill,Speak Low,studio,data/midi/studio/Dick Hyman/September Song - Dick Hyman Plays the Music of Kurt Weill/Speak Low.midi,data/audio/studio/Dick Hyman/September Song - Dick Hyman Plays the Music of Kurt Weill/Speak Low.mp3,https://www.youtube.com/watch?v=CsHpOeTKTWg,115.128,0,115,train,train,train,train,,,,,,0.8648363252375924,60
269,863,Art Tatum,"The Art Tatum Solo Masterpieces, Vol. 2",September Song,studio,"data/midi/studio/Art Tatum/The Art Tatum Solo Masterpieces, Vol. 2/September Song.midi","data/audio/studio/Art Tatum/The Art Tatum Solo Masterpieces, Vol. 2/September Song.mp3",https://www.youtube.com/watch?v=PuGYtWM7s14,248.232,0,248,test,train,train,train,,,,,,0.906527868141401,218
270,864,Dave McKenna,Dave Fingers McKenna,My Melancholy Baby,studio,data/midi/studio/Dave McKenna/Dave Fingers McKenna/My Melancholy Baby.midi,data/audio/studio/Dave McKenna/Dave Fingers McKenna/My Melancholy Baby.mp3,https://www.youtube.com/watch?v=GAM-3PjNl-M,341.04,0,341,train,train,train,train,e25da4ea-2439-4917-afa3-f576bf5fe5b8,c00dae75-1840-46fd-95bc-1929a6206141,a048dfa0-5ce1-40ca-bcdf-56f9d56b32ae,dd31071a-2924-41b3-971c-4bd3964da967,b2038ef5-988e-4153-8ed1-7db68c6953e4,0.8467222134884452,12
271,866,Tete Montoliu,The Music I Like To Play - Vol.2,Parker's Mood,studio,data/midi/studio/Tete Montoliu/The Music I Like To Play - Vol.2/Parker's Mood.midi,data/audio/studio/Tete Montoliu/The Music I Like To Play - Vol.2/Parker's Mood.mp3,https://www.youtube.com/watch?v=gMDJW8Is_vs,305.04,0,305,train,train,train,train,,,,,,0.960179193628671,235
272,867,Dick Hyman,Dick Hyman Plays Fats Waller,Ain't Misbehavin',studio,data/midi/studio/Dick Hyman/Dick Hyman Plays Fats Waller/Ain't Misbehavin'.midi,data/audio/studio/Dick Hyman/Dick Hyman Plays Fats Waller/Ain't Misbehavin'.mp3,https://www.youtube.com/watch?v=2uZcbDVVUmE,354.144,0,354,train,train,train,train,457f9c7b-de3f-4051-9f76-c62ac9a2c2df,ff90bf37-c8b8-4a3c-9c73-1c4a9cce25ad,dab1ad75-3ea3-4071-91c4-7a66475599d4,4fffb10c-00ec-3c73-83d0-2be4bc48802d,b7d5f0a2-8821-4b6a-afec-d8568170d250,0.9306431273644388,172
273,868,Oscar Peterson,"Exclusively for My Friends -  My Favorite Instrument, Vol. IV",Take the 'A' Train - Live,studio,"data/midi/studio/Oscar Peterson/Exclusively for My Friends -  My Favorite Instrument, Vol. IV/Take the 'A' Train - Live.midi","data/audio/studio/Oscar Peterson/Exclusively for My Friends -  My Favorite Instrument, Vol. IV/Take the 'A' Train - Live.mp3",https://www.youtube.com/watch?v=nkbsGNFtgh8,157.608,0,157,train,train,val,train,,,,,,0.8563746358951377,90
274,873,Art Tatum,The Complete Capitol Recordings (Vol. One),Sweet Lorraine,studio,data/midi/studio/Art Tatum/The Complete Capitol Recordings (Vol. One)/Sweet Lorraine.midi,data/audio/studio/Art Tatum/The Complete Capitol Recordings (Vol. One)/Sweet Lorraine.mp3,https://www.youtube.com/watch?v=0Nd96XRNW2c,159.12,0,159,train,train,train,train,,ef3e0d7b-de4a-41c9-97e9-f7b960daa2c3,e073f6af-d696-4340-b847-e81fabc4d55b,be3b0f2a-c09e-3a9d-ad2b-ea1ff8ef00e0,ff130574-6c5c-4a9d-b4b3-908d493fc552,0.899929692992735,211
275,877,Abdullah Ibrahim,Dream Time,Trieste My Love,studio,data/midi/studio/Abdullah Ibrahim/Dream Time/Trieste My Love.midi,data/audio/studio/Abdullah Ibrahim/Dream Time/Trieste My Love.mp3,https://www.youtube.com/watch?v=TvRwrp0sbzA,72.144,0,72,val,train,train,train,,,,,,0.933774834437086,238
276,888,Art Tatum,"The Art Tatum Solo Masterpieces, Vol. 6",There's A Small Hotel,studio,"data/midi/studio/Art Tatum/The Art Tatum Solo Masterpieces, Vol. 6/There's A Small Hotel.midi","data/audio/studio/Art Tatum/The Art Tatum Solo Masterpieces, Vol. 6/There's A Small Hotel.mp3",https://www.youtube.com/watch?v=wUCrtIJGoiQ,307.752,0,307,train,train,train,train,bb0e8f48-c3e8-4493-a635-76c116a861f5,096dda47-78c8-4f4f-a130-b673dad90198,e073f6af-d696-4340-b847-e81fabc4d55b,249d85a9-7fce-390b-8f84-845359e1eb02,e127b5c6-c3fd-422f-82d9-a57b5fc984c2,0.8947821594627174,225
277,891,Tete Montoliu,The Music I Like To Play - Vol. 4,Soul Eyes,studio,data/midi/studio/Tete Montoliu/The Music I Like To Play - Vol. 4/Soul Eyes.midi,data/audio/studio/Tete Montoliu/The Music I Like To Play - Vol. 4/Soul Eyes.mp3,https://www.youtube.com/watch?v=l0cvb_9lEGc,495.024,0,495,train,val,train,train,,,,,,0.9644139732288606,80
278,893,Cedar Walton,Underground Memoirs,Sophisticated Lady,studio,data/midi/studio/Cedar Walton/Underground Memoirs/Sophisticated Lady.midi,data/audio/studio/Cedar Walton/Underground Memoirs/Sophisticated Lady.mp3,https://www.youtube.com/watch?v=pHQI2RZO4bg,346.536,0,346,train,train,train,test,,,,,,0.8845047266748869,27
279,895,Dave McKenna,Dave Fingers McKenna,Somebody Else Is Taking My Place,studio,data/midi/studio/Dave McKenna/Dave Fingers McKenna/Somebody Else Is Taking My Place.midi,data/audio/studio/Dave McKenna/Dave Fingers McKenna/Somebody Else Is Taking My Place.mp3,https://www.youtube.com/watch?v=IcRh0DCfI5M,220.176,0,220,train,train,train,train,214163e0-0711-4e45-ba5f-14a2e9b51e09,c00dae75-1840-46fd-95bc-1929a6206141,a048dfa0-5ce1-40ca-bcdf-56f9d56b32ae,3d136db2-3950-446c-8c29-f3bbd10f7634,e036fea5-034b-4b6d-8ed3-6278ad51cef8,0.8391332895600788,12
280,896,Hank Jones,SOLO 1976 A Tribute to Duke Ellington,Do Nothin' Till You Hear From Me,studio,data/midi/studio/Hank Jones/SOLO 1976 A Tribute to Duke Ellington/Do Nothin' Till You Hear From Me.midi,data/audio/studio/Hank Jones/SOLO 1976 A Tribute to Duke Ellington/Do Nothin' Till You Hear From Me.mp3,https://www.youtube.com/watch?v=Rus2rEJCxM8,222.336,0,222,train,test,train,val,f7761f69-562e-44ad-87d8-fbd32dd611cb,55b7f2e2-d0b8-41a0-a66f-9e1b2540a951,80d610fe-7771-4226-aa9b-950944791698,bd5fef29-cb72-38c1-b287-9302bb57d88c,a437fc98-7af8-45a8-9aa5-dc38816c7790,0.8929384965831435,174
281,898,Erroll Garner,Soliloquy,No More Time,studio,data/midi/studio/Erroll Garner/Soliloquy/No More Time.midi,data/audio/studio/Erroll Garner/Soliloquy/No More Time.mp3,https://www.youtube.com/watch?v=9za9SWLBzJI,392.784,0,392,train,train,test,train,554ee4c4-d225-4327-b55e-b05d7706391e,4a9a2d8a-8d75-4ce7-9486-8d5d82e5f971,75bd5186-9d89-4da9-95de-fce055c28895,5081707b-9913-407e-a7b9-83f383f959b4,ccb77c57-4e2c-4aec-991e-9b6aa7f6add8,0.861257530120482,251
282,900,Dave McKenna,This Is New -  Teddi King Sings Ira Gershwin,Long Ago And Far Away (Dave McKenna Piano Solo),studio,data/midi/studio/Dave McKenna/This Is New -  Teddi King Sings Ira Gershwin/Long Ago And Far Away (Dave McKenna Piano Solo).midi,data/audio/studio/Dave McKenna/This Is New -  Teddi King Sings Ira Gershwin/Long Ago And Far Away (Dave McKenna Piano Solo).mp3,https://www.youtube.com/watch?v=iWFeUjDjxv4,202.896,0,202,val,train,train,train,,,,,,0.8638195004029008,101
283,904,Erroll Garner,Solo Time! The Erroll Garner Collection Vols. 4 & 5,Old Man River,studio,data/midi/studio/Erroll Garner/Solo Time! The Erroll Garner Collection Vols. 4 & 5/Old Man River.midi,data/audio/studio/Erroll Garner/Solo Time! The Erroll Garner Collection Vols. 4 & 5/Old Man River.mp3,https://www.youtube.com/watch?v=Gc_hjoKCHIY,411.528,0,411,train,train,train,train,03d6b809-9e2b-4092-9931-3ab5f388c494,b87aea54-653a-4a63-b364-8effc6f4dd4c,75bd5186-9d89-4da9-95de-fce055c28895,acf69b9b-9188-3292-8d44-ebd1d8d7ab91,b9b00570-11d2-4220-9e08-75b65ddeef4a,0.8845604903030813,42
284,906,Dick Hyman,Autumn in New York - Dick Hyman Plays the Music of Vernon Duke,Cabin in the Sky,studio,data/midi/studio/Dick Hyman/Autumn in New York - Dick Hyman Plays the Music of Vernon Duke/Cabin in the Sky.midi,data/audio/studio/Dick Hyman/Autumn in New York - Dick Hyman Plays the Music of Vernon Duke/Cabin in the Sky.mp3,https://www.youtube.com/watch?v=MxAI3cYYDHA,168.48,0,168,train,train,train,train,,,,,,0.8969465648854962,58
285,907,Art Tatum,"The Art Tatum Solo Masterpieces, Vol. 7",Out Of Nowhere,studio,"data/midi/studio/Art Tatum/The Art Tatum Solo Masterpieces, Vol. 7/Out Of Nowhere.midi","data/audio/studio/Art Tatum/The Art Tatum Solo Masterpieces, Vol. 7/Out Of Nowhere.mp3",https://www.youtube.com/watch?v=15z4Gpn_QTg,224.712,0,224,test,train,test,train,,,,,,0.9130846430600263,56
286,911,George Cables,"You Don't Know Me, Vol. 2",Here's One,studio,"data/midi/studio/George Cables/You Don't Know Me, Vol. 2/Here's One.midi","data/audio/studio/George Cables/You Don't Know Me, Vol. 2/Here's One.mp3",https://www.youtube.com/watch?v=NVDqpjR_zDw,277.08,0,277,train,train,train,val,66e06916-bc3a-4c99-8dff-b4976f941bfe,59870feb-0aa5-42e6-adff-1e29e8ad3121,7d3aa1dd-5e8b-47f3-a65b-41d78c725ce3,7ec2d2be-c212-4d4d-a1e2-3e6758af0619,e1ca6878-2f8f-4bd8-a9db-f8ae8e910630,0.9358681875792142,36
287,920,Art Tatum,The Complete Capitol Recordings (Vol. One),Willow Weep For Me,studio,data/midi/studio/Art Tatum/The Complete Capitol Recordings (Vol. One)/Willow Weep For Me.midi,data/audio/studio/Art Tatum/The Complete Capitol Recordings (Vol. One)/Willow Weep For Me.mp3,https://www.youtube.com/watch?v=Uk0fiBC4l14,174.44571428571427,0,174,train,train,train,train,,ef3e0d7b-de4a-41c9-97e9-f7b960daa2c3,e073f6af-d696-4340-b847-e81fabc4d55b,1dee0463-30a4-3ff8-a768-04dd4aa98273,035b946c-dce7-4485-9d6f-0c8084726b3c,0.9226434426229508,211
288,921,Art Tatum,"The Art Tatum Solo Masterpieces, Vol. 7",Smoke Gets In Your Eyes,studio,"data/midi/studio/Art Tatum/The Art Tatum Solo Masterpieces, Vol. 7/Smoke Gets In Your Eyes.midi","data/audio/studio/Art Tatum/The Art Tatum Solo Masterpieces, Vol. 7/Smoke Gets In Your Eyes.mp3",https://www.youtube.com/watch?v=FvdhzS2_aAM,235.128,0,235,train,train,val,train,,0bf8a7ae-c35a-4e44-9dcb-d758eef9cd4f,e073f6af-d696-4340-b847-e81fabc4d55b,a1c25d71-4b3b-362d-a32d-0d200229be21,06843739-3ee4-41ae-845a-7de1077a7f0b,0.9066277615673196,56
289,922,Dick Hyman,Dick Hyman Plays Variations on Richard Rodgers -  Rodgers & Hart,Wait 'Til You See Her,studio,data/midi/studio/Dick Hyman/Dick Hyman Plays Variations on Richard Rodgers -  Rodgers & Hart/Wait 'Til You See Her.midi,data/audio/studio/Dick Hyman/Dick Hyman Plays Variations on Richard Rodgers -  Rodgers & Hart/Wait 'Til You See Her.mp3,https://www.youtube.com/watch?v=Zb6M0SbJuAs,260.76,0,260,train,test,train,train,e5b84812-6363-4a03-b1df-8b9b90fc92f6,1ebff91a-54b7-4a2f-80e8-dc5d463a4464,dab1ad75-3ea3-4071-91c4-7a66475599d4,9f293438-a6c8-46af-93ac-2d591ed427b0,d0f200fd-7d88-4a94-bd0b-d767fcf3bb4a,0.9550518632347292,206
290,927,Oscar Peterson,Tracks (Remastered),A Child Is Born - Remastered,studio,data/midi/studio/Oscar Peterson/Tracks (Remastered)/A Child Is Born - Remastered.midi,data/audio/studio/Oscar Peterson/Tracks (Remastered)/A Child Is Born - Remastered.mp3,https://www.youtube.com/watch?v=eqFOXHMxwfA,155.328,0,155,train,train,train,train,,,,,,0.8556962025316455,21
291,931,Dave McKenna,Dancing In The Dark,I See Your Face Before Me,studio,data/midi/studio/Dave McKenna/Dancing In The Dark/I See Your Face Before Me.midi,data/audio/studio/Dave McKenna/Dancing In The Dark/I See Your Face Before Me.mp3,https://www.youtube.com/watch?v=pLSWzcdygD8,243.0,0,243,train,test,test,train,84f01fa1-c43e-4132-a0a4-1ed7bb815d57,0b2f5406-0f30-4ecd-8c32-a00dcc8dca9d,a048dfa0-5ce1-40ca-bcdf-56f9d56b32ae,add67430-3293-4b2c-ad1f-d7545fa1b536,cee5adb4-e382-49ad-9b56-3ae4a2ab91f8,0.8466128466128466,116
292,936,Tete Montoliu,Solo Piano,Ruço,studio,data/midi/studio/Tete Montoliu/Solo Piano/Ruço.midi,data/audio/studio/Tete Montoliu/Solo Piano/Ruço.mp3,https://www.youtube.com/watch?v=Gq57BKhRJ0A,338.256,128,338,train,train,val,test,c6c069e1-c81d-42dd-852c-d2f215afa143,fdc99fea-265b-4169-b869-0b4947983d82,769d402e-20c3-40ec-8369-86fe8120bce8,7c205f40-57b5-4a03-a7df-437c2b2f475c,9595f2dc-5025-4e43-bade-64ffe63a7b32,0.9478417266187048,7
293,937,Abdullah Ibrahim,Dream Time,Sotho Blue,studio,data/midi/studio/Abdullah Ibrahim/Dream Time/Sotho Blue.midi,data/audio/studio/Abdullah Ibrahim/Dream Time/Sotho Blue.mp3,https://www.youtube.com/watch?v=yZtitJRkUbI,216.24,0,216,train,train,train,train,,,,,,0.915779283639884,238
294,941,Dave McKenna,Dave McKenna -  Solo,Yesterday(s),studio,data/midi/studio/Dave McKenna/Dave McKenna -  Solo/Yesterday(s).midi,data/audio/studio/Dave McKenna/Dave McKenna -  Solo/Yesterday(s).mp3,https://www.youtube.com/watch?v=sMg_cEWJN6g,327.024,0,327,train,train,train,train,,,,,,0.7496828752642706,97
295,943,Tete Montoliu,The Music I Like To Play - Vol.1,Old Folks,studio,data/midi/studio/Tete Montoliu/The Music I Like To Play - Vol.1/Old Folks.midi,data/audio/studio/Tete Montoliu/The Music I Like To Play - Vol.1/Old Folks.mp3,https://www.youtube.com/watch?v=envYUGRvNy8,392.04,0,392,train,train,train,train,,,,,,0.9611069558713538,100
296,947,Andy Laverne,Tadd's Delight,Ladybird,studio,data/midi/studio/Andy Laverne/Tadd's Delight/Ladybird.midi,data/audio/studio/Andy Laverne/Tadd's Delight/Ladybird.mp3,https://www.youtube.com/watch?v=mJFCRhdS1Pk,286.104,0,286,train,train,train,train,782cdd84-59e3-4171-895a-45ac2ce1f617,a8ca6fa7-b561-4799-9b2e-ceae5efa48be,e88ae791-cd20-4298-943a-66fd6d222698,5c078148-374c-42fb-86e6-dd2e14709749,be4dd5e4-2ddc-4b2c-86b2-cdd8be18ce30,0.9057211925866238,140
297,949,Art Tatum,"The Art Tatum Solo Masterpieces, Vol. 4",Stardust,studio,"data/midi/studio/Art Tatum/The Art Tatum Solo Masterpieces, Vol. 4/Stardust.midi","data/audio/studio/Art Tatum/The Art Tatum Solo Masterpieces, Vol. 4/Stardust.mp3",https://www.youtube.com/watch?v=uU9Uo2kptmI,303.6,0,303,train,train,train,train,24906928-9dea-4292-91e6-c8a773dc7a0c,d5fa77dd-666e-43b0-ac4c-c47b024fa47a,e073f6af-d696-4340-b847-e81fabc4d55b,5ee1cac9-cc43-3404-89ff-085b9f4cae49,2573d387-9496-4e82-84cf-26ddc42e4bef,0.9181773640372368,241
298,950,Dick Hyman,Dick Hyman Plays Fats Waller,I've Got a Feeling I'm Falling,studio,data/midi/studio/Dick Hyman/Dick Hyman Plays Fats Waller/I've Got a Feeling I'm Falling.midi,data/audio/studio/Dick Hyman/Dick Hyman Plays Fats Waller/I've Got a Feeling I'm Falling.mp3,https://www.youtube.com/watch?v=wxjYne6K0RI,227.904,0,227,val,train,train,train,3f581aeb-ec2c-47a5-8ced-9a2f7d3b3f3f,ff90bf37-c8b8-4a3c-9c73-1c4a9cce25ad,dab1ad75-3ea3-4071-91c4-7a66475599d4,f76bc4c6-92fc-30de-a7bb-087ee5ee09ca,4aab9e84-f2e2-473c-9139-7e504a66d312,0.9304047384007896,172
299,953,Hank Jones,SOLO 1976 A Tribute to Duke Ellington,Just Squeeze Me,studio,data/midi/studio/Hank Jones/SOLO 1976 A Tribute to Duke Ellington/Just Squeeze Me.midi,data/audio/studio/Hank Jones/SOLO 1976 A Tribute to Duke Ellington/Just Squeeze Me.mp3,https://www.youtube.com/watch?v=DLgDDN8oMVo,213.024,0,213,train,test,train,val,8703d121-d32b-40c8-accb-1503fd0393ea,55b7f2e2-d0b8-41a0-a66f-9e1b2540a951,80d610fe-7771-4226-aa9b-950944791698,fde3f7c3-8730-3ec3-94dd-4c6116cc2d0a,9516dcdd-74ca-44fe-a468-29753bda03e8,0.8916581892166836,174
300,954,Andy Laverne,Tadd's Delight,Tadd's Delight,studio,data/midi/studio/Andy Laverne/Tadd's Delight/Tadd's Delight.midi,data/audio/studio/Andy Laverne/Tadd's Delight/Tadd's Delight.mp3,https://www.youtube.com/watch?v=XDd-nRT9Tls,247.704,0,247,train,train,train,train,18e67b39-1003-42da-9ced-f19932415899,a8ca6fa7-b561-4799-9b2e-ceae5efa48be,e88ae791-cd20-4298-943a-66fd6d222698,fb236ebe-9da9-4499-a564-7f9e1108fcac,37c60755-c71f-4e47-8675-7ecdba81924c,0.9000289771080846,140
301,959,Dick Hyman,Autumn in New York - Dick Hyman Plays the Music of Vernon Duke,Suddenly,studio,data/midi/studio/Dick Hyman/Autumn in New York - Dick Hyman Plays the Music of Vernon Duke/Suddenly.midi,data/audio/studio/Dick Hyman/Autumn in New York - Dick Hyman Plays the Music of Vernon Duke/Suddenly.mp3,https://www.youtube.com/watch?v=E0vAdPQkHW4,113.472,0,113,test,train,train,train,,,,,,0.9263212705024736,58
302,961,Abdullah Ibrahim,The Song Is My Story,African Dawn,studio,data/midi/studio/Abdullah Ibrahim/The Song Is My Story/African Dawn.midi,data/audio/studio/Abdullah Ibrahim/The Song Is My Story/African Dawn.mp3,https://www.youtube.com/watch?v=8hG7BTLTs4A,39.36,0,39,train,train,test,val,312ef3b1-098e-4a65-bff6-6582860639ff,8dd2d9b6-5354-468c-8b0b-dbd0ff5a1090,fd64e185-9973-44d5-ad09-5d5562804292,48a9277d-1383-443e-83b4-1e16337130e5,265340dd-cea9-446a-835f-e0afcee26332,0.948905109489051,109
303,963,Art Tatum,"The Art Tatum Solo Masterpieces, Vol. 6",Just Like A Butterfly That's Caught In The Rain,studio,"data/midi/studio/Art Tatum/The Art Tatum Solo Masterpieces, Vol. 6/Just Like A Butterfly That's Caught In The Rain.midi","data/audio/studio/Art Tatum/The Art Tatum Solo Masterpieces, Vol. 6/Just Like A Butterfly That's Caught In The Rain.mp3",https://www.youtube.com/watch?v=fjU8zilsfrY,231.432,0,231,train,train,train,train,9b607042-6bba-4ed1-8fb2-6c180092c8a0,096dda47-78c8-4f4f-a130-b673dad90198,e073f6af-d696-4340-b847-e81fabc4d55b,1326d650-9923-3cc9-81b2-5db74097e0ee,f7f0dca5-3fa5-4307-9b55-9af8da531efa,0.9068351003834876,225
304,969,Art Tatum,"The Art Tatum Solo Masterpieces, Vol. 2",Would You Like To Take A Walk,studio,"data/midi/studio/Art Tatum/The Art Tatum Solo Masterpieces, Vol. 2/Would You Like To Take A Walk.midi","data/audio/studio/Art Tatum/The Art Tatum Solo Masterpieces, Vol. 2/Would You Like To Take A Walk.mp3",https://www.youtube.com/watch?v=lfdOZMMGs28,253.776,0,253,train,train,train,train,0f9c62fa-4d91-4b04-ada8-11c53e7c3363,f667da54-eba6-4d21-84ed-d7a703c51eee,e073f6af-d696-4340-b847-e81fabc4d55b,3d3b13e3-c24c-397a-ae76-0ebbcb43a178,d3e501a8-49f3-4dab-aa4f-10dfa0cd2ee8,0.9226145755071375,218
305,973,Dave McKenna,Easy Street,On The Street Where You Live,studio,data/midi/studio/Dave McKenna/Easy Street/On The Street Where You Live.midi,data/audio/studio/Dave McKenna/Easy Street/On The Street Where You Live.mp3,https://www.youtube.com/watch?v=4GQzWQRKdwE,239.616,0,239,train,train,train,train,874146a3-b06b-4b63-b26a-cef2a4fe3575,36e5a197-8351-4e22-a4e6-63f0f20862ef,a048dfa0-5ce1-40ca-bcdf-56f9d56b32ae,9ebdf684-a5b0-3ae6-8f35-d1e74f65be0f,c92b2137-8829-4814-82dd-957f7d8ce158,0.8877225866916589,243
306,974,Abdullah Ibrahim,Solotude,Trieste My Love,studio,data/midi/studio/Abdullah Ibrahim/Solotude/Trieste My Love.midi,data/audio/studio/Abdullah Ibrahim/Solotude/Trieste My Love.mp3,https://www.youtube.com/watch?v=n31zL7N3PY4,115.992,0,116,train,test,train,train,a2447081-8ca6-4e90-9cd7-ecf3a7052a21,a7f3e66d-6b62-4e27-b75c-5b45e92d39c6,fd64e185-9973-44d5-ad09-5d5562804292,4085edc5-0785-47b9-a8e2-99800540e554,58b881f2-d303-467a-a0b1-9d004c618a9c,0.9397590361445785,129
307,978,Abdullah Ibrahim,Senzo,Mamma,studio,data/midi/studio/Abdullah Ibrahim/Senzo/Mamma.midi,data/audio/studio/Abdullah Ibrahim/Senzo/Mamma.mp3,https://www.youtube.com/watch?v=ICcX-N6ETDU,64.584,0,64,train,train,train,train,f6b13dc4-be14-4d30-a109-6beccdb4713c,f50423f6-1d01-4cb7-bc86-9c2ff6579a60,fd64e185-9973-44d5-ad09-5d5562804292,ee028bb9-9cca-3fb9-893e-2eca403efcda,703db69f-2b0e-40e7-ad49-c4662cc4f162,0.8783610755441742,81
308,981,Cedar Walton,Underground Memoirs,Milestones,studio,data/midi/studio/Cedar Walton/Underground Memoirs/Milestones.midi,data/audio/studio/Cedar Walton/Underground Memoirs/Milestones.mp3,https://www.youtube.com/watch?v=2cn4HyYy1Oo,266.616,0,266,train,train,train,test,dbb1858d-2169-4b1a-812f-cb6835a69497,2d93a648-7830-4992-944e-c3d2317c9775,115474d3-9d44-4c96-b5d0-00891187c6e8,22850815-ccdc-3c25-8b9b-b766c2651a48,664f9fe6-e11d-455e-9920-d669f8417589,0.8873441994247364,27
309,982,Cedar Walton,Blues For Myself (Piano Solo),Bridge Work,studio,data/midi/studio/Cedar Walton/Blues For Myself (Piano Solo)/Bridge Work.midi,data/audio/studio/Cedar Walton/Blues For Myself (Piano Solo)/Bridge Work.mp3,https://www.youtube.com/watch?v=rawDKj1_cvE,208.032,0,208,train,test,test,train,9f36fdda-fa02-4fcc-bf04-30c498308638,c53ef91a-5bde-40ae-af2d-ee84d0374f72,115474d3-9d44-4c96-b5d0-00891187c6e8,e938949f-1b7e-466e-a005-d1b70093d463,e00ac538-fe94-4356-ae3c-3c3cb0c6d189,0.935656836461126,164
310,985,Dick Hyman,Autumn in New York - Dick Hyman Plays the Music of Vernon Duke,The Love I Long For,studio,data/midi/studio/Dick Hyman/Autumn in New York - Dick Hyman Plays the Music of Vernon Duke/The Love I Long For.midi,data/audio/studio/Dick Hyman/Autumn in New York - Dick Hyman Plays the Music of Vernon Duke/The Love I Long For.mp3,https://www.youtube.com/watch?v=Ancp8BWjDZo,134.64,0,134,train,train,train,train,,,,,,0.9323226854358418,58
311,989,Abdullah Ibrahim,Senzo,Nisa,studio,data/midi/studio/Abdullah Ibrahim/Senzo/Nisa.midi,data/audio/studio/Abdullah Ibrahim/Senzo/Nisa.mp3,https://www.youtube.com/watch?v=GCIm4CLgaQ8,375.432,0,375,train,train,train,train,,,,,,0.8164958516349439,81
312,991,Tete Montoliu,Yellow Dolphin Street,I Hate You,studio,data/midi/studio/Tete Montoliu/Yellow Dolphin Street/I Hate You.midi,data/audio/studio/Tete Montoliu/Yellow Dolphin Street/I Hate You.mp3,https://www.youtube.com/watch?v=Yl9N-1VxgB8,275.184,0,275,train,train,train,train,246bf662-c780-4612-9403-11f793e2c1e8,fdc99fea-265b-4169-b869-0b4947983d82,769d402e-20c3-40ec-8369-86fe8120bce8,24b41a68-8159-443a-acc4-e6d581fcac64,f455fe0f-0e1c-409a-a6f7-58259f2d82ce,0.9414291292463882,43
313,992,George Cables,You Don't Know Me Volume I,You Don't Know Me,studio,data/midi/studio/George Cables/You Don't Know Me Volume I/You Don't Know Me.midi,data/audio/studio/George Cables/You Don't Know Me Volume I/You Don't Know Me.mp3,https://www.youtube.com/watch?v=jsaYQ30rR44,375.888,0,375,train,val,train,train,43b95e80-fab2-4ffe-a1d9-b530840c2433,59870feb-0aa5-42e6-adff-1e29e8ad3121,7d3aa1dd-5e8b-47f3-a65b-41d78c725ce3,f57b195e-a9c0-4055-8d28-83464485073d,39dcef2b-bdc4-49d4-a34e-02fc57b35ec1,0.9044473800088066,198
314,994,Art Tatum,"The Art Tatum Solo Masterpieces, Vol. 5",Don't Worry 'Bout Me,studio,"data/midi/studio/Art Tatum/The Art Tatum Solo Masterpieces, Vol. 5/Don't Worry 'Bout Me.midi","data/audio/studio/Art Tatum/The Art Tatum Solo Masterpieces, Vol. 5/Don't Worry 'Bout Me.mp3",https://www.youtube.com/watch?v=s_mLHzg9kLs,251.832,0,251,train,train,train,train,6374b1a6-9836-48e0-aaf6-9763d4f2b18f,6c658e23-5d2c-43a2-b311-43309caf18f7,e073f6af-d696-4340-b847-e81fabc4d55b,a113485b-12ea-3799-a85f-442b70490e06,4d258c1f-4a4c-4428-aeb5-21eaed9f50d5,0.9011604641856742,210
315,996,Abdullah Ibrahim,Solotude,Blue Bolero,studio,data/midi/studio/Abdullah Ibrahim/Solotude/Blue Bolero.midi,data/audio/studio/Abdullah Ibrahim/Solotude/Blue Bolero.mp3,https://www.youtube.com/watch?v=Fb6S9q0On_8,128.64,0,128,train,test,train,train,9b67f588-450b-437e-8b9d-c80c75e55c1e,a7f3e66d-6b62-4e27-b75c-5b45e92d39c6,fd64e185-9973-44d5-ad09-5d5562804292,5c9bc7e5-eef6-43b7-9d82-701ea65c8376,993ed8dd-ae3a-4ca6-97cc-ad17f05ee078,0.9377593360995852,129
316,997,Dick Hyman,Broadway Songbook,As Long As I Live,studio,data/midi/studio/Dick Hyman/Broadway Songbook/As Long As I Live.midi,data/audio/studio/Dick Hyman/Broadway Songbook/As Long As I Live.mp3,https://www.youtube.com/watch?v=fKYrK7aHXlQ,228.504,0,228,train,train,train,train,99cdfeec-f86c-4aaf-9ee6-8f85b3a218b2,1e99b0c5-8cac-4a0f-9eda-641aac071aee,dab1ad75-3ea3-4071-91c4-7a66475599d4,e63c589f-2ef4-3bcc-b19c-fe75917fe499,e8b6c046-fcf7-4f67-a53b-051257b7c846,0.945195379700172,8
317,999,Erroll Garner,Soliloquy,"I Surrender, Dear",studio,"data/midi/studio/Erroll Garner/Soliloquy/I Surrender, Dear.midi","data/audio/studio/Erroll Garner/Soliloquy/I Surrender, Dear.mp3",https://www.youtube.com/watch?v=s5hZbNGsUT0,414.552,0,414,train,train,val,train,43b5a549-d491-4282-89f2-cd0572aa6b20,4a9a2d8a-8d75-4ce7-9486-8d5d82e5f971,75bd5186-9d89-4da9-95de-fce055c28895,a7921588-e336-4396-8ad0-aa30b65e0f65,15cace74-725e-4dbd-a674-0e4ef7126a44,0.8483512446036559,251
318,1000,Horace Parlan,Musically Yours,Ill wind,studio,data/midi/studio/Horace Parlan/Musically Yours/Ill wind.midi,data/audio/studio/Horace Parlan/Musically Yours/Ill wind.mp3,https://www.youtube.com/watch?v=8SHmpQoGOnU,424.44,0,424,val,val,train,test,,,,,,0.9296028880866424,229
319,1002,Art Tatum,"The Art Tatum Solo Masterpieces, Vol. 6",Over The Rainbow,studio,"data/midi/studio/Art Tatum/The Art Tatum Solo Masterpieces, Vol. 6/Over The Rainbow.midi","data/audio/studio/Art Tatum/The Art Tatum Solo Masterpieces, Vol. 6/Over The Rainbow.mp3",https://www.youtube.com/watch?v=6Ht5xPlhz4M,225.672,0,225,train,train,train,train,1f6cd0d6-aee9-44d2-acca-a2cc7bce0658,096dda47-78c8-4f4f-a130-b673dad90198,e073f6af-d696-4340-b847-e81fabc4d55b,550b0744-2066-33fa-aae8-e1634d409ffe,e4e5d843-6466-4fd6-958f-de9bfe46edfc,0.9115929941618016,225
320,1004,Tete Montoliu,The Music I Like To Play - Vol. 3,Rhythm-A-Ning,studio,data/midi/studio/Tete Montoliu/The Music I Like To Play - Vol. 3/Rhythm-A-Ning.midi,data/audio/studio/Tete Montoliu/The Music I Like To Play - Vol. 3/Rhythm-A-Ning.mp3,https://www.youtube.com/watch?v=niARw2PpKbU,164.544,0,164,val,train,train,train,d08a5659-5ee8-4bac-ba71-8ad9b28c0e70,1948e1cd-e03e-4b11-8f66-fb527c22703c,769d402e-20c3-40ec-8369-86fe8120bce8,698d758e-578a-3748-b41b-cec5252ab21e,d27caf6f-9890-4554-b48b-4a570d12dd1c,0.9385259092372062,115
321,1005,Art Tatum,"The Art Tatum Solo Masterpieces, Vol. 4",Aunt Hagar's Blues,studio,"data/midi/studio/Art Tatum/The Art Tatum Solo Masterpieces, Vol. 4/Aunt Hagar's Blues.midi","data/audio/studio/Art Tatum/The Art Tatum Solo Masterpieces, Vol. 4/Aunt Hagar's Blues.mp3",https://www.youtube.com/watch?v=s64lvaS-Tl4,291.96,0,292,train,train,train,train,,,,,,0.9037891268533772,241
322,1007,George Cables,You Don't Know Me Volume I,Helen Mother's Song,studio,data/midi/studio/George Cables/You Don't Know Me Volume I/Helen Mother's Song.midi,data/audio/studio/George Cables/You Don't Know Me Volume I/Helen Mother's Song.mp3,https://www.youtube.com/watch?v=_5MEuBImaZY,360.264,0,360,train,test,train,train,e91cbcb7-1b4a-40d0-a267-975f2a7dc779,59870feb-0aa5-42e6-adff-1e29e8ad3121,7d3aa1dd-5e8b-47f3-a65b-41d78c725ce3,09a7b9ca-19d2-4e7b-892f-7015f3677943,f3f8245a-bb26-461d-834c-faa6da6fcf53,0.9389488586090958,198
323,1010,Oscar Peterson,Tracks (Remastered),Ja-Da - Remastered,studio,data/midi/studio/Oscar Peterson/Tracks (Remastered)/Ja-Da - Remastered.midi,data/audio/studio/Oscar Peterson/Tracks (Remastered)/Ja-Da - Remastered.mp3,https://www.youtube.com/watch?v=EKtpuZ_LsyU,256.944,0,257,val,train,train,train,,,,,,0.8678225624859266,21
324,1012,Art Tatum,"The Art Tatum Solo Masterpieces, Vol. 5",I Gotta Right To Sing The Blues,studio,"data/midi/studio/Art Tatum/The Art Tatum Solo Masterpieces, Vol. 5/I Gotta Right To Sing The Blues.midi","data/audio/studio/Art Tatum/The Art Tatum Solo Masterpieces, Vol. 5/I Gotta Right To Sing The Blues.mp3",https://www.youtube.com/watch?v=qswNQ55itrs,232.968,0,233,train,train,train,train,b0adba66-7bcb-408b-9321-f69c11d0f2f1,6c658e23-5d2c-43a2-b311-43309caf18f7,e073f6af-d696-4340-b847-e81fabc4d55b,8698ccc5-5c1b-3517-b0d1-a42cdc467e7f,b8029917-80e9-4293-bf91-897ab767c120,0.89745727386411,210
325,1014,Abdullah Ibrahim,Ode to Duke Ellington (At Duke's Place),Rose Got It Bad in Harlem,studio,data/midi/studio/Abdullah Ibrahim/Ode to Duke Ellington (At Duke's Place)/Rose Got It Bad in Harlem.midi,data/audio/studio/Abdullah Ibrahim/Ode to Duke Ellington (At Duke's Place)/Rose Got It Bad in Harlem.mp3,https://www.youtube.com/watch?v=JKoyudB2FGk,357.48,0,357,train,train,train,train,62c45443-9535-4d4d-b8ad-f834c3d8ea75,6d3733e3-4424-474a-8e91-f515a82a7d79,fd64e185-9973-44d5-ad09-5d5562804292,3da8e7ed-306c-321d-9430-01663a4c9403,3634ce52-f251-445d-9a12-c460de151365,0.543992200828662,135
326,1020,Abdullah Ibrahim,Dream Time,Machopi,studio,data/midi/studio/Abdullah Ibrahim/Dream Time/Machopi.midi,data/audio/studio/Abdullah Ibrahim/Dream Time/Machopi.mp3,https://www.youtube.com/watch?v=Ru11FwIUx00,8.736,0,8,train,train,train,train,,cd84f0d5-7f35-44da-ac2f-2bc2331d324c,fd64e185-9973-44d5-ad09-5d5562804292,f67d292f-4e9c-4f73-8f38-dad96f58cf61,53ee138c-47cb-4a0c-9544-e64d79f410ae,0.9,238
327,1022,Abdullah Ibrahim,Dream Time,Song for Lawrence Brown,studio,data/midi/studio/Abdullah Ibrahim/Dream Time/Song for Lawrence Brown.midi,data/audio/studio/Abdullah Ibrahim/Dream Time/Song for Lawrence Brown.mp3,https://www.youtube.com/watch?v=w4cyEHf8x8w,126.024,0,126,train,train,train,train,0dd7bf29-86ed-471b-bb73-9949a0212e51,cd84f0d5-7f35-44da-ac2f-2bc2331d324c,fd64e185-9973-44d5-ad09-5d5562804292,50367593-d549-4920-b4b9-d8c7b305a276,6abd8ae5-b3df-40b8-965e-ce70daa7f81f,0.903061224489796,238
328,1025,Andy Laverne,Tadd's Delight,On a Misty Night,studio,data/midi/studio/Andy Laverne/Tadd's Delight/On a Misty Night.midi,data/audio/studio/Andy Laverne/Tadd's Delight/On a Misty Night.mp3,https://www.youtube.com/watch?v=J1iZxVz_jKE,405.312,0,405,train,train,train,train,2f45a735-cd9c-4c21-809a-cc496ce0b97e,a8ca6fa7-b561-4799-9b2e-ceae5efa48be,e88ae791-cd20-4298-943a-66fd6d222698,4101aec7-48ce-4fa1-a3d5-929956dccf4f,c6868764-018c-4e3f-ac59-ab4901190bba,0.888181307360929,140
329,1027,Dick Hyman,Dick Hyman Plays Variations on Richard Rodgers -  Rodgers & Hart,You Are Too Beautiful,studio,data/midi/studio/Dick Hyman/Dick Hyman Plays Variations on Richard Rodgers -  Rodgers & Hart/You Are Too Beautiful.midi,data/audio/studio/Dick Hyman/Dick Hyman Plays Variations on Richard Rodgers -  Rodgers & Hart/You Are Too Beautiful.mp3,https://www.youtube.com/watch?v=tpgij34hHZk,212.52,0,212,train,val,train,train,11ecf269-2a43-4ef2-bc75-eab5df625b62,1ebff91a-54b7-4a2f-80e8-dc5d463a4464,dab1ad75-3ea3-4071-91c4-7a66475599d4,982e93ae-b5fd-49cb-9dd0-ed5c676bf0e3,27416123-49db-4ae3-ace8-08bd5b0054f3,0.936689549961861,206
330,1030,Abdullah Ibrahim,Senzo,Ocean & The River,studio,data/midi/studio/Abdullah Ibrahim/Senzo/Ocean & The River.midi,data/audio/studio/Abdullah Ibrahim/Senzo/Ocean & The River.mp3,https://www.youtube.com/watch?v=5EDWAzI5CFQ,83.424,0,83,train,train,train,train,,,,,,0.8405797101449276,81
331,1034,Abdullah Ibrahim,Senzo,Pula,studio,data/midi/studio/Abdullah Ibrahim/Senzo/Pula.midi,data/audio/studio/Abdullah Ibrahim/Senzo/Pula.mp3,https://www.youtube.com/watch?v=bnaoxEy0qyo,91.944,0,92,train,train,train,train,,,,,,0.8045454545454545,81
332,1035,Tete Montoliu,The Music I Like To Play - Vol.2,Don't Blame Me,studio,data/midi/studio/Tete Montoliu/The Music I Like To Play - Vol.2/Don't Blame Me.midi,data/audio/studio/Tete Montoliu/The Music I Like To Play - Vol.2/Don't Blame Me.mp3,https://www.youtube.com/watch?v=R9NZKVR15TA,392.04,0,392,train,train,train,train,,,,,,0.9597999615310636,235
333,1039,Tete Montoliu,The Music I Like To Play - Vol. 3,Let's Call This,studio,data/midi/studio/Tete Montoliu/The Music I Like To Play - Vol. 3/Let's Call This.midi,data/audio/studio/Tete Montoliu/The Music I Like To Play - Vol. 3/Let's Call This.mp3,https://www.youtube.com/watch?v=y2hzZgzi3ig,238.464,0,238,train,train,train,train,25e06618-cf42-4900-be40-1f105c4e3d3e,1948e1cd-e03e-4b11-8f66-fb527c22703c,769d402e-20c3-40ec-8369-86fe8120bce8,a521c9ae-f193-3b87-a986-7ab8c1ef0b43,c8882186-3a08-4368-a29e-c920f3b424e3,0.9656177156177156,115
334,1044,Erroll Garner,Solo Time! The Erroll Garner Collection Vols. 4 & 5,Flamingo,studio,data/midi/studio/Erroll Garner/Solo Time! The Erroll Garner Collection Vols. 4 & 5/Flamingo.midi,data/audio/studio/Erroll Garner/Solo Time! The Erroll Garner Collection Vols. 4 & 5/Flamingo.mp3,https://www.youtube.com/watch?v=YF7ExZLUm4E,309.6,0,309,train,train,train,train,326d7da1-ae01-4c69-87d6-a98d28c001df,e2552704-2654-42af-a3b3-299f7c00a136,75bd5186-9d89-4da9-95de-fce055c28895,550bb27b-482e-333b-85fd-c84d9db2e5cc,48b0230a-9621-445c-aa76-175b4d3dd905,0.9061294470638664,42
335,1046,Cedar Walton,Underground Memoirs,Someday My Prince Will Come,studio,data/midi/studio/Cedar Walton/Underground Memoirs/Someday My Prince Will Come.midi,data/audio/studio/Cedar Walton/Underground Memoirs/Someday My Prince Will Come.mp3,https://www.youtube.com/watch?v=aTYAlLjNgQQ,278.28,0,278,train,train,train,test,13a8ee91-5758-4860-a0f3-b939b560753d,2d93a648-7830-4992-944e-c3d2317c9775,115474d3-9d44-4c96-b5d0-00891187c6e8,52e60fd1-5987-35cd-939f-dbcd73e5de19,4ff4bb3b-e173-4ee9-a257-5c7b08e2b720,0.8861553304389773,27
336,1049,Abdullah Ibrahim,Ode to Duke Ellington (At Duke's Place),Two Spirituals,studio,data/midi/studio/Abdullah Ibrahim/Ode to Duke Ellington (At Duke's Place)/Two Spirituals.midi,data/audio/studio/Abdullah Ibrahim/Ode to Duke Ellington (At Duke's Place)/Two Spirituals.mp3,https://www.youtube.com/watch?v=z4V1XZ96ETE,391.536,0,391,train,train,train,train,63787cb4-0584-4480-902f-377401b61fd7,6d3733e3-4424-474a-8e91-f515a82a7d79,fd64e185-9973-44d5-ad09-5d5562804292,51e191a0-7e1a-3489-bb20-2cd8f4a5a14e,e90b48e2-55a2-40e4-ad46-bba8c2c528ab,0.3788676761026991,135
337,1051,Tete Montoliu,Yellow Dolphin Street,Walse For Nicolien,studio,data/midi/studio/Tete Montoliu/Yellow Dolphin Street/Walse For Nicolien.midi,data/audio/studio/Tete Montoliu/Yellow Dolphin Street/Walse For Nicolien.mp3,https://www.youtube.com/watch?v=HJ8u2FA3ckg,236.184,0,236,train,train,train,train,d2fea1a7-f049-4d08-bc33-98af0e7b0a8d,fdc99fea-265b-4169-b869-0b4947983d82,769d402e-20c3-40ec-8369-86fe8120bce8,05692911-15aa-4e46-83ec-2f0c3198f4fa,14abcc3e-3dea-4cf7-b3ce-5395874f4195,0.9384577961566528,43
338,1054,Abdullah Ibrahim,Senzo,Tookah,studio,data/midi/studio/Abdullah Ibrahim/Senzo/Tookah.midi,data/audio/studio/Abdullah Ibrahim/Senzo/Tookah.mp3,https://www.youtube.com/watch?v=75DXO23DYm8,85.56,0,85,train,train,train,train,e997d59d-5c79-487b-95e7-7837444c33ab,f50423f6-1d01-4cb7-bc86-9c2ff6579a60,fd64e185-9973-44d5-ad09-5d5562804292,20086d49-38d0-3631-8634-4538d56cd5ba,0752d0fc-f80b-4b6a-bd2d-40a50e001d5c,0.8169014084507042,81
339,1060,Horace Parlan,The Maestro,Ruby My Dear,studio,data/midi/studio/Horace Parlan/The Maestro/Ruby My Dear.midi,data/audio/studio/Horace Parlan/The Maestro/Ruby My Dear.mp3,https://www.youtube.com/watch?v=gywjK1rstIY,340.224,0,340,train,train,test,train,,,,,,0.9380873410724158,24
340,1062,Dave McKenna,Easy Street,After You've Gone,studio,data/midi/studio/Dave McKenna/Easy Street/After You've Gone.midi,data/audio/studio/Dave McKenna/Easy Street/After You've Gone.mp3,https://www.youtube.com/watch?v=XfCLWtANIJ0,302.808,0,302,train,train,train,train,c09ca07f-9093-4eb7-8a4c-6c1f433e9dc1,36e5a197-8351-4e22-a4e6-63f0f20862ef,a048dfa0-5ce1-40ca-bcdf-56f9d56b32ae,310bd1d8-f81f-3bad-bcc1-8a58c918cd19,f3cb9d66-f851-4ab0-9744-2ac64b7110e4,0.8935832274459975,243
341,1069,Andy Laverne,In The Mood For A Classic,I'll keep loving you,studio,data/midi/studio/Andy Laverne/In The Mood For A Classic/I'll keep loving you.midi,data/audio/studio/Andy Laverne/In The Mood For A Classic/I'll keep loving you.mp3,https://www.youtube.com/watch?v=wCKToduj858,179.184,0,179,train,test,train,train,,8454bb32-6955-466c-9086-0befed62a7b8,e88ae791-cd20-4298-943a-66fd6d222698,8b64a4ed-b307-4df1-8d2c-f3f2d22ce32e,16c4e4ad-faed-4d08-8437-f7193e90bf99,0.9319213313161876,246
342,1072,Cedar Walton,Blues For Myself (Piano Solo),Wonder Why,studio,data/midi/studio/Cedar Walton/Blues For Myself (Piano Solo)/Wonder Why.midi,data/audio/studio/Cedar Walton/Blues For Myself (Piano Solo)/Wonder Why.mp3,https://www.youtube.com/watch?v=S3pHq2CsilQ,233.304,0,233,train,val,val,train,be29eb4a-4d24-4e20-b430-644936fcae6d,c53ef91a-5bde-40ae-af2d-ee84d0374f72,115474d3-9d44-4c96-b5d0-00891187c6e8,94bc7ab6-c74b-4ac8-a4ed-9c39c98cf854,593723eb-b8d9-42b9-b16e-fee8b74ef8e8,0.9159049360146252,164
343,1077,Dave McKenna,Dave Fingers McKenna,Chloe,studio,data/midi/studio/Dave McKenna/Dave Fingers McKenna/Chloe.midi,data/audio/studio/Dave McKenna/Dave Fingers McKenna/Chloe.mp3,https://www.youtube.com/watch?v=S7KkpbE-I5Q,359.424,0,359,train,train,train,train,ff8fa3ea-048a-4b56-8af7-35e96bf9f157,c00dae75-1840-46fd-95bc-1929a6206141,a048dfa0-5ce1-40ca-bcdf-56f9d56b32ae,3baab95f-5feb-4093-82f8-6f4ec421a867,c92354b7-0266-4f9a-9979-4fa687634d72,0.8432732316227463,12
344,1078,Abdullah Ibrahim,The Song Is My Story,Open Door Within,studio,data/midi/studio/Abdullah Ibrahim/The Song Is My Story/Open Door Within.midi,data/audio/studio/Abdullah Ibrahim/The Song Is My Story/Open Door Within.mp3,https://www.youtube.com/watch?v=PhonAp_M-8c,226.992,0,227,train,train,val,val,59710f6e-453c-4a10-8808-f8f97ccfb42f,8dd2d9b6-5354-468c-8b0b-dbd0ff5a1090,fd64e185-9973-44d5-ad09-5d5562804292,b4f63491-7e13-4247-a73f-5b1939ec2dd9,f307ffa3-779b-4809-9744-a74e9cc2de88,0.9448150394178289,109
345,1086,Tete Montoliu,The Music I Like To Play - Vol. 3,Blues Five Spot,studio,data/midi/studio/Tete Montoliu/The Music I Like To Play - Vol. 3/Blues Five Spot.midi,data/audio/studio/Tete Montoliu/The Music I Like To Play - Vol. 3/Blues Five Spot.mp3,https://www.youtube.com/watch?v=DQFNYWM1U2w,207.336,0,207,train,train,train,train,292cebda-8709-42ef-8840-adad300c0f12,1948e1cd-e03e-4b11-8f66-fb527c22703c,769d402e-20c3-40ec-8369-86fe8120bce8,1fa2a6ee-b2fa-327a-bf9b-77df9b711f17,60bbad70-b6f0-4b09-af5d-32b72df6a264,0.9582384206529994,115
346,1087,Andy Laverne,In The Mood For A Classic,Tempus fugit,studio,data/midi/studio/Andy Laverne/In The Mood For A Classic/Tempus fugit.midi,data/audio/studio/Andy Laverne/In The Mood For A Classic/Tempus fugit.mp3,https://www.youtube.com/watch?v=LKF9Z9xR08o,173.016,0,173,train,val,train,train,bc5ee8c9-e3c0-4904-acde-db14fb4a76c2,8454bb32-6955-466c-9086-0befed62a7b8,e88ae791-cd20-4298-943a-66fd6d222698,5ba62f24-b0d3-4045-b2c6-4413cffd0a85,487f0e54-8dcb-4819-91de-346b087b6d33,0.9294349170649424,246
347,1088,Dick Hyman,Autumn in New York - Dick Hyman Plays the Music of Vernon Duke,What Is There to Say,studio,data/midi/studio/Dick Hyman/Autumn in New York - Dick Hyman Plays the Music of Vernon Duke/What Is There to Say.midi,data/audio/studio/Dick Hyman/Autumn in New York - Dick Hyman Plays the Music of Vernon Duke/What Is There to Say.mp3,https://www.youtube.com/watch?v=cKy87SFLq2M,152.376,0,152,train,train,train,train,,,,,,0.9244712990936554,58
348,1094,Abdullah Ibrahim,Ode to Duke Ellington (At Duke's Place),Impressions on a Caravan,studio,data/midi/studio/Abdullah Ibrahim/Ode to Duke Ellington (At Duke's Place)/Impressions on a Caravan.midi,data/audio/studio/Abdullah Ibrahim/Ode to Duke Ellington (At Duke's Place)/Impressions on a Caravan.mp3,https://www.youtube.com/watch?v=0oU7m5XZ8mI,310.032,0,310,test,train,train,train,c4bb3ef0-c679-4ea8-81a9-21615899ac51,6d3733e3-4424-474a-8e91-f515a82a7d79,fd64e185-9973-44d5-ad09-5d5562804292,6c88337d-4618-3f6f-ad7f-8132858d4c92,6eb950fd-379d-4ed7-81fb-eaa35391c34b,0.3936711245055566,135
349,1099,George Cables,"You Don't Know Me, Vol. 2",Smoke Gets in Your Eyes,studio,"data/midi/studio/George Cables/You Don't Know Me, Vol. 2/Smoke Gets in Your Eyes.midi","data/audio/studio/George Cables/You Don't Know Me, Vol. 2/Smoke Gets in Your Eyes.mp3",https://www.youtube.com/watch?v=cE83h0w2lRw,226.728,0,226,train,train,train,val,3d791013-88c7-4738-a83e-31c8fbb28c5d,59870feb-0aa5-42e6-adff-1e29e8ad3121,7d3aa1dd-5e8b-47f3-a65b-41d78c725ce3,5b4fdd0a-9888-4448-8916-3b5852027cd9,faab67d8-522e-4ba1-8ea9-fb13f78c7586,0.9389121338912134,36
350,1100,Art Tatum,"The Art Tatum Solo Masterpieces, Vol. 7",Mighty Like A Rose,studio,"data/midi/studio/Art Tatum/The Art Tatum Solo Masterpieces, Vol. 7/Mighty Like A Rose.midi","data/audio/studio/Art Tatum/The Art Tatum Solo Masterpieces, Vol. 7/Mighty Like A Rose.mp3",https://www.youtube.com/watch?v=epi2W8iTV-k,367.272,0,367,train,train,test,train,d0c22aa1-d749-4834-b590-140bd837572d,0bf8a7ae-c35a-4e44-9dcb-d758eef9cd4f,e073f6af-d696-4340-b847-e81fabc4d55b,69dd9e58-5b97-36f1-ae73-dce3ff2211ae,8ca3c170-50a7-4257-9fbd-9ed069969572,0.913590048961228,56
351,1101,Dave McKenna,Dave Fingers McKenna,Someday Sweetheart,studio,data/midi/studio/Dave McKenna/Dave Fingers McKenna/Someday Sweetheart.midi,data/audio/studio/Dave McKenna/Dave Fingers McKenna/Someday Sweetheart.mp3,https://www.youtube.com/watch?v=b-Zh1w5_d5Y,227.736,0,227,train,train,train,train,b626e8c6-3c65-466c-94b5-1d4677751a5a,c00dae75-1840-46fd-95bc-1929a6206141,a048dfa0-5ce1-40ca-bcdf-56f9d56b32ae,1ed98c1b-c07c-423c-ad3a-d43e8359bb6f,980eb838-1633-43ee-ac97-ed9f8e17ba0c,0.8738073807380738,12
352,1102,Hank Jones,SOLO 1976 A Tribute to Duke Ellington,Alone Together,studio,data/midi/studio/Hank Jones/SOLO 1976 A Tribute to Duke Ellington/Alone Together.midi,data/audio/studio/Hank Jones/SOLO 1976 A Tribute to Duke Ellington/Alone Together.mp3,https://www.youtube.com/watch?v=OpatMI8v7tU,212.328,0,212,train,test,train,val,b43a2f6b-05d6-472f-8d5a-facf059aefb9,55b7f2e2-d0b8-41a0-a66f-9e1b2540a951,80d610fe-7771-4226-aa9b-950944791698,c02f76f0-3455-368f-a95f-ad88d47dc11e,7df0aaf7-db98-404e-ab18-53aa68fd26ae,0.8968655207280081,174
353,1103,Cedar Walton,Blues For Myself (Piano Solo),Sophisticated Lady,studio,data/midi/studio/Cedar Walton/Blues For Myself (Piano Solo)/Sophisticated Lady.midi,data/audio/studio/Cedar Walton/Blues For Myself (Piano Solo)/Sophisticated Lady.mp3,https://www.youtube.com/watch?v=05_NR8TqL10,210.96,0,211,train,test,val,train,70361037-4dd8-43bc-bbd4-e8d8157ea145,c53ef91a-5bde-40ae-af2d-ee84d0374f72,115474d3-9d44-4c96-b5d0-00891187c6e8,c0fd503b-4201-4600-bba8-e6868c06634d,5d31daa1-7472-4162-88ab-fc78ed565d92,0.9287185826122786,164
354,1107,Hank Jones,Handful Of Keys,Keeping Out Of Mischief Now - Instrumental,studio,data/midi/studio/Hank Jones/Handful Of Keys/Keeping Out Of Mischief Now - Instrumental.midi,data/audio/studio/Hank Jones/Handful Of Keys/Keeping Out Of Mischief Now - Instrumental.mp3,https://www.youtube.com/watch?v=qKT163d6iy4,208.176,0,208,train,train,train,train,23fcc815-e42d-4d5d-9a71-d60a7c44d9a7,3836130b-cdca-4ea2-93b7-b95ba5ec6896,80d610fe-7771-4226-aa9b-950944791698,51a84c9d-72c2-3281-b371-e15cc32109f0,99c83532-9cb0-4eec-89f5-e94a69a91a0e,0.8674965421853389,128
355,1108,Cedar Walton,Underground Memoirs,Skylark,studio,data/midi/studio/Cedar Walton/Underground Memoirs/Skylark.midi,data/audio/studio/Cedar Walton/Underground Memoirs/Skylark.mp3,https://www.youtube.com/watch?v=NjFSPgiQqRA,290.2726530612245,0,290,train,train,train,test,b367cfa5-5ec5-4353-a602-3518b4530654,2d93a648-7830-4992-944e-c3d2317c9775,115474d3-9d44-4c96-b5d0-00891187c6e8,c4905546-9d70-345f-8b40-9371381ce52d,166c2f0f-5b46-4b2c-abc6-10822f8ec914,0.8720058069199129,27
356,1115,Tete Montoliu,Solo Piano,Walse for Nicolien,studio,data/midi/studio/Tete Montoliu/Solo Piano/Walse for Nicolien.midi,data/audio/studio/Tete Montoliu/Solo Piano/Walse for Nicolien.mp3,https://www.youtube.com/watch?v=a3Xf_mQVJKw,236.208,0,236,train,train,test,val,d2fea1a7-f049-4d08-bc33-98af0e7b0a8d,fdc99fea-265b-4169-b869-0b4947983d82,769d402e-20c3-40ec-8369-86fe8120bce8,05692911-15aa-4e46-83ec-2f0c3198f4fa,14abcc3e-3dea-4cf7-b3ce-5395874f4195,0.9355074227305914,7
357,1124,Erroll Garner,Solo Time! The Erroll Garner Collection Vols. 4 & 5,Coquette,studio,data/midi/studio/Erroll Garner/Solo Time! The Erroll Garner Collection Vols. 4 & 5/Coquette.midi,data/audio/studio/Erroll Garner/Solo Time! The Erroll Garner Collection Vols. 4 & 5/Coquette.mp3,https://www.youtube.com/watch?v=43gAH2wg0xg,264.576,0,264,train,train,train,train,8452bc4b-82bb-4ae9-8509-c0db2f1e13e1,b87aea54-653a-4a63-b364-8effc6f4dd4c,75bd5186-9d89-4da9-95de-fce055c28895,7de03a4e-0587-3320-bc9d-3baf7e9f30b7,def699dc-7a1f-4671-9de8-b98408cda9dc,0.9014119395590786,42
358,1126,Dick Hyman,Blues in the Night -  Dick Hyman Plays Harold Arlen,You Said It,studio,data/midi/studio/Dick Hyman/Blues in the Night -  Dick Hyman Plays Harold Arlen/You Said It.midi,data/audio/studio/Dick Hyman/Blues in the Night -  Dick Hyman Plays Harold Arlen/You Said It.mp3,https://www.youtube.com/watch?v=Xym8MpH2Huk,194.136,0,194,train,train,train,train,2ef3715e-31ba-44c0-b4e7-94a76a3e71c3,1e99b0c5-8cac-4a0f-9eda-641aac071aee,dab1ad75-3ea3-4071-91c4-7a66475599d4,68753fc2-9942-362d-a822-483d1a6ccba8,2bbf328e-f301-48a5-ab47-2243bbb97d9d,0.9533390410958904,185
359,1128,Dave McKenna,Dave Fingers McKenna,Curses Of An Aching Heart Number 2,studio,data/midi/studio/Dave McKenna/Dave Fingers McKenna/Curses Of An Aching Heart Number 2.midi,data/audio/studio/Dave McKenna/Dave Fingers McKenna/Curses Of An Aching Heart Number 2.mp3,https://www.youtube.com/watch?v=2n0T3nW6G2g,225.552,0,225,val,train,train,train,354277fd-5ae7-49f3-b399-2974b76c82ab,c00dae75-1840-46fd-95bc-1929a6206141,a048dfa0-5ce1-40ca-bcdf-56f9d56b32ae,bc938f99-f20f-4118-90cf-d1091c4befde,5729c2f7-fb1e-4b95-9ad8-9760389d5373,0.8657118786857624,12
360,1129,Andy Laverne,In The Mood For A Classic,Celia,studio,data/midi/studio/Andy Laverne/In The Mood For A Classic/Celia.midi,data/audio/studio/Andy Laverne/In The Mood For A Classic/Celia.mp3,https://www.youtube.com/watch?v=NYyCqGi54k8,270.24,0,270,val,test,train,train,db0fdf49-b565-452f-945a-f4e4fc6f748c,8454bb32-6955-466c-9086-0befed62a7b8,e88ae791-cd20-4298-943a-66fd6d222698,db711379-d091-48a4-8e44-e087da372e7f,fecfb342-8a74-4728-8662-8f8ec793697d,0.9492864983534578,246
361,1131,Dave McKenna,This Is New -  Teddi King Sings Ira Gershwin,One Life To Live (Dave McKenna Piano Solo),studio,data/midi/studio/Dave McKenna/This Is New -  Teddi King Sings Ira Gershwin/One Life To Live (Dave McKenna Piano Solo).midi,data/audio/studio/Dave McKenna/This Is New -  Teddi King Sings Ira Gershwin/One Life To Live (Dave McKenna Piano Solo).mp3,https://www.youtube.com/watch?v=2YNcEYJlEnA,187.824,0,187,train,train,train,train,,,,,,0.8880866425992779,101
362,1141,George Cables,"You Don't Know Me, Vol. 2",The Way We Were,studio,"data/midi/studio/George Cables/You Don't Know Me, Vol. 2/The Way We Were.midi","data/audio/studio/George Cables/You Don't Know Me, Vol. 2/The Way We Were.mp3",https://www.youtube.com/watch?v=5yTCWbtE7lo,453.216,0,453,train,train,train,test,8e285344-eebd-41b1-8ea1-79ffab4879f8,59870feb-0aa5-42e6-adff-1e29e8ad3121,7d3aa1dd-5e8b-47f3-a65b-41d78c725ce3,1051068e-64a6-48f0-869d-5a1c2c5670ca,9af7cf08-8869-4531-a9c4-ef5e885e3f6a,0.9294985250737464,36
363,1143,Dick Hyman,Broadway Songbook,Begin The Beguine,studio,data/midi/studio/Dick Hyman/Broadway Songbook/Begin The Beguine.midi,data/audio/studio/Dick Hyman/Broadway Songbook/Begin The Beguine.mp3,https://www.youtube.com/watch?v=Cu4M3sJMlY8,298.416,0,289,train,train,train,train,eb0f9e40-68c9-4230-8697-6541babbc3e7,b7fe5941-e696-4c40-8bb1-7c7089f374fc,dab1ad75-3ea3-4071-91c4-7a66475599d4,19cd0490-bad2-312b-905d-d142feef37ea,677c4c37-bfee-40ec-a622-7b76a17bd5e1,0.9339446912165068,8
364,1145,Tete Montoliu,The Music I Like To Play - Vol.1,Time For Love,studio,data/midi/studio/Tete Montoliu/The Music I Like To Play - Vol.1/Time For Love.midi,data/audio/studio/Tete Montoliu/The Music I Like To Play - Vol.1/Time For Love.mp3,https://www.youtube.com/watch?v=KT6yNHj7KtQ,421.032,0,421,train,train,train,train,,,,,,0.970241437394722,100
365,1146,Dave McKenna,Dancing In The Dark,Something To Remember You By,studio,data/midi/studio/Dave McKenna/Dancing In The Dark/Something To Remember You By.midi,data/audio/studio/Dave McKenna/Dancing In The Dark/Something To Remember You By.mp3,https://www.youtube.com/watch?v=Wr3ea4pg3HE,263.136,0,263,train,test,val,train,d9fda3b6-a50d-4bae-9d1b-058a3f283ddc,0b2f5406-0f30-4ecd-8c32-a00dcc8dca9d,a048dfa0-5ce1-40ca-bcdf-56f9d56b32ae,1afdc4c4-848c-495b-9cdc-1bc46524de50,07639498-4e5e-43c0-bffc-f3dd86702088,0.8491597489370318,116
366,1148,Dave McKenna,Dave McKenna -  Solo,I Wonder Why,studio,data/midi/studio/Dave McKenna/Dave McKenna -  Solo/I Wonder Why.midi,data/audio/studio/Dave McKenna/Dave McKenna -  Solo/I Wonder Why.mp3,https://www.youtube.com/watch?v=l_YLJIyV1dI,248.4,0,248,train,train,train,train,,,,,,0.8398112783644126,97
367,1153,Dave McKenna,Dave Fingers McKenna,As Time Goes By,studio,data/midi/studio/Dave McKenna/Dave Fingers McKenna/As Time Goes By.midi,data/audio/studio/Dave McKenna/Dave Fingers McKenna/As Time Goes By.mp3,https://www.youtube.com/watch?v=aALFMOQYbGI,212.04,0,212,train,train,train,train,,c00dae75-1840-46fd-95bc-1929a6206141,a048dfa0-5ce1-40ca-bcdf-56f9d56b32ae,5a0861e6-1ef1-4fe3-890b-8b6eee35e58b,5dd3346d-6496-45b9-8e4d-a6e98a905c86,0.8887443070917371,12
368,1154,Dick Hyman,Autumn in New York - Dick Hyman Plays the Music of Vernon Duke,I'm Gonna Ring the Bell Tonight,studio,data/midi/studio/Dick Hyman/Autumn in New York - Dick Hyman Plays the Music of Vernon Duke/I'm Gonna Ring the Bell Tonight.midi,data/audio/studio/Dick Hyman/Autumn in New York - Dick Hyman Plays the Music of Vernon Duke/I'm Gonna Ring the Bell Tonight.mp3,https://www.youtube.com/watch?v=AyZ7clzumPw,120.024,0,120,train,train,train,train,,,,,,0.9357495881383856,58
369,1157,Hank Jones,Handful Of Keys,Squeeze Me - Instrumental,studio,data/midi/studio/Hank Jones/Handful Of Keys/Squeeze Me - Instrumental.midi,data/audio/studio/Hank Jones/Handful Of Keys/Squeeze Me - Instrumental.mp3,https://www.youtube.com/watch?v=LzSrOijNPgM,214.968,0,215,train,train,train,train,fe04deff-8d0f-4781-bc1c-d61cc5a94559,3836130b-cdca-4ea2-93b7-b95ba5ec6896,80d610fe-7771-4226-aa9b-950944791698,71c78b1b-096d-3257-9dea-b98e5b91df3e,ef0f2c31-f44c-4dce-8eef-4151b2469d20,0.8897983045893014,128
370,1161,Horace Parlan,In Copenhagen,I Waited For You,studio,data/midi/studio/Horace Parlan/In Copenhagen/I Waited For You.midi,data/audio/studio/Horace Parlan/In Copenhagen/I Waited For You.mp3,https://www.youtube.com/watch?v=Puj2LuTjTo0,398.304,0,398,train,train,train,train,,,,,,0.9411764705882352,161
371,1163,Cedar Walton,Underground Memoirs,Everytime We Say Goodbye,studio,data/midi/studio/Cedar Walton/Underground Memoirs/Everytime We Say Goodbye.midi,data/audio/studio/Cedar Walton/Underground Memoirs/Everytime We Say Goodbye.mp3,https://www.youtube.com/watch?v=wRBiZ3XvpjM,385.536,0,385,train,train,train,test,2ba29186-d590-4298-8a05-623548ff90dd,2d93a648-7830-4992-944e-c3d2317c9775,115474d3-9d44-4c96-b5d0-00891187c6e8,2c16c17e-633e-341c-86e8-4728cd52532f,e1be9cf8-705f-4995-aa4f-d69fa74d2b98,0.8813790749274619,27
372,1167,Erroll Garner,Solo Time! The Erroll Garner Collection Vols. 4 & 5,That Old Black Magic,studio,data/midi/studio/Erroll Garner/Solo Time! The Erroll Garner Collection Vols. 4 & 5/That Old Black Magic.midi,data/audio/studio/Erroll Garner/Solo Time! The Erroll Garner Collection Vols. 4 & 5/That Old Black Magic.mp3,https://www.youtube.com/watch?v=nUyUsetnvMk,224.856,0,224,train,train,train,train,e33ac5a5-736b-470f-8b50-1dcc881a0162,e2552704-2654-42af-a3b3-299f7c00a136,75bd5186-9d89-4da9-95de-fce055c28895,e696c7d1-dce3-3380-91da-b70dfb96ec73,c7bd6f57-2220-4374-bd53-3e70c01817f7,0.8897473997028231,42
373,1170,Dick Hyman,Dick Hyman Plays Variations on Richard Rodgers -  Rodgers & Hammerstein,If I Loved You,studio,data/midi/studio/Dick Hyman/Dick Hyman Plays Variations on Richard Rodgers -  Rodgers & Hammerstein/If I Loved You.midi,data/audio/studio/Dick Hyman/Dick Hyman Plays Variations on Richard Rodgers -  Rodgers & Hammerstein/If I Loved You.mp3,https://www.youtube.com/watch?v=JwjHObfluXY,284.088,0,284,train,train,train,train,,,,,,0.9425149700598802,89
374,1176,Tete Montoliu,The Music I Like To Play - Vol. 3,April In Paris,studio,data/midi/studio/Tete Montoliu/The Music I Like To Play - Vol. 3/April In Paris.midi,data/audio/studio/Tete Montoliu/The Music I Like To Play - Vol. 3/April In Paris.mp3,https://www.youtube.com/watch?v=Kvg6WyJaJ3M,278.928,0,279,train,train,train,train,72f3c159-fe4d-46ff-a174-220136ab014c,1948e1cd-e03e-4b11-8f66-fb527c22703c,769d402e-20c3-40ec-8369-86fe8120bce8,977f5f87-a2c9-3074-85c7-181cf3bb7314,6878fad9-5c5e-4080-85b4-2e92d2bc6aaa,0.9560810810810813,115
375,1177,Art Tatum,"The Art Tatum Solo Masterpieces, Vol. 5",Stompin' At The Savoy,studio,"data/midi/studio/Art Tatum/The Art Tatum Solo Masterpieces, Vol. 5/Stompin' At The Savoy.midi","data/audio/studio/Art Tatum/The Art Tatum Solo Masterpieces, Vol. 5/Stompin' At The Savoy.mp3",https://www.youtube.com/watch?v=9IQpsDE74Eg,178.608,0,178,val,train,train,train,1425b42d-0a84-45d5-921e-b219443a8fe3,6c658e23-5d2c-43a2-b311-43309caf18f7,e073f6af-d696-4340-b847-e81fabc4d55b,8b177483-5d29-32a1-9751-de1c663f3d82,f0b60e1f-b837-47a5-9bec-5bdfb0274e82,0.9084357778719796,210
376,1182,Cedar Walton,Underground Memoirs,On Green Dolphin Street,studio,data/midi/studio/Cedar Walton/Underground Memoirs/On Green Dolphin Street.midi,data/audio/studio/Cedar Walton/Underground Memoirs/On Green Dolphin Street.mp3,https://www.youtube.com/watch?v=WRjO-zVhxCc,355.416,0,355,train,train,train,val,628db9f2-9c77-4cd2-a552-1580fda5c6af,2d93a648-7830-4992-944e-c3d2317c9775,115474d3-9d44-4c96-b5d0-00891187c6e8,156d1786-9f37-3d2e-9f75-3984fe3c1d34,25d15b3e-8eca-49df-a7a8-538cf93be269,0.8920994879297732,27
377,1183,Erroll Garner,Afternoon Of An Elf,Is You Is Or Is You Ain't My Baby,studio,data/midi/studio/Erroll Garner/Afternoon Of An Elf/Is You Is Or Is You Ain't My Baby.midi,data/audio/studio/Erroll Garner/Afternoon Of An Elf/Is You Is Or Is You Ain't My Baby.mp3,https://www.youtube.com/watch?v=-J1cabPWsOA,237.528,0,237,train,train,train,train,35f5c3f8-8ae6-4c6b-858c-0cc79056b0ab,59a3fd48-96af-4486-b06a-eba0cec954c9,75bd5186-9d89-4da9-95de-fce055c28895,c0baf305-abe8-3f58-90f3-566cdb03ca6c,ac131c1b-6ba8-45f5-8573-b88e622c1a8a,0.837797932925543,65
378,1185,Art Tatum,"The Art Tatum Solo Masterpieces, Vol. 2",The Very Thought Of You,studio,"data/midi/studio/Art Tatum/The Art Tatum Solo Masterpieces, Vol. 2/The Very Thought Of You.midi","data/audio/studio/Art Tatum/The Art Tatum Solo Masterpieces, Vol. 2/The Very Thought Of You.mp3",https://www.youtube.com/watch?v=6ePYL6wS_ho,268.56,0,268,train,train,train,train,ff4b683a-988a-4e4c-91f5-a78bc03ab1a4,f667da54-eba6-4d21-84ed-d7a703c51eee,e073f6af-d696-4340-b847-e81fabc4d55b,cc300f33-d50b-3674-9169-5fca5c0dc6f0,3e745d07-44e4-4057-ab0f-1f39972c3b9a,0.9269785745518146,218
379,1188,Oscar Peterson,Marian McPartland's Piano Jazz Radio Broadcast,Place St. Henri,studio,data/midi/studio/Oscar Peterson/Marian McPartland's Piano Jazz Radio Broadcast/Place St. Henri.midi,data/audio/studio/Oscar Peterson/Marian McPartland's Piano Jazz Radio Broadcast/Place St. Henri.mp3,https://www.youtube.com/watch?v=RXO557jYzmU,111.576,0,111,train,test,train,train,1738593f-3895-488c-a7c6-7842990bb2e3,e22fdadf-72c1-481b-8398-b0dd79093b44,ed801bdd-f057-41c0-94fb-76cb5676cd59,dfe54359-6ce6-36e0-88f2-2febff5f4492,91e3bec5-7e75-4930-b942-a21eb0775b64,0.8970753655793025,54
380,1191,Dave McKenna,Easy Street,Broadway,studio,data/midi/studio/Dave McKenna/Easy Street/Broadway.midi,data/audio/studio/Dave McKenna/Easy Street/Broadway.mp3,https://www.youtube.com/watch?v=FvS-9Qlusjw,201.696,0,201,train,train,train,train,52c26136-0526-4f76-8f09-88bc4f26338a,36e5a197-8351-4e22-a4e6-63f0f20862ef,a048dfa0-5ce1-40ca-bcdf-56f9d56b32ae,472d3936-3289-3d7b-93b6-41720838ce9c,65384e68-f745-4390-8421-524785700b18,0.8956661316211878,243
381,1197,Abdullah Ibrahim,The Song Is My Story,Shadows Lean Against My Song,studio,data/midi/studio/Abdullah Ibrahim/The Song Is My Story/Shadows Lean Against My Song.midi,data/audio/studio/Abdullah Ibrahim/The Song Is My Story/Shadows Lean Against My Song.mp3,https://www.youtube.com/watch?v=RokEJ4uw8tw,113.04,0,113,train,train,test,val,eb48561f-8cd6-4216-ad36-dfbd046acab8,8dd2d9b6-5354-468c-8b0b-dbd0ff5a1090,fd64e185-9973-44d5-ad09-5d5562804292,6b24c4e9-f062-4eb7-bf7c-2316b0a2aa43,b79b6681-c51a-4423-8f36-7952d1430f52,0.8852459016393442,109
382,1198,Erroll Garner,Solo Time! The Erroll Garner Collection Vols. 4 & 5,I Only Have Eyes For You,studio,data/midi/studio/Erroll Garner/Solo Time! The Erroll Garner Collection Vols. 4 & 5/I Only Have Eyes For You.midi,data/audio/studio/Erroll Garner/Solo Time! The Erroll Garner Collection Vols. 4 & 5/I Only Have Eyes For You.mp3,https://www.youtube.com/watch?v=Fm_FGOTDCvA,299.232,0,299,train,train,train,train,4fdf314f-af0d-4fea-b144-b6dab0b1908a,b87aea54-653a-4a63-b364-8effc6f4dd4c,75bd5186-9d89-4da9-95de-fce055c28895,bb407eaf-8c04-300a-8ae9-4dbade564a89,345beb98-acb9-40e8-a755-39ff915e8c68,0.9146216017634092,42
383,1209,Art Tatum,"The Art Tatum Solo Masterpieces, Vol. 5",Louise,studio,"data/midi/studio/Art Tatum/The Art Tatum Solo Masterpieces, Vol. 5/Louise.midi","data/audio/studio/Art Tatum/The Art Tatum Solo Masterpieces, Vol. 5/Louise.mp3",https://www.youtube.com/watch?v=N_BmLONesFU,297.6,0,297,train,train,train,train,b02bb70c-3ff9-4e55-a602-a26566fa0bb5,6c658e23-5d2c-43a2-b311-43309caf18f7,e073f6af-d696-4340-b847-e81fabc4d55b,a4696604-3913-3563-99f9-344ef2523931,ed85b1cf-d50f-44a9-85f7-7cc49f36aa0d,0.8728610855565777,210
384,1212,Oscar Peterson,"Exclusively for My Friends -  My Favorite Instrument, Vol. IV",Perdido - Live,studio,"data/midi/studio/Oscar Peterson/Exclusively for My Friends -  My Favorite Instrument, Vol. IV/Perdido - Live.midi","data/audio/studio/Oscar Peterson/Exclusively for My Friends -  My Favorite Instrument, Vol. IV/Perdido - Live.mp3",https://www.youtube.com/watch?v=nLEUtxfcQ3A,372.384,0,372,train,train,val,train,35c11061-57f2-4e27-99e5-5169f02fffb4,681c428a-5240-38ff-b70c-acf510d432e3,ed801bdd-f057-41c0-94fb-76cb5676cd59,511c532d-3019-366d-a3ff-190152c6c04e,75aa5dfc-302c-4916-b690-c6847a4d6ffa,0.7998831434414256,90
385,1213,Dave McKenna,Easy Street,My Honey's Lovin' Arms,studio,data/midi/studio/Dave McKenna/Easy Street/My Honey's Lovin' Arms.midi,data/audio/studio/Dave McKenna/Easy Street/My Honey's Lovin' Arms.mp3,https://www.youtube.com/watch?v=E_DRkd00Opw,229.248,0,229,train,train,train,train,4c1351c8-1bbb-4907-8d6f-d7f707feaf5f,36e5a197-8351-4e22-a4e6-63f0f20862ef,a048dfa0-5ce1-40ca-bcdf-56f9d56b32ae,93d41ea5-bbde-3bb7-a4c4-edf13c9c1c67,486568a4-053e-4363-aac6-2b9d539d010c,0.8912386706948641,243
386,1219,Art Tatum,The Complete Capitol Recordings (Vol. One),Nice Work If You Can Get It,studio,data/midi/studio/Art Tatum/The Complete Capitol Recordings (Vol. One)/Nice Work If You Can Get It.midi,data/audio/studio/Art Tatum/The Complete Capitol Recordings (Vol. One)/Nice Work If You Can Get It.mp3,https://www.youtube.com/watch?v=kHQA20jcUYc,168.264,0,168,train,train,train,train,,ef3e0d7b-de4a-41c9-97e9-f7b960daa2c3,e073f6af-d696-4340-b847-e81fabc4d55b,ab13be4a-e12a-311b-b2e0-4e114fbce4f2,5c0a55a0-4439-4fec-95d1-c345a13c5e30,0.9218828242363544,211
387,1223,Dave McKenna,Dave McKenna -  Solo,You're Lucky To Me 2,studio,data/midi/studio/Dave McKenna/Dave McKenna -  Solo/You're Lucky To Me 2.midi,data/audio/studio/Dave McKenna/Dave McKenna -  Solo/You're Lucky To Me 2.mp3,https://www.youtube.com/watch?v=OhIFlOkO5ak,215.88,0,215,train,train,train,train,,,,,,0.7614648630814913,97
388,1227,Abdullah Ibrahim,Solotude,Blue Bolero (Second Reprise),studio,data/midi/studio/Abdullah Ibrahim/Solotude/Blue Bolero (Second Reprise).midi,data/audio/studio/Abdullah Ibrahim/Solotude/Blue Bolero (Second Reprise).mp3,https://www.youtube.com/watch?v=UzGfJ1-B1CQ,23.016,0,23,train,test,train,train,ec1a6e7b-1fd6-4629-a7e8-e428311e3edb,a7f3e66d-6b62-4e27-b75c-5b45e92d39c6,fd64e185-9973-44d5-ad09-5d5562804292,f0a7251e-4720-4bb1-9877-47c90e57d17f,5a2360e9-a85a-460e-a7ab-f331a82b0a72,0.988235294117647,129
389,1229,Tete Montoliu,Yellow Dolphin Street,Napoleon,studio,data/midi/studio/Tete Montoliu/Yellow Dolphin Street/Napoleon.midi,data/audio/studio/Tete Montoliu/Yellow Dolphin Street/Napoleon.mp3,https://www.youtube.com/watch?v=8sMokyUItho,237.24,0,237,test,train,train,train,93c3398e-aec5-4446-9ee6-8661664c875b,fdc99fea-265b-4169-b869-0b4947983d82,769d402e-20c3-40ec-8369-86fe8120bce8,b833ffe6-1e70-43a7-b0fd-7277a201eb2a,8dc51c6b-a007-403c-8727-a070ac705cf4,0.9493883425281844,43
390,1236,Hank Jones,SOLO 1976 A Tribute to Duke Ellington,Gone With The Wind,studio,data/midi/studio/Hank Jones/SOLO 1976 A Tribute to Duke Ellington/Gone With The Wind.midi,data/audio/studio/Hank Jones/SOLO 1976 A Tribute to Duke Ellington/Gone With The Wind.mp3,https://www.youtube.com/watch?v=DA9BRn7vEno,152.544,0,152,val,test,train,val,2d2e0da8-956c-4865-8c7a-2eaeb6f8e28c,55b7f2e2-d0b8-41a0-a66f-9e1b2540a951,80d610fe-7771-4226-aa9b-950944791698,2ff946e3-1ae0-38b4-8926-2415d88736e3,6f835be3-6662-4dce-bad1-cac9aaed2c16,0.8994675853429377,174
391,1238,Erroll Garner,Solitaire,Over The Rainbow,studio,data/midi/studio/Erroll Garner/Solitaire/Over The Rainbow.midi,data/audio/studio/Erroll Garner/Solitaire/Over The Rainbow.mp3,https://www.youtube.com/watch?v=kEPmTNUosT4,639.024,0,639,train,val,train,test,688ebc40-b212-454f-98a2-201df0c98aec,47f3e158-f341-43b6-b202-3ec636137c75,75bd5186-9d89-4da9-95de-fce055c28895,7e41c8ab-056c-3d66-856b-ee8d0f902651,7adb574a-a8d5-4f8c-ac8f-bfbff7fd9cc5,0.8198495446746733,47
392,1243,Art Tatum,The Complete Capitol Recordings (Vol. One),Don't Blame Me,studio,data/midi/studio/Art Tatum/The Complete Capitol Recordings (Vol. One)/Don't Blame Me.midi,data/audio/studio/Art Tatum/The Complete Capitol Recordings (Vol. One)/Don't Blame Me.mp3,https://www.youtube.com/watch?v=CJ9qUOt_2t8,175.44,0,175,train,train,train,train,7079a4da-37bc-4a9a-8316-0b32e6fe5277,ef3e0d7b-de4a-41c9-97e9-f7b960daa2c3,e073f6af-d696-4340-b847-e81fabc4d55b,25860e4a-b0ae-3df6-b7d5-4e77dc0a7b91,b24ccec1-e5cc-4fc4-ae8d-4d26ba651f12,0.934687953555878,211
393,1245,Dave McKenna,Dave Fingers McKenna,Bill Bailey Won'T You Please Come Home,studio,data/midi/studio/Dave McKenna/Dave Fingers McKenna/Bill Bailey Won'T You Please Come Home.midi,data/audio/studio/Dave McKenna/Dave Fingers McKenna/Bill Bailey Won'T You Please Come Home.mp3,https://www.youtube.com/watch?v=IsgXtPgMhEg,242.76,0,242,train,train,train,train,85e1bfc5-77ec-4c31-b55e-343b4663c456,c00dae75-1840-46fd-95bc-1929a6206141,a048dfa0-5ce1-40ca-bcdf-56f9d56b32ae,6354949b-2175-4034-9cfe-651a18c32592,105fea57-9669-4391-9b77-40eb1aa11807,0.8172888015717092,12
394,1248,Art Tatum,"The Art Tatum Solo Masterpieces, Vol. 2",Lover Come Back To Me,studio,"data/midi/studio/Art Tatum/The Art Tatum Solo Masterpieces, Vol. 2/Lover Come Back To Me.midi","data/audio/studio/Art Tatum/The Art Tatum Solo Masterpieces, Vol. 2/Lover Come Back To Me.mp3",https://www.youtube.com/watch?v=H7tzH9LzxDU,405.312,0,405,train,train,train,train,e786ad9d-eb7d-4025-ab95-a1c9f31793a3,f667da54-eba6-4d21-84ed-d7a703c51eee,e073f6af-d696-4340-b847-e81fabc4d55b,624fb97c-a32d-3418-8ee9-c2cb96471cb4,5dde7719-7117-4279-8684-fdf46790c593,0.9180002832459992,218
395,1250,Dick Hyman,September Song - Dick Hyman Plays the Music of Kurt Weill,It Never Was You,studio,data/midi/studio/Dick Hyman/September Song - Dick Hyman Plays the Music of Kurt Weill/It Never Was You.midi,data/audio/studio/Dick Hyman/September Song - Dick Hyman Plays the Music of Kurt Weill/It Never Was You.mp3,https://www.youtube.com/watch?v=OOT7-94pTGk,184.224,0,184,train,train,train,train,,,,,,0.8841946435307432,60
396,1252,Oscar Peterson,"Exclusively for My Friends -  My Favorite Instrument, Vol. IV",Someone to Watch Over Me - Live,studio,"data/midi/studio/Oscar Peterson/Exclusively for My Friends -  My Favorite Instrument, Vol. IV/Someone to Watch Over Me - Live.midi","data/audio/studio/Oscar Peterson/Exclusively for My Friends -  My Favorite Instrument, Vol. IV/Someone to Watch Over Me - Live.mp3",https://www.youtube.com/watch?v=hZwfCKixNj4,253.488,0,253,test,train,val,train,,,,,,0.8658991405869952,90
397,1254,Hank Jones,Handful Of Keys,Spreadin' Rhythm Around - Instrumental,studio,data/midi/studio/Hank Jones/Handful Of Keys/Spreadin' Rhythm Around - Instrumental.midi,data/audio/studio/Hank Jones/Handful Of Keys/Spreadin' Rhythm Around - Instrumental.mp3,https://www.youtube.com/watch?v=OEwIibh4vYY,164.04,0,164,train,train,train,train,04d74df7-f33f-47fc-9148-34c5bc348482,3836130b-cdca-4ea2-93b7-b95ba5ec6896,80d610fe-7771-4226-aa9b-950944791698,5eda2818-5834-3e3f-acaf-3761c627815c,2ee17608-b67e-4157-8b32-824b5034ee77,0.8481455563331001,128
398,1257,Art Tatum,"The Art Tatum Solo Masterpieces, Vol. 7",Moonlight On The Ganges,studio,"data/midi/studio/Art Tatum/The Art Tatum Solo Masterpieces, Vol. 7/Moonlight On The Ganges.midi","data/audio/studio/Art Tatum/The Art Tatum Solo Masterpieces, Vol. 7/Moonlight On The Ganges.mp3",https://www.youtube.com/watch?v=A4vs9CaK2Qg,134.304,0,134,train,train,val,train,,0bf8a7ae-c35a-4e44-9dcb-d758eef9cd4f,e073f6af-d696-4340-b847-e81fabc4d55b,cfb291f2-8894-3c0e-a7c8-07dd7e05d55d,6bb40556-af5b-4fcb-8fb0-d35f06f43dcb,0.9069968327094732,56
399,1261,Art Tatum,"The Art Tatum Solo Masterpieces, Vol. 7",Isn't It Romantic,studio,"data/midi/studio/Art Tatum/The Art Tatum Solo Masterpieces, Vol. 7/Isn't It Romantic.midi","data/audio/studio/Art Tatum/The Art Tatum Solo Masterpieces, Vol. 7/Isn't It Romantic.mp3",https://www.youtube.com/watch?v=PJyol1ZZ6oM,273.72,0,273,train,train,test,train,,0bf8a7ae-c35a-4e44-9dcb-d758eef9cd4f,e073f6af-d696-4340-b847-e81fabc4d55b,f2428513-e8e2-3c24-a58a-459b813ca0ac,05091b3b-f750-487f-9b1e-dcf2d703d3d0,0.898912462114459,56
400,1268,Dick Hyman,In Recital (Live),Carolina Shout,studio,data/midi/studio/Dick Hyman/In Recital (Live)/Carolina Shout.midi,data/audio/studio/Dick Hyman/In Recital (Live)/Carolina Shout.mp3,https://www.youtube.com/watch?v=7f8k7xVb0Hs,224.328,0,224,train,train,train,train,,,,,,0.9041487839771102,240
401,1273,Art Tatum,"The Art Tatum Solo Masterpieces, Vol. 5",That Old Feeling,studio,"data/midi/studio/Art Tatum/The Art Tatum Solo Masterpieces, Vol. 5/That Old Feeling.midi","data/audio/studio/Art Tatum/The Art Tatum Solo Masterpieces, Vol. 5/That Old Feeling.mp3",https://www.youtube.com/watch?v=5lnTLWCRPsk,311.712,0,311,train,train,train,train,4452bcc1-eb9a-45b0-9403-3e25bc8af555,6c658e23-5d2c-43a2-b311-43309caf18f7,e073f6af-d696-4340-b847-e81fabc4d55b,f3f56355-de1e-353d-800a-5dc733587d3e,05710a55-3c45-4812-9201-b73ae009837b,0.8947267497603067,210
402,1274,Abdullah Ibrahim,Senzo,Blue Bolero,studio,data/midi/studio/Abdullah Ibrahim/Senzo/Blue Bolero.midi,data/audio/studio/Abdullah Ibrahim/Senzo/Blue Bolero.mp3,https://www.youtube.com/watch?v=XVO6PXkhFRA,366.576,0,366,train,train,train,train,,,,,,0.8640350877192983,81
403,1277,Abdullah Ibrahim,Senzo,In The Evening,studio,data/midi/studio/Abdullah Ibrahim/Senzo/In The Evening.midi,data/audio/studio/Abdullah Ibrahim/Senzo/In The Evening.mp3,https://www.youtube.com/watch?v=XaMZ0hkIhig,185.688,0,185,train,train,train,train,,,,,,0.8735498839907192,81
404,1279,Tete Montoliu,The Music I Like To Play - Vol.2,Cherokee,studio,data/midi/studio/Tete Montoliu/The Music I Like To Play - Vol.2/Cherokee.midi,data/audio/studio/Tete Montoliu/The Music I Like To Play - Vol.2/Cherokee.mp3,https://www.youtube.com/watch?v=ASPfFvN1R3s,272.376,0,272,train,train,train,train,,,,,,0.9422939068100358,235
405,1280,Dick Hyman,Dick Hyman Plays Variations on Richard Rodgers -  Rodgers & Hammerstein,This Nearly Was Mine,studio,data/midi/studio/Dick Hyman/Dick Hyman Plays Variations on Richard Rodgers -  Rodgers & Hammerstein/This Nearly Was Mine.midi,data/audio/studio/Dick Hyman/Dick Hyman Plays Variations on Richard Rodgers -  Rodgers & Hammerstein/This Nearly Was Mine.mp3,https://www.youtube.com/watch?v=vDdoXveQCdo,287.424,0,287,train,train,train,train,,,,,,0.9551312649164678,89
406,1283,Dave McKenna,Dave Fingers McKenna,Melancholy,studio,data/midi/studio/Dave McKenna/Dave Fingers McKenna/Melancholy.midi,data/audio/studio/Dave McKenna/Dave Fingers McKenna/Melancholy.mp3,https://www.youtube.com/watch?v=4jm66KQ07uI,225.912,0,226,train,train,train,train,,c00dae75-1840-46fd-95bc-1929a6206141,a048dfa0-5ce1-40ca-bcdf-56f9d56b32ae,0e68531f-6009-416d-9220-b2082c11d19a,d9f9a411-cd56-4aaa-8260-649e059bf893,0.872048743335872,12
407,1285,Andy Laverne,In The Mood For A Classic,Bouncing with Bud,studio,data/midi/studio/Andy Laverne/In The Mood For A Classic/Bouncing with Bud.midi,data/audio/studio/Andy Laverne/In The Mood For A Classic/Bouncing with Bud.mp3,https://www.youtube.com/watch?v=F2WrcY3ZlEU,244.896,0,244,train,test,train,train,d0022726-527f-4cea-88b0-8a497f8c3c9e,8454bb32-6955-466c-9086-0befed62a7b8,e88ae791-cd20-4298-943a-66fd6d222698,d2f7abe2-be94-41c0-b3bf-f8efb1aee734,bf2583f8-2509-45c1-b405-be1b01708d5c,0.9422116527942924,246
408,1288,Dave McKenna,Dave Fingers McKenna,All Alone,studio,data/midi/studio/Dave McKenna/Dave Fingers McKenna/All Alone.midi,data/audio/studio/Dave McKenna/Dave Fingers McKenna/All Alone.mp3,https://www.youtube.com/watch?v=l8x1CZk4hN8,228.024,0,228,train,train,train,train,6b20d9a7-411e-4266-8c1d-fca4a424add2,c00dae75-1840-46fd-95bc-1929a6206141,a048dfa0-5ce1-40ca-bcdf-56f9d56b32ae,4fd00187-7f79-4442-bf5d-6db6fa2d1be9,201ce566-c11a-4307-bb43-0ad0848a0071,0.8685983827493262,12
409,1292,Dick Hyman,Autumn in New York - Dick Hyman Plays the Music of Vernon Duke,Autumn in New York,studio,data/midi/studio/Dick Hyman/Autumn in New York - Dick Hyman Plays the Music of Vernon Duke/Autumn in New York.midi,data/audio/studio/Dick Hyman/Autumn in New York - Dick Hyman Plays the Music of Vernon Duke/Autumn in New York.mp3,https://www.youtube.com/watch?v=XHCT8yCN7Nk,107.448,0,107,train,train,train,train,,,,,,0.9197994987468672,58
410,1293,Andy Laverne,In The Mood For A Classic,Dusk in Sandi,studio,data/midi/studio/Andy Laverne/In The Mood For A Classic/Dusk in Sandi.midi,data/audio/studio/Andy Laverne/In The Mood For A Classic/Dusk in Sandi.mp3,https://www.youtube.com/watch?v=TJrYajrZSlc,221.04,0,221,val,val,train,train,e4489b1e-5c0f-4dc0-95a6-0d79ad948ae9,8454bb32-6955-466c-9086-0befed62a7b8,e88ae791-cd20-4298-943a-66fd6d222698,ece246de-2c6a-497f-ae1e-4f7dbbc27af9,0668bbb1-350a-4fd1-b30f-cd1c64f7cde1,0.9328460484239378,246
411,1294,Dave McKenna,Dancing In The Dark,Dancing In The Dark,studio,data/midi/studio/Dave McKenna/Dancing In The Dark/Dancing In The Dark.midi,data/audio/studio/Dave McKenna/Dancing In The Dark/Dancing In The Dark.mp3,https://www.youtube.com/watch?v=1V9pCRp66rI,224.976,0,225,train,test,test,train,7395f9c9-2ef8-44f3-82fb-bd1890091336,0b2f5406-0f30-4ecd-8c32-a00dcc8dca9d,a048dfa0-5ce1-40ca-bcdf-56f9d56b32ae,ca8ca934-2c99-4daf-bc7d-bb0f6181f12d,4d7d3fdf-94fe-4caa-ad49-1a85f1a04def,0.8595238095238095,116
412,1295,Dave McKenna,This Is New -  Teddi King Sings Ira Gershwin,Soon (Dave McKenna Piano Solo),studio,data/midi/studio/Dave McKenna/This Is New -  Teddi King Sings Ira Gershwin/Soon (Dave McKenna Piano Solo).midi,data/audio/studio/Dave McKenna/This Is New -  Teddi King Sings Ira Gershwin/Soon (Dave McKenna Piano Solo).mp3,https://www.youtube.com/watch?v=t6WO4A9nqLs,255.576,0,255,train,train,train,train,,,,,,0.8826423049894588,101
413,1303,Cedar Walton,Blues For Myself (Piano Solo),Without A Song,studio,data/midi/studio/Cedar Walton/Blues For Myself (Piano Solo)/Without A Song.midi,data/audio/studio/Cedar Walton/Blues For Myself (Piano Solo)/Without A Song.mp3,https://www.youtube.com/watch?v=BMhCkB78ZBs,240.168,0,240,val,val,test,train,f44b2c10-baac-4924-b175-136bbad57a87,c53ef91a-5bde-40ae-af2d-ee84d0374f72,115474d3-9d44-4c96-b5d0-00891187c6e8,f842d987-c0b9-4680-8c78-8a951edf3296,536ea2ae-1811-43e6-8905-b879c5b85bc8,0.9246275197195444,164
414,1307,Dick Hyman,Dick Hyman Plays Fats Waller,Viper's Drag,studio,data/midi/studio/Dick Hyman/Dick Hyman Plays Fats Waller/Viper's Drag.midi,data/audio/studio/Dick Hyman/Dick Hyman Plays Fats Waller/Viper's Drag.mp3,https://www.youtube.com/watch?v=9ROkBGfVxJE,177.96,0,178,val,train,train,train,,,,,,0.8981723237597912,172
415,1308,Art Tatum,"The Art Tatum Solo Masterpieces, Vol. 7",Somebody Loves Me,studio,"data/midi/studio/Art Tatum/The Art Tatum Solo Masterpieces, Vol. 7/Somebody Loves Me.midi","data/audio/studio/Art Tatum/The Art Tatum Solo Masterpieces, Vol. 7/Somebody Loves Me.mp3",https://www.youtube.com/watch?v=nevhzpxXgpw,228.384,0,228,train,train,val,train,,,,,,0.9202044025157232,56
416,1310,Abdullah Ibrahim,Solotude,In-Tempo,studio,data/midi/studio/Abdullah Ibrahim/Solotude/In-Tempo.midi,data/audio/studio/Abdullah Ibrahim/Solotude/In-Tempo.mp3,https://www.youtube.com/watch?v=PkRIae-MwX4,304.944,0,305,val,test,train,train,7f30f204-44fb-452f-bab4-1944ac8f0dbd,a7f3e66d-6b62-4e27-b75c-5b45e92d39c6,fd64e185-9973-44d5-ad09-5d5562804292,82749373-e5ba-420e-b0fc-aacbc3a14318,a710515b-dc48-460b-9112-7ff6469984a1,0.9508644222020018,129
417,1311,Dick Hyman,Broadway Songbook,I'm Just Wild About Harry,studio,data/midi/studio/Dick Hyman/Broadway Songbook/I'm Just Wild About Harry.midi,data/audio/studio/Dick Hyman/Broadway Songbook/I'm Just Wild About Harry.mp3,https://www.youtube.com/watch?v=-RJbhf-X7vY,280.872,0,274,train,train,train,train,7c13a5a1-c747-4160-b5cd-994bc19a20a5,d322060e-e7fa-474a-b9b2-a4441e2c44a1,dab1ad75-3ea3-4071-91c4-7a66475599d4/30235fb0-eaab-4e4e-a4cb-a64c565446c9,50d66387-4985-4fc7-a51f-2da5690409f5,e017f6f1-1768-437f-a005-b7eeab5a8735,0.9072553506528468,8
418,1312,Abdullah Ibrahim,The Song Is My Story,Phambili - Looking Ahead,studio,data/midi/studio/Abdullah Ibrahim/The Song Is My Story/Phambili - Looking Ahead.midi,data/audio/studio/Abdullah Ibrahim/The Song Is My Story/Phambili - Looking Ahead.mp3,https://www.youtube.com/watch?v=oo49292-U8A,100.584,0,100,train,train,test,test,03454b87-c7d1-4a3c-b4ba-6ba0b7e9721f,8dd2d9b6-5354-468c-8b0b-dbd0ff5a1090,fd64e185-9973-44d5-ad09-5d5562804292,4c662956-ec1d-4933-b859-2227f817f78c,ddc7f64a-7f98-4ba3-b600-7f36e82db511,0.9278152069297402,109
419,1313,Dave McKenna,Dancing In The Dark,You And The Night And The Music,studio,data/midi/studio/Dave McKenna/Dancing In The Dark/You And The Night And The Music.midi,data/audio/studio/Dave McKenna/Dancing In The Dark/You And The Night And The Music.mp3,https://www.youtube.com/watch?v=AgbDDPg1vSk,204.936,0,205,train,val,val,train,e8bf1b72-0af7-4c99-826b-fb88e623768f,0b2f5406-0f30-4ecd-8c32-a00dcc8dca9d,a048dfa0-5ce1-40ca-bcdf-56f9d56b32ae,a4539fdc-b272-404e-9749-73279af607bd,f41104e5-d14a-4076-bbce-8a3b6fbc327d,0.8336380255941498,116
420,1314,Dick Hyman,Dick Hyman Plays Fats Waller,Keepin' out of mischief now,studio,data/midi/studio/Dick Hyman/Dick Hyman Plays Fats Waller/Keepin' out of mischief now.midi,data/audio/studio/Dick Hyman/Dick Hyman Plays Fats Waller/Keepin' out of mischief now.mp3,https://www.youtube.com/watch?v=OTgdJdmW46o,232.272,0,232,train,train,train,train,a9573862-c125-43a3-8056-ed69356fad39,ff90bf37-c8b8-4a3c-9c73-1c4a9cce25ad,dab1ad75-3ea3-4071-91c4-7a66475599d4,90c2e369-8a6f-349d-a665-5814f3ddeec7,c5c61814-4b1e-4796-b105-c607e50f75ff,0.9362718089990816,172
421,1315,Art Tatum,"The Art Tatum Solo Masterpieces, Vol. 7",Japanese Sandman,studio,"data/midi/studio/Art Tatum/The Art Tatum Solo Masterpieces, Vol. 7/Japanese Sandman.midi","data/audio/studio/Art Tatum/The Art Tatum Solo Masterpieces, Vol. 7/Japanese Sandman.mp3",https://www.youtube.com/watch?v=9J6HGRwSUps,183.816,0,183,train,train,test,train,963740d6-12b7-4434-9f67-28058393bae0,0bf8a7ae-c35a-4e44-9dcb-d758eef9cd4f,e073f6af-d696-4340-b847-e81fabc4d55b,238e15f8-edfc-30ca-a2a7-3dd28f076bc3,d3a205c3-7d06-4e6f-bce3-542fc6e15c80,0.9275845640781324,56
422,1317,Dick Hyman,Blues in the Night -  Dick Hyman Plays Harold Arlen,Between the Devil and The Deep Blue Sea,studio,data/midi/studio/Dick Hyman/Blues in the Night -  Dick Hyman Plays Harold Arlen/Between the Devil and The Deep Blue Sea.midi,data/audio/studio/Dick Hyman/Blues in the Night -  Dick Hyman Plays Harold Arlen/Between the Devil and The Deep Blue Sea.mp3,https://www.youtube.com/watch?v=eAubkXVeEzc,281.376,0,281,train,train,train,train,515c268f-8e0d-4fbb-9811-d6a85cee7131,1e99b0c5-8cac-4a0f-9eda-641aac071aee,dab1ad75-3ea3-4071-91c4-7a66475599d4,b24d217d-e025-31a0-a729-47f1709599ac,904ba565-f402-4fda-bae0-cc01b67312c5,0.938243064729194,185
423,1321,Horace Parlan,In Copenhagen,Three Little Words,studio,data/midi/studio/Horace Parlan/In Copenhagen/Three Little Words.midi,data/audio/studio/Horace Parlan/In Copenhagen/Three Little Words.mp3,https://www.youtube.com/watch?v=hRGKfTwreZc,258.744,0,258,train,train,train,train,,,,,,0.9222948438634714,161
424,1323,Abdullah Ibrahim,Senzo,Blues For Bea,studio,data/midi/studio/Abdullah Ibrahim/Senzo/Blues For Bea.midi,data/audio/studio/Abdullah Ibrahim/Senzo/Blues For Bea.mp3,https://www.youtube.com/watch?v=ElQiRaho4qw,53.064,0,53,test,train,train,train,eaaacbd6-aefa-4f30-b6ad-10f30f92ef29,f50423f6-1d01-4cb7-bc86-9c2ff6579a60,fd64e185-9973-44d5-ad09-5d5562804292,18f2f882-3daf-3e1f-b71b-a49a6fbef3e3,a871b16d-ed8a-4c77-b81c-dd5cd1228763,0.9026845637583892,81
425,1332,Dick Hyman,Broadway Songbook,Right As The Rain,studio,data/midi/studio/Dick Hyman/Broadway Songbook/Right As The Rain.midi,data/audio/studio/Dick Hyman/Broadway Songbook/Right As The Rain.mp3,https://www.youtube.com/watch?v=voVl-vKmyWg,226.272,0,226,train,train,train,train,,,,,,0.9490774907749078,8
426,1334,Cedar Walton,Blues For Myself (Piano Solo),Let's Call This,studio,data/midi/studio/Cedar Walton/Blues For Myself (Piano Solo)/Let's Call This.midi,data/audio/studio/Cedar Walton/Blues For Myself (Piano Solo)/Let's Call This.mp3,https://www.youtube.com/watch?v=bHRF3jjPwgQ,190.68,0,190,train,val,test,train,6fa6cff5-e6b9-4328-bf11-dbe258301d31,c53ef91a-5bde-40ae-af2d-ee84d0374f72,115474d3-9d44-4c96-b5d0-00891187c6e8,2135c175-0f52-43e3-8f4e-bc0911e5cda6,1ae1ad08-e085-4ad8-bcc3-fe27ca02045b,0.9240766073871408,164
427,1335,Erroll Garner,Solitaire,A Cottage For Sale,studio,data/midi/studio/Erroll Garner/Solitaire/A Cottage For Sale.midi,data/audio/studio/Erroll Garner/Solitaire/A Cottage For Sale.mp3,https://www.youtube.com/watch?v=-hw1SCPPUdI,385.032,0,385,train,test,train,test,599de57d-fc32-4a47-801b-b2bccd5c8a42,47f3e158-f341-43b6-b202-3ec636137c75,75bd5186-9d89-4da9-95de-fce055c28895,ae7497db-819a-32de-9218-29160952abf7,ca637d80-adca-420d-8168-38d06a048ebd,0.761964603623416,47
428,1339,Abdullah Ibrahim,Dream Time,Capetown District Six,studio,data/midi/studio/Abdullah Ibrahim/Dream Time/Capetown District Six.midi,data/audio/studio/Abdullah Ibrahim/Dream Time/Capetown District Six.mp3,https://www.youtube.com/watch?v=wKdu_hkBpxA,219.6,0,219,train,train,train,train,841a952f-9d3b-44a8-bbf2-e5adc1516d6b,cd84f0d5-7f35-44da-ac2f-2bc2331d324c,fd64e185-9973-44d5-ad09-5d5562804292,fb3250d3-3ec4-4cdb-a6f2-88582476532c,f79b5bdc-ce63-4371-a6a0-4e0cf21037ab,0.8397094430992736,238
429,1340,Hank Jones,Handful Of Keys,Ain't Misbehavin' - Instrumental,studio,data/midi/studio/Hank Jones/Handful Of Keys/Ain't Misbehavin' - Instrumental.midi,data/audio/studio/Hank Jones/Handful Of Keys/Ain't Misbehavin' - Instrumental.mp3,https://www.youtube.com/watch?v=CoMeVO28FOg,213.936,0,214,train,train,train,train,c7feda82-1fa1-44d3-a5ad-5902ffdf33ea,3836130b-cdca-4ea2-93b7-b95ba5ec6896,80d610fe-7771-4226-aa9b-950944791698,c750df58-f567-371a-a839-4015e98f3c7c,95edf4d5-0c8b-44ce-a29f-b090aa7460bf,0.8901457472264521,128
430,1344,Art Tatum,"The Art Tatum Solo Masterpieces, Volume 1",Moon Glow,studio,"data/midi/studio/Art Tatum/The Art Tatum Solo Masterpieces, Volume 1/Moon Glow.midi","data/audio/studio/Art Tatum/The Art Tatum Solo Masterpieces, Volume 1/Moon Glow.mp3",https://www.youtube.com/watch?v=VDecOHu0RNI,174.912,0,174,val,val,train,val,18a563b5-7fa9-446e-a83a-6a31ae1560d9,da515317-8087-48fe-89c1-532be01837e6,e073f6af-d696-4340-b847-e81fabc4d55b,fcb82c10-9974-3cca-97b7-46ab64cb9257,c2c06c66-70e5-4786-ad83-f4b6fa240868,0.9140470433062212,242
431,1346,Oscar Peterson,"Exclusively for My Friends -  My Favorite Instrument, Vol. IV",Who Can I Turn To - Live,studio,"data/midi/studio/Oscar Peterson/Exclusively for My Friends -  My Favorite Instrument, Vol. IV/Who Can I Turn To - Live.midi","data/audio/studio/Oscar Peterson/Exclusively for My Friends -  My Favorite Instrument, Vol. IV/Who Can I Turn To - Live.mp3",https://www.youtube.com/watch?v=3KFG9MQPgSg,295.824,0,295,train,train,test,train,,,,,,0.8625213918996006,90
432,1348,Dick Hyman,Dick Hyman Plays Variations on Richard Rodgers -  Rodgers & Hart,My Funny Valentine,studio,data/midi/studio/Dick Hyman/Dick Hyman Plays Variations on Richard Rodgers -  Rodgers & Hart/My Funny Valentine.midi,data/audio/studio/Dick Hyman/Dick Hyman Plays Variations on Richard Rodgers -  Rodgers & Hart/My Funny Valentine.mp3,https://www.youtube.com/watch?v=mSv9Y_H_hIM,450.384,0,450,train,test,train,train,1502610b-c885-49d5-8aa2-b15d67071c82,1ebff91a-54b7-4a2f-80e8-dc5d463a4464,dab1ad75-3ea3-4071-91c4-7a66475599d4,f462d8d0-b7e0-4e00-84dd-858ca8b73a6a,4ca99647-097e-4ed1-8173-cc93e70ed231,0.9508290451686676,206
433,1349,Andy Laverne,In The Mood For A Classic,Parisian thoroughfare,studio,data/midi/studio/Andy Laverne/In The Mood For A Classic/Parisian thoroughfare.midi,data/audio/studio/Andy Laverne/In The Mood For A Classic/Parisian thoroughfare.mp3,https://www.youtube.com/watch?v=ZFgC2FRM_zo,231.624,0,231,train,val,train,train,3cf724cd-9e6a-461b-9f02-6dc0e9ad0833,8454bb32-6955-466c-9086-0befed62a7b8,e88ae791-cd20-4298-943a-66fd6d222698,e69eb87e-5906-444a-a536-a2c504dc77db,c4653a21-43eb-439f-8c99-5095a2ee666a,0.9476923076923076,246
434,1350,Tete Montoliu,Yellow Dolphin Street,Where Are You,studio,data/midi/studio/Tete Montoliu/Yellow Dolphin Street/Where Are You.midi,data/audio/studio/Tete Montoliu/Yellow Dolphin Street/Where Are You.mp3,https://www.youtube.com/watch?v=9ZdbaTfTOwo,346.392,0,346,val,train,train,train,e141b6da-be4c-424e-9580-736efca12ce6,fdc99fea-265b-4169-b869-0b4947983d82,769d402e-20c3-40ec-8369-86fe8120bce8,f900257c-dc8f-440a-a2d3-f5e820ae1cc7,48a42ecd-d6f2-4ab5-af9f-9922eb63729d,0.9473684210526316,43
435,1351,Art Tatum,"The Art Tatum Solo Masterpieces, Vol. 4",The Man I Love,studio,"data/midi/studio/Art Tatum/The Art Tatum Solo Masterpieces, Vol. 4/The Man I Love.midi","data/audio/studio/Art Tatum/The Art Tatum Solo Masterpieces, Vol. 4/The Man I Love.mp3",https://www.youtube.com/watch?v=2ds98VjQBxo,268.104,0,268,train,train,train,train,22c40ea0-0b17-4ff2-b78d-24fe261140c1,d5fa77dd-666e-43b0-ac4c-c47b024fa47a,e073f6af-d696-4340-b847-e81fabc4d55b,84485009-d61b-3eeb-bf71-149e44de0eae,d894c737-bbfa-44d5-9269-1cb3077a0af2,0.9345372460496616,241
436,1354,Dick Hyman,Dick Hyman Plays Variations on Richard Rodgers -  Rodgers & Hart,Mimi,studio,data/midi/studio/Dick Hyman/Dick Hyman Plays Variations on Richard Rodgers -  Rodgers & Hart/Mimi.midi,data/audio/studio/Dick Hyman/Dick Hyman Plays Variations on Richard Rodgers -  Rodgers & Hart/Mimi.mp3,https://www.youtube.com/watch?v=fGc_V3W-ozk,266.64,0,266,test,test,train,train,8fde9a1d-4862-458a-b655-fe5ceefc57aa,1ebff91a-54b7-4a2f-80e8-dc5d463a4464,dab1ad75-3ea3-4071-91c4-7a66475599d4,29313d5b-4dbd-47c1-9c3e-0f0a0b71eef3,fde713f1-83e6-4577-b48e-e5da4cdb1116,0.9405666897028336,206
437,1361,Erroll Garner,Solitaire,I'll Never Smile Again,studio,data/midi/studio/Erroll Garner/Solitaire/I'll Never Smile Again.midi,data/audio/studio/Erroll Garner/Solitaire/I'll Never Smile Again.mp3,https://www.youtube.com/watch?v=woH7t_3QE3I,334.464,0,334,val,val,train,test,,,,,,0.8516483516483517,47
438,1365,Andy Laverne,Tadd's Delight,Tadley Ewing,studio,data/midi/studio/Andy Laverne/Tadd's Delight/Tadley Ewing.midi,data/audio/studio/Andy Laverne/Tadd's Delight/Tadley Ewing.mp3,https://www.youtube.com/watch?v=3Ye8znaH0J4,308.304,0,308,train,train,train,train,6a21627a-5357-43a3-8fa9-3ec06a06a04a,a8ca6fa7-b561-4799-9b2e-ceae5efa48be,e88ae791-cd20-4298-943a-66fd6d222698,68eb5353-9561-4fad-9f49-dd082e36b1d3,836ae49a-301b-4606-9f24-edc1d8dfe3cc,0.8737662337662337,140
439,1368,Dick Hyman,September Song - Dick Hyman Plays the Music of Kurt Weill,How Much I Love You,studio,data/midi/studio/Dick Hyman/September Song - Dick Hyman Plays the Music of Kurt Weill/How Much I Love You.midi,data/audio/studio/Dick Hyman/September Song - Dick Hyman Plays the Music of Kurt Weill/How Much I Love You.mp3,https://www.youtube.com/watch?v=-pu_cearuu8,124.2,0,124,train,train,train,train,,,,,,0.8668730650154799,60
440,1372,Cedar Walton,Underground Memoirs,Lost April,studio,data/midi/studio/Cedar Walton/Underground Memoirs/Lost April.midi,data/audio/studio/Cedar Walton/Underground Memoirs/Lost April.mp3,https://www.youtube.com/watch?v=borTVHhvKAQ,410.76,0,410,train,train,train,test,9a3e55a8-b4c1-41b3-bc54-be07129d9e9e,2d93a648-7830-4992-944e-c3d2317c9775,115474d3-9d44-4c96-b5d0-00891187c6e8,ddfa41a3-e615-30df-be00-4c46d8a8d339,14fc24d4-207c-4888-975e-6a343807bd31,0.8860075634792005,27
441,1374,Art Tatum,The Complete Capitol Recordings (Vol. One),Somebody Loves Me,studio,data/midi/studio/Art Tatum/The Complete Capitol Recordings (Vol. One)/Somebody Loves Me.midi,data/audio/studio/Art Tatum/The Complete Capitol Recordings (Vol. One)/Somebody Loves Me.mp3,https://www.youtube.com/watch?v=fAu3AOGpEN8,167.064,0,167,train,train,train,train,,ef3e0d7b-de4a-41c9-97e9-f7b960daa2c3,e073f6af-d696-4340-b847-e81fabc4d55b,58650289-8f4a-36a6-b754-bdc4528b906d,dfc16a72-674b-4ab8-a543-f3b4583e9e25,0.90320987654321,211
442,1377,Art Tatum,"The Art Tatum Solo Masterpieces, Vol. 3",Love Me Or Leave Me,studio,"data/midi/studio/Art Tatum/The Art Tatum Solo Masterpieces, Vol. 3/Love Me Or Leave Me.midi","data/audio/studio/Art Tatum/The Art Tatum Solo Masterpieces, Vol. 3/Love Me Or Leave Me.mp3",https://www.youtube.com/watch?v=zIN-uP84UOw,202.224,0,202,train,train,train,train,42fdf5f1-a146-45a1-9015-c8e5f814af40,fdca5f37-0fbb-4438-b9b8-368c75e3719f,e073f6af-d696-4340-b847-e81fabc4d55b,02ffdb7d-f150-3758-817d-52cc0a762638,01b7afe2-dd67-42ba-a386-08128d794f93,0.9126614987080104,22
443,1378,Abdullah Ibrahim,The Song Is My Story,Marinska,studio,data/midi/studio/Abdullah Ibrahim/The Song Is My Story/Marinska.midi,data/audio/studio/Abdullah Ibrahim/The Song Is My Story/Marinska.mp3,https://www.youtube.com/watch?v=qBHRpyNtYAw,136.2,0,136,train,train,val,val,24d5cfa8-f3f0-42c0-926f-781610aa9488,8dd2d9b6-5354-468c-8b0b-dbd0ff5a1090,fd64e185-9973-44d5-ad09-5d5562804292,5ed7b910-e817-4e90-9f21-b84a2fbb74bd,a6c88adf-00f4-43dc-b7a7-197f097676fa,0.9090909090909092,109
444,1379,Art Tatum,"The Art Tatum Solo Masterpieces, Vol. 5",Lullaby In Rhythm,studio,"data/midi/studio/Art Tatum/The Art Tatum Solo Masterpieces, Vol. 5/Lullaby In Rhythm.midi","data/audio/studio/Art Tatum/The Art Tatum Solo Masterpieces, Vol. 5/Lullaby In Rhythm.mp3",https://www.youtube.com/watch?v=w_msS1Q19Es,189.216,0,189,train,train,train,train,bed78d35-7de3-4b6b-ae3f-2e00a3e2a79f,6c658e23-5d2c-43a2-b311-43309caf18f7,e073f6af-d696-4340-b847-e81fabc4d55b,de7ea398-54bf-3701-a796-fd41b0cbc2dc,03034712-2cc2-42db-a177-338b2f8937cd,0.927173693766391,210
445,1381,Art Tatum,"The Art Tatum Solo Masterpieces, Vol. 3",Dixieland Band,studio,"data/midi/studio/Art Tatum/The Art Tatum Solo Masterpieces, Vol. 3/Dixieland Band.midi","data/audio/studio/Art Tatum/The Art Tatum Solo Masterpieces, Vol. 3/Dixieland Band.mp3",https://www.youtube.com/watch?v=n5wq7MYJYyA,186.912,0,186,test,train,train,train,88c49164-5b46-4bf8-aaad-4b823e54d65d,fdca5f37-0fbb-4438-b9b8-368c75e3719f,e073f6af-d696-4340-b847-e81fabc4d55b,33c006c3-d110-3975-9372-c1052686a6c0,ed82d9f4-8fb9-4bc3-90df-c5d53135f412,0.8843291995490418,22
446,1384,George Cables,You Don't Know Me Volume I,Up Jumped Spring,studio,data/midi/studio/George Cables/You Don't Know Me Volume I/Up Jumped Spring.midi,data/audio/studio/George Cables/You Don't Know Me Volume I/Up Jumped Spring.mp3,https://www.youtube.com/watch?v=k19Od2Tv5Wk,243.528,0,243,train,val,train,train,729fc545-5053-4f85-9a31-e3ab4e50c4f7,59870feb-0aa5-42e6-adff-1e29e8ad3121,7d3aa1dd-5e8b-47f3-a65b-41d78c725ce3,0fb1b813-0984-4c05-bef1-8d3d3dafe45d,9bb43f0e-437a-435f-827d-7efd5c116eda,0.93086477618936,198
447,1386,Dick Hyman,Dick Hyman Plays Variations on Richard Rodgers -  Rodgers & Hart,Easy To Remember,studio,data/midi/studio/Dick Hyman/Dick Hyman Plays Variations on Richard Rodgers -  Rodgers & Hart/Easy To Remember.midi,data/audio/studio/Dick Hyman/Dick Hyman Plays Variations on Richard Rodgers -  Rodgers & Hart/Easy To Remember.mp3,https://www.youtube.com/watch?v=1jKfDYp-Hg0,314.856,0,314,train,val,train,train,06fab4da-9aae-4e11-8c1d-092ff449a08a,1ebff91a-54b7-4a2f-80e8-dc5d463a4464,dab1ad75-3ea3-4071-91c4-7a66475599d4,b6f585a9-dfe5-4107-aeaa-8578fefa4e12,2aabc799-2cce-4da2-b913-7bebf0e4e2e2,0.9314271868185122,206
448,1390,Erroll Garner,Afternoon Of An Elf,Don't Be That Way,studio,data/midi/studio/Erroll Garner/Afternoon Of An Elf/Don't Be That Way.midi,data/audio/studio/Erroll Garner/Afternoon Of An Elf/Don't Be That Way.mp3,https://www.youtube.com/watch?v=9hWe0J1ZQIw,381.552,0,381,train,train,train,train,d23768b8-9269-4358-94b5-da93e5e63335,59a3fd48-96af-4486-b06a-eba0cec954c9,75bd5186-9d89-4da9-95de-fce055c28895,00af509d-918c-3e40-8b21-7af3c19f90b1,526956d4-70cd-4315-92d5-8f43df40377a,0.8540772532188842,65
449,1392,Art Tatum,"The Art Tatum Solo Masterpieces, Vol. 2",I Don't Stand A Ghost Of A Chance With You,studio,"data/midi/studio/Art Tatum/The Art Tatum Solo Masterpieces, Vol. 2/I Don't Stand A Ghost Of A Chance With You.midi","data/audio/studio/Art Tatum/The Art Tatum Solo Masterpieces, Vol. 2/I Don't Stand A Ghost Of A Chance With You.mp3",https://www.youtube.com/watch?v=lyKmC9bWZGA,251.304,0,251,train,train,train,train,32fdd715-8059-4da8-8361-efdfd6414eae,f667da54-eba6-4d21-84ed-d7a703c51eee,e073f6af-d696-4340-b847-e81fabc4d55b,73754dd8-a08d-3c4f-9184-f2d2f045563b,a305dc91-d187-439b-9ecf-eeb79527ffc0,0.9195561719833564,218
450,1399,Dick Hyman,Dick Hyman Plays Variations on Richard Rodgers -  Rodgers & Hammerstein,Many A New Day,studio,data/midi/studio/Dick Hyman/Dick Hyman Plays Variations on Richard Rodgers -  Rodgers & Hammerstein/Many A New Day.midi,data/audio/studio/Dick Hyman/Dick Hyman Plays Variations on Richard Rodgers -  Rodgers & Hammerstein/Many A New Day.mp3,https://www.youtube.com/watch?v=7ofaYJvt3t0,179.016,0,179,train,train,train,train,3e7a26d1-ca53-4524-a386-e57d867de983,f54bfec3-6668-4a6a-911a-a5673a205be1,dab1ad75-3ea3-4071-91c4-7a66475599d4,7bfd64e9-8a0e-400f-983e-ebbfcfca7225,c1cc212a-0860-4003-8359-f76406d8a51f,0.9308263695450324,89
451,1400,Dick Hyman,Autumn in New York - Dick Hyman Plays the Music of Vernon Duke,Rio Cristal,studio,data/midi/studio/Dick Hyman/Autumn in New York - Dick Hyman Plays the Music of Vernon Duke/Rio Cristal.midi,data/audio/studio/Dick Hyman/Autumn in New York - Dick Hyman Plays the Music of Vernon Duke/Rio Cristal.mp3,https://www.youtube.com/watch?v=QSxpVhyLvsA,147.312,0,147,train,train,train,train,,,,,,0.8810609200165768,58
452,1404,Dave McKenna,Easy Street,Don't Forget 127th Street,studio,data/midi/studio/Dave McKenna/Easy Street/Don't Forget 127th Street.midi,data/audio/studio/Dave McKenna/Easy Street/Don't Forget 127th Street.mp3,https://www.youtube.com/watch?v=iPt1WjlI0eE,208.128,0,208,train,train,train,train,cdb7ff8f-7d26-42e5-9157-1bab62266ff5,36e5a197-8351-4e22-a4e6-63f0f20862ef,a048dfa0-5ce1-40ca-bcdf-56f9d56b32ae,fdd367c5-da84-3b5a-afaf-b660c85814b7,8f6438e5-8562-4dc1-9ee5-be5c262835ae,0.8995633187772926,243
453,1405,Art Tatum,"The Art Tatum Solo Masterpieces, Vol. 3",Deep Purple,studio,"data/midi/studio/Art Tatum/The Art Tatum Solo Masterpieces, Vol. 3/Deep Purple.midi","data/audio/studio/Art Tatum/The Art Tatum Solo Masterpieces, Vol. 3/Deep Purple.mp3",https://www.youtube.com/watch?v=l_LEhJ9BLSc,301.464,0,301,train,train,train,train,4515f3b5-bc69-4bc7-b127-cb58ad22173b,fdca5f37-0fbb-4438-b9b8-368c75e3719f,e073f6af-d696-4340-b847-e81fabc4d55b,d5d31489-5438-3b39-97e7-de7ac7cd39b3,bb950273-bb09-4dc1-aed5-6483321ffbbf,0.9000340020401225,22
454,1406,Art Tatum,"The Art Tatum Solo Masterpieces, Vol. 5",Memories Of You,studio,"data/midi/studio/Art Tatum/The Art Tatum Solo Masterpieces, Vol. 5/Memories Of You.midi","data/audio/studio/Art Tatum/The Art Tatum Solo Masterpieces, Vol. 5/Memories Of You.mp3",https://www.youtube.com/watch?v=x7hLbK02lmo,299.88,0,299,val,train,train,train,9c7297e6-5a1e-4d10-91a4-5fb189ce3559,6c658e23-5d2c-43a2-b311-43309caf18f7,e073f6af-d696-4340-b847-e81fabc4d55b,e06d4e68-15bb-3b8d-bbf2-d34841eb811a,8fc54c61-5d00-465b-a76c-a21103624cf7,0.926070038910506,210
455,1409,Dick Hyman,Dick Hyman Plays Variations on Richard Rodgers -  Rodgers & Hart,Have You Met Miss Jones,studio,data/midi/studio/Dick Hyman/Dick Hyman Plays Variations on Richard Rodgers -  Rodgers & Hart/Have You Met Miss Jones.midi,data/audio/studio/Dick Hyman/Dick Hyman Plays Variations on Richard Rodgers -  Rodgers & Hart/Have You Met Miss Jones.mp3,https://www.youtube.com/watch?v=qAHyoNzKtm0,188.184,0,188,train,test,train,train,295a032c-7d7c-4a23-8ae1-75c0959d0f3d,1ebff91a-54b7-4a2f-80e8-dc5d463a4464,dab1ad75-3ea3-4071-91c4-7a66475599d4,308b9244-1f4d-44d5-9c10-d30522bd8a13,a34bcc41-2356-4fed-94bf-d059119644d1,0.9412632096338166,206
456,1412,Art Tatum,The Complete Capitol Recordings (Vol. One),Time On My Hands (You In My Arms),studio,data/midi/studio/Art Tatum/The Complete Capitol Recordings (Vol. One)/Time On My Hands (You In My Arms).midi,data/audio/studio/Art Tatum/The Complete Capitol Recordings (Vol. One)/Time On My Hands (You In My Arms).mp3,https://www.youtube.com/watch?v=VP3ZdcRSyBE,185.064,0,185,train,train,train,train,,ef3e0d7b-de4a-41c9-97e9-f7b960daa2c3,e073f6af-d696-4340-b847-e81fabc4d55b,616f8cdb-3eee-37de-9105-3d8bb61d3aeb,ddea1b12-85d5-400d-ad1e-565d874c97a5,0.9198751300728408,211
457,1416,Horace Parlan,In Copenhagen,Make Me A Pallet On The Floor,studio,data/midi/studio/Horace Parlan/In Copenhagen/Make Me A Pallet On The Floor.midi,data/audio/studio/Horace Parlan/In Copenhagen/Make Me A Pallet On The Floor.mp3,https://www.youtube.com/watch?v=e3WWUlTW7DI,309.072,0,309,train,train,train,train,,,,,,0.9262857142857144,161
458,1418,Oscar Peterson,1951,Night And Day,studio,data/midi/studio/Oscar Peterson/1951/Night And Day.midi,data/audio/studio/Oscar Peterson/1951/Night And Day.mp3,https://www.youtube.com/watch?v=d5KBV1yio6Q,221.136,0,221,train,train,train,val,21e7a2f1-1420-4994-bc5c-d154538b9267,716d857a-d921-4c5b-b12f-db98f1f04839,ed801bdd-f057-41c0-94fb-76cb5676cd59,0325916b-7306-3af0-9b42-55dc30fc14dd,a06b2737-049c-4f10-9f15-14baf905705e,0.8370084110025007,190
459,1420,Hank Jones,SOLO 1976 A Tribute to Duke Ellington,Satin Doll,studio,data/midi/studio/Hank Jones/SOLO 1976 A Tribute to Duke Ellington/Satin Doll.midi,data/audio/studio/Hank Jones/SOLO 1976 A Tribute to Duke Ellington/Satin Doll.mp3,https://www.youtube.com/watch?v=TImPBosSQp8,220.632,0,220,test,test,train,val,4742bcd6-59b0-49f1-89c8-1e0200a1d0a1,55b7f2e2-d0b8-41a0-a66f-9e1b2540a951,80d610fe-7771-4226-aa9b-950944791698,8190418a-3552-3d34-a51e-6c1abbc9bbef,15f120a5-bf41-4889-855e-96ce2b3eba8f,0.8827618164967562,174
460,1425,Art Tatum,"The Art Tatum Solo Masterpieces, Vol. 3",Tenderly,studio,"data/midi/studio/Art Tatum/The Art Tatum Solo Masterpieces, Vol. 3/Tenderly.midi","data/audio/studio/Art Tatum/The Art Tatum Solo Masterpieces, Vol. 3/Tenderly.mp3",https://www.youtube.com/watch?v=QjbMY-FKW-Q,305.112,0,305,test,train,train,train,5425fa01-cc92-4128-9973-039c99ec30cd,fdca5f37-0fbb-4438-b9b8-368c75e3719f,e073f6af-d696-4340-b847-e81fabc4d55b,6114f7f0-ccb8-39f8-8c8f-b0677ef3cdd4,7563fa0c-b27e-46d5-82a0-9abd4fed7809,0.934351145038168,22
461,1431,Andy Laverne,In The Mood For A Classic,In the mood for a classic,studio,data/midi/studio/Andy Laverne/In The Mood For A Classic/In the mood for a classic.midi,data/audio/studio/Andy Laverne/In The Mood For A Classic/In the mood for a classic.mp3,https://www.youtube.com/watch?v=Adq2Z9XGpNY,196.56,0,196,train,test,train,train,2bdf7151-4ee0-41ff-ad41-9c1c2e4e2d2e,8454bb32-6955-466c-9086-0befed62a7b8,e88ae791-cd20-4298-943a-66fd6d222698,168b6e1e-1c40-4fe0-8c4e-7508e6584362,6de9f13e-31f6-4ef5-8582-34e71fc09b53,0.9227193492155724,246
462,1433,Art Tatum,"The Art Tatum Solo Masterpieces, Vol. 4",Mean To Me,studio,"data/midi/studio/Art Tatum/The Art Tatum Solo Masterpieces, Vol. 4/Mean To Me.midi","data/audio/studio/Art Tatum/The Art Tatum Solo Masterpieces, Vol. 4/Mean To Me.mp3",https://www.youtube.com/watch?v=-68KcdR4HUY,176.376,0,176,train,train,train,train,a231f0ea-e3f6-4043-93fd-6cb54522d272,d5fa77dd-666e-43b0-ac4c-c47b024fa47a,e073f6af-d696-4340-b847-e81fabc4d55b,3f9af85a-2d99-36d0-a470-390beaacab88,d4ff4aae-affa-4f37-a2b7-5090bd4334f5,0.8983641727004559,241
463,1437,Erroll Garner,Solo Time! The Erroll Garner Collection Vols. 4 & 5,Liza,studio,data/midi/studio/Erroll Garner/Solo Time! The Erroll Garner Collection Vols. 4 & 5/Liza.midi,data/audio/studio/Erroll Garner/Solo Time! The Erroll Garner Collection Vols. 4 & 5/Liza.mp3,https://www.youtube.com/watch?v=1ywP4oZVyFg,243.12,0,243,train,train,train,train,2a998852-7fde-47ed-9ce1-a4b63c1cb410,e2552704-2654-42af-a3b3-299f7c00a136,75bd5186-9d89-4da9-95de-fce055c28895,0789027a-c1f0-3e63-bdc7-0e8ce2a08447,c222e49f-08b5-491e-80b3-e959b797e49a,0.8529445267114705,42
464,1449,Horace Parlan,In Copenhagen,Broken Promises,studio,data/midi/studio/Horace Parlan/In Copenhagen/Broken Promises.midi,data/audio/studio/Horace Parlan/In Copenhagen/Broken Promises.mp3,https://www.youtube.com/watch?v=0TdW_2Bb82U,267.456,0,267,train,train,train,train,,,,,,0.9370185772541912,161
465,1453,Dave McKenna,Dancing In The Dark,A Shine On Your Shoes,studio,data/midi/studio/Dave McKenna/Dancing In The Dark/A Shine On Your Shoes.midi,data/audio/studio/Dave McKenna/Dancing In The Dark/A Shine On Your Shoes.mp3,https://www.youtube.com/watch?v=H-xwcczOl2M,163.512,0,163,train,val,test,train,cac342af-217f-433a-b750-9220489d779d,0b2f5406-0f30-4ecd-8c32-a00dcc8dca9d,a048dfa0-5ce1-40ca-bcdf-56f9d56b32ae,b0ddb04e-ebe0-494b-b3d2-8f189b03fd02,344cdc48-e5b8-46c7-9e83-5f0a95c6a579,0.8557588805166846,116
466,1454,Oscar Peterson,Tracks (Remastered),Basin Street Blues - Remastered,studio,data/midi/studio/Oscar Peterson/Tracks (Remastered)/Basin Street Blues - Remastered.midi,data/audio/studio/Oscar Peterson/Tracks (Remastered)/Basin Street Blues - Remastered.mp3,https://www.youtube.com/watch?v=iXGIurNpur0,254.832,0,254,test,train,train,train,cb9cb2c2-73ac-4a8f-b137-0788ca74bbe8,11115b3a-d426-4244-ad19-2efccd987cf9,ed801bdd-f057-41c0-94fb-76cb5676cd59,1ff5a768-7eff-46e3-b7cb-42f155917f28,7276f5d9-c990-4ac7-a430-204d6f0dfd39,0.8647581441263574,21
467,1462,Art Tatum,"The Art Tatum Solo Masterpieces, Volume 1",Love For Sale,studio,"data/midi/studio/Art Tatum/The Art Tatum Solo Masterpieces, Volume 1/Love For Sale.midi","data/audio/studio/Art Tatum/The Art Tatum Solo Masterpieces, Volume 1/Love For Sale.mp3",https://www.youtube.com/watch?v=vElJJAHk7OM,279.768,0,279,train,val,train,test,b050f828-c893-4b1e-a2bb-50a27870c4c3,da515317-8087-48fe-89c1-532be01837e6,e073f6af-d696-4340-b847-e81fabc4d55b,c9ba6eab-6c48-3916-ab40-f227708c8b91,b09585c5-8f0b-4b33-8cae-ecca0a02dcfa,0.9208979960825676,242
468,1463,Abdullah Ibrahim,Senzo,Aspen,studio,data/midi/studio/Abdullah Ibrahim/Senzo/Aspen.midi,data/audio/studio/Abdullah Ibrahim/Senzo/Aspen.mp3,https://www.youtube.com/watch?v=JjNggd8GFwY,73.2,0,73,train,train,train,train,,,,,,0.8525121555915721,81
469,1468,Tete Montoliu,The Music I Like To Play - Vol. 3,Misterioso,studio,data/midi/studio/Tete Montoliu/The Music I Like To Play - Vol. 3/Misterioso.midi,data/audio/studio/Tete Montoliu/The Music I Like To Play - Vol. 3/Misterioso.mp3,https://www.youtube.com/watch?v=M9c80qvuk34,272.712,0,272,train,train,train,train,,,,,,0.9622199933132732,115
470,1470,Art Tatum,"The Art Tatum Solo Masterpieces, Volume 1",Have You Met Miss Jones,studio,"data/midi/studio/Art Tatum/The Art Tatum Solo Masterpieces, Volume 1/Have You Met Miss Jones.midi","data/audio/studio/Art Tatum/The Art Tatum Solo Masterpieces, Volume 1/Have You Met Miss Jones.mp3",https://www.youtube.com/watch?v=yDKTLOAoaCE,288.336,0,288,val,test,train,test,8af0bbf4-f17e-4a60-929f-e3c22bd559b8,da515317-8087-48fe-89c1-532be01837e6,e073f6af-d696-4340-b847-e81fabc4d55b,64ac7757-8913-31f4-b9d6-a4bbf2f60ac3,42e59808-8f77-4460-9cc4-7cd820cc11f2,0.9164623181298024,242
471,1474,Oscar Peterson,"Exclusively for My Friends -  My Favorite Instrument, Vol. IV",Bye Bye Blackbird - Live,studio,"data/midi/studio/Oscar Peterson/Exclusively for My Friends -  My Favorite Instrument, Vol. IV/Bye Bye Blackbird - Live.midi","data/audio/studio/Oscar Peterson/Exclusively for My Friends -  My Favorite Instrument, Vol. IV/Bye Bye Blackbird - Live.mp3",https://www.youtube.com/watch?v=6uKVzk-IBXs,292.056,0,292,train,train,val,train,d71a8dda-490b-491b-a9fa-9df31db0630b,681c428a-5240-38ff-b70c-acf510d432e3,ed801bdd-f057-41c0-94fb-76cb5676cd59,52beff18-e6b9-37be-8877-a86de15e73b8,480e0284-4ffe-42d3-8197-4bf9f6cfbeb4,0.8508257858284496,90
472,1478,Abdullah Ibrahim,Did You Hear That Sound,Did You Hear That Sound,studio,data/midi/studio/Abdullah Ibrahim/Did You Hear That Sound/Did You Hear That Sound.midi,data/audio/studio/Abdullah Ibrahim/Did You Hear That Sound/Did You Hear That Sound.mp3,https://www.youtube.com/watch?v=QVAVgBXwTjE,324.192,0,324,test,train,train,train,,,,,,0.9160125588697016,167
473,1480,Abdullah Ibrahim,Senzo,Third Line Samba,studio,data/midi/studio/Abdullah Ibrahim/Senzo/Third Line Samba.midi,data/audio/studio/Abdullah Ibrahim/Senzo/Third Line Samba.mp3,https://www.youtube.com/watch?v=3dHFSqfhiRY,129.984,0,130,train,train,train,train,aee77f73-9556-42eb-8411-88e0f445b212,f50423f6-1d01-4cb7-bc86-9c2ff6579a60,fd64e185-9973-44d5-ad09-5d5562804292,b9f1f73f-09b7-3214-ab60-e54e49a73649,664514cd-be34-4cde-867f-31c6d227f788,0.9200293470286132,81
474,1481,Dick Hyman,Dick Hyman Plays Fats Waller,Stealin' Apples,studio,data/midi/studio/Dick Hyman/Dick Hyman Plays Fats Waller/Stealin' Apples.midi,data/audio/studio/Dick Hyman/Dick Hyman Plays Fats Waller/Stealin' Apples.mp3,https://www.youtube.com/watch?v=gWM2UaZoZLo,147.696,0,147,train,train,train,train,8885bf99-f04c-4eb2-8941-b9af12ecf5ec,ff90bf37-c8b8-4a3c-9c73-1c4a9cce25ad,dab1ad75-3ea3-4071-91c4-7a66475599d4,5a8ed0a3-052e-301a-907f-5b0737e22324,e891a8ab-3ad8-49a3-9bd1-efb614960309,0.9265950148639378,172
475,1483,Art Tatum,"The Art Tatum Solo Masterpieces, Volume 1",Stay As Sweet As You Are,studio,"data/midi/studio/Art Tatum/The Art Tatum Solo Masterpieces, Volume 1/Stay As Sweet As You Are.midi","data/audio/studio/Art Tatum/The Art Tatum Solo Masterpieces, Volume 1/Stay As Sweet As You Are.mp3",https://www.youtube.com/watch?v=4a7fEc0QcVI,307.896,0,307,val,test,train,test,f358fed3-d8c9-4971-9e28-00d7d070c5e7,da515317-8087-48fe-89c1-532be01837e6,e073f6af-d696-4340-b847-e81fabc4d55b,3e132a69-6617-3af5-a49f-858ceaa4dadf,27b0c566-d6ea-4f6c-ab0b-1747f8dcda95,0.9157552468223472,242
476,1485,Dick Hyman,September Song - Dick Hyman Plays the Music of Kurt Weill,"Moon-faced, Starry-eyed",studio,"data/midi/studio/Dick Hyman/September Song - Dick Hyman Plays the Music of Kurt Weill/Moon-faced, Starry-eyed.midi","data/audio/studio/Dick Hyman/September Song - Dick Hyman Plays the Music of Kurt Weill/Moon-faced, Starry-eyed.mp3",https://www.youtube.com/watch?v=G6dNQPFiQlM,142.2,0,142,train,train,train,train,,,,,,0.9010115606936416,60
477,1486,Abdullah Ibrahim,Senzo,Corridors Radiant,studio,data/midi/studio/Abdullah Ibrahim/Senzo/Corridors Radiant.midi,data/audio/studio/Abdullah Ibrahim/Senzo/Corridors Radiant.mp3,https://www.youtube.com/watch?v=4Gx_BW9Azww,77.592,0,77,train,train,train,train,dc858731-71b9-43f1-a1da-26109608ba25,f50423f6-1d01-4cb7-bc86-9c2ff6579a60,fd64e185-9973-44d5-ad09-5d5562804292,2c94550d-6eb6-39e7-b101-3ed276664d15,22dd9327-be41-41e8-9c5a-950e1cf39e3b,0.5937934228809634,81
478,1490,Erroll Garner,Solo Time! The Erroll Garner Collection Vols. 4 & 5,It Might As Well Be Spring,studio,data/midi/studio/Erroll Garner/Solo Time! The Erroll Garner Collection Vols. 4 & 5/It Might As Well Be Spring.midi,data/audio/studio/Erroll Garner/Solo Time! The Erroll Garner Collection Vols. 4 & 5/It Might As Well Be Spring.mp3,https://www.youtube.com/watch?v=WatCvDRxkaM,512.616,0,512,train,train,train,train,e1f3b3a7-5c3f-477c-837d-8fa3072e3737,e2552704-2654-42af-a3b3-299f7c00a136,75bd5186-9d89-4da9-95de-fce055c28895,f604affa-d7d6-301d-ace1-5d9acd6b8ce8,3233ba08-291e-45d7-9c15-ed1b91fa07ee,0.7818862275449102,42
479,1494,Dick Hyman,September Song - Dick Hyman Plays the Music of Kurt Weill,Trouble Man,studio,data/midi/studio/Dick Hyman/September Song - Dick Hyman Plays the Music of Kurt Weill/Trouble Man.midi,data/audio/studio/Dick Hyman/September Song - Dick Hyman Plays the Music of Kurt Weill/Trouble Man.mp3,https://www.youtube.com/watch?v=7OdwEEwwhhc,193.656,0,193,train,train,train,train,,,,,,0.90320796460177,60
480,1496,Hank Jones,Handful Of Keys,Honeysuckle Rose - Instrumental,studio,data/midi/studio/Hank Jones/Handful Of Keys/Honeysuckle Rose - Instrumental.midi,data/audio/studio/Hank Jones/Handful Of Keys/Honeysuckle Rose - Instrumental.mp3,https://www.youtube.com/watch?v=9rAzqUKSfPQ,287.16,0,287,train,train,train,train,,,,,,0.8780663780663781,128
481,1497,Dave McKenna,Dave McKenna -  Solo,Blues Chiaroscuro,studio,data/midi/studio/Dave McKenna/Dave McKenna -  Solo/Blues Chiaroscuro.midi,data/audio/studio/Dave McKenna/Dave McKenna -  Solo/Blues Chiaroscuro.mp3,https://www.youtube.com/watch?v=bKgeQ-Le-3s,182.424,0,182,train,train,train,train,,,,,,0.7844827586206896,97
482,1499,Abdullah Ibrahim,Solotude,Peace,studio,data/midi/studio/Abdullah Ibrahim/Solotude/Peace.midi,data/audio/studio/Abdullah Ibrahim/Solotude/Peace.mp3,https://www.youtube.com/watch?v=LJcOKIy1sGE,109.896,0,109,train,test,train,train,,a7f3e66d-6b62-4e27-b75c-5b45e92d39c6,fd64e185-9973-44d5-ad09-5d5562804292,a64b01b3-4a71-444d-80cc-02af3a7a3f46,e016019c-ccbe-4210-a679-0a90773e91e6,0.9203539823008848,129
483,1503,Dave McKenna,Dave Fingers McKenna,Lonesome Me,studio,data/midi/studio/Dave McKenna/Dave Fingers McKenna/Lonesome Me.midi,data/audio/studio/Dave McKenna/Dave Fingers McKenna/Lonesome Me.mp3,https://www.youtube.com/watch?v=zTwc4wpwNBY,245.952,0,246,train,train,train,train,1cd97cf3-6047-4699-86a3-7736f481c069,c00dae75-1840-46fd-95bc-1929a6206141,a048dfa0-5ce1-40ca-bcdf-56f9d56b32ae,d84b8ae3-3183-4b12-8227-8cf9a35bea95,d8a177ac-9612-44f9-ad1e-33a178f52d2a,0.8842148254033082,12
484,1504,Art Tatum,"The Art Tatum Solo Masterpieces, Vol. 4",What's New,studio,"data/midi/studio/Art Tatum/The Art Tatum Solo Masterpieces, Vol. 4/What's New.midi","data/audio/studio/Art Tatum/The Art Tatum Solo Masterpieces, Vol. 4/What's New.mp3",https://www.youtube.com/watch?v=Qvj6bbv8o9c,272.376,0,272,train,train,train,train,84cf5516-a9de-4636-ba1c-5dc24b16dfef,d5fa77dd-666e-43b0-ac4c-c47b024fa47a,e073f6af-d696-4340-b847-e81fabc4d55b,ca3b7749-ff73-3ac8-b16e-48d2f0714b7d,934aec54-e8f4-4589-b221-79158bf28c72,0.9011124845488256,241
485,1509,Erroll Garner,Soliloquy,Soliloquy,studio,data/midi/studio/Erroll Garner/Soliloquy/Soliloquy.midi,data/audio/studio/Erroll Garner/Soliloquy/Soliloquy.mp3,https://www.youtube.com/watch?v=pEm1og7WzL4,360.84,0,360,val,train,val,train,8281d424-c38e-4298-9766-f0c0e7caf1c6,4a9a2d8a-8d75-4ce7-9486-8d5d82e5f971,75bd5186-9d89-4da9-95de-fce055c28895,30a7369b-f45b-4f93-aa1d-9bebae592148,cbd4f278-3cbb-4bf9-8432-15e5ddb2967b,0.8424915691331084,251
486,1511,Dave McKenna,Dave McKenna -  Solo,My Cherie Amour,studio,data/midi/studio/Dave McKenna/Dave McKenna -  Solo/My Cherie Amour.midi,data/audio/studio/Dave McKenna/Dave McKenna -  Solo/My Cherie Amour.mp3,https://www.youtube.com/watch?v=G-ImbkTJDw0,254.04,0,254,train,train,train,train,,,,,,0.8393782383419689,97
487,1519,Andy Laverne,In The Mood For A Classic,Hallucinations,studio,data/midi/studio/Andy Laverne/In The Mood For A Classic/Hallucinations.midi,data/audio/studio/Andy Laverne/In The Mood For A Classic/Hallucinations.mp3,https://www.youtube.com/watch?v=IxAE2mzOnP4,191.64,0,191,train,val,train,train,0e88c7ed-7433-4468-b6e9-4b25ba5860c4,8454bb32-6955-466c-9086-0befed62a7b8,e88ae791-cd20-4298-943a-66fd6d222698,30bcb072-698f-48f7-9eb9-726796df3352,5a3711ef-bcc1-4f93-bfa3-368eb128fc92,0.9073240104290116,246
488,1520,Dave McKenna,Dave Fingers McKenna,Somebody Stole My Gal,studio,data/midi/studio/Dave McKenna/Dave Fingers McKenna/Somebody Stole My Gal.midi,data/audio/studio/Dave McKenna/Dave Fingers McKenna/Somebody Stole My Gal.mp3,https://www.youtube.com/watch?v=2UrAGasRYXY,312.408,0,312,val,train,train,train,,c00dae75-1840-46fd-95bc-1929a6206141,a048dfa0-5ce1-40ca-bcdf-56f9d56b32ae,60b62ede-3a25-4269-9801-7950c151b0b1,959aaa27-47b6-488c-a59b-95454e7e7329,0.8652669466106778,12
489,1524,Horace Parlan,In Copenhagen,Pannonica,studio,data/midi/studio/Horace Parlan/In Copenhagen/Pannonica.midi,data/audio/studio/Horace Parlan/In Copenhagen/Pannonica.mp3,https://www.youtube.com/watch?v=FwvWLNViTRo,379.752,0,379,train,train,train,train,,,,,,0.9293966623876764,161
490,1525,Horace Parlan,The Maestro,The Maestro,studio,data/midi/studio/Horace Parlan/The Maestro/The Maestro.midi,data/audio/studio/Horace Parlan/The Maestro/The Maestro.mp3,https://www.youtube.com/watch?v=X7zvne1obps,497.16,0,497,val,train,val,train,,,,,,0.9379038047379756,24
491,1527,Abdullah Ibrahim,Solotude,Did You Hear That Sound,studio,data/midi/studio/Abdullah Ibrahim/Solotude/Did You Hear That Sound.midi,data/audio/studio/Abdullah Ibrahim/Solotude/Did You Hear That Sound.mp3,https://www.youtube.com/watch?v=v-wE5JUgo3w,89.16,0,89,train,test,train,train,,,,,,0.9220103986135182,129
492,1528,Horace Parlan,In Copenhagen,Blood Count,studio,data/midi/studio/Horace Parlan/In Copenhagen/Blood Count.midi,data/audio/studio/Horace Parlan/In Copenhagen/Blood Count.mp3,https://www.youtube.com/watch?v=1SEacRgi4Lk,450.576,0,450,train,train,train,train,,,,,,0.9334136788189212,161
493,1531,Dick Hyman,Dick Hyman Plays Fats Waller,Honeysuckle rose,studio,data/midi/studio/Dick Hyman/Dick Hyman Plays Fats Waller/Honeysuckle rose.midi,data/audio/studio/Dick Hyman/Dick Hyman Plays Fats Waller/Honeysuckle rose.mp3,https://www.youtube.com/watch?v=rNDI09ieXGk,420.864,0,420,train,train,train,train,8e64a74f-ffab-42b0-b20b-60287c04faa7,ff90bf37-c8b8-4a3c-9c73-1c4a9cce25ad,dab1ad75-3ea3-4071-91c4-7a66475599d4,ade47946-c07f-360f-8c2f-5060097ff27b,eff49b2b-cf06-4a6a-9c95-70ba43789163,0.9340125577538207,172
494,1536,Cedar Walton,Blues For Myself (Piano Solo),Booker's Bossa,studio,data/midi/studio/Cedar Walton/Blues For Myself (Piano Solo)/Booker's Bossa.midi,data/audio/studio/Cedar Walton/Blues For Myself (Piano Solo)/Booker's Bossa.mp3,https://www.youtube.com/watch?v=wvmrH_gog4Q,321.024,0,321,val,val,val,train,d5ff563a-607f-44fd-8426-c344bdbfb859,c53ef91a-5bde-40ae-af2d-ee84d0374f72,115474d3-9d44-4c96-b5d0-00891187c6e8,fd297af8-f39c-4392-b685-7e3f8714aec8,e448c29e-de79-47b6-8a67-57366277c1df,0.9288762446657184,164
495,1539,Dick Hyman,In Recital (Live),Swing Time -  The Way You Look Tonight,studio,data/midi/studio/Dick Hyman/In Recital (Live)/Swing Time -  The Way You Look Tonight.midi,data/audio/studio/Dick Hyman/In Recital (Live)/Swing Time -  The Way You Look Tonight.mp3,https://www.youtube.com/watch?v=luGTmWfF9GA,347.712,0,347,test,train,train,train,93e23682-5881-49e4-91fe-cfe7f2b17504,2dbc2fd1-36b0-4bac-ab40-d45d8c54dafa,dab1ad75-3ea3-4071-91c4-7a66475599d4,c7c1ae3b-e4e4-37ff-bb8c-e97de3a3a3b8,e1c7c403-e8a4-45d5-914e-0c5d7268b47e,0.932114531523054,240
496,1542,Andy Laverne,In The Mood For A Classic,Un poco loco,studio,data/midi/studio/Andy Laverne/In The Mood For A Classic/Un poco loco.midi,data/audio/studio/Andy Laverne/In The Mood For A Classic/Un poco loco.mp3,https://www.youtube.com/watch?v=D7-P_r4BwrI,218.04,0,218,train,val,train,train,69135355-3e53-48e3-ad62-dd7aed51d982,8454bb32-6955-466c-9086-0befed62a7b8,e88ae791-cd20-4298-943a-66fd6d222698,e31ee1b3-5a8a-4ea4-9243-4294ac5e406e,d487439f-2034-4918-9124-8b8a2360497f,0.889453125,246
497,1547,Abdullah Ibrahim,Solotude,District 6,studio,data/midi/studio/Abdullah Ibrahim/Solotude/District 6.midi,data/audio/studio/Abdullah Ibrahim/Solotude/District 6.mp3,https://www.youtube.com/watch?v=Sl_t-3sPL9s,62.136,0,62,train,test,train,train,c2e78532-97ba-4b04-b3e5-48cbce3fe1d6,a7f3e66d-6b62-4e27-b75c-5b45e92d39c6,fd64e185-9973-44d5-ad09-5d5562804292,10924892-1d38-4b89-bdfb-ca81552b766e,260cf119-db31-4781-977e-6b0ffe325534,0.9278642149929278,129
498,1548,Oscar Peterson,Tracks (Remastered),Just a Gigolo - Remastered,studio,data/midi/studio/Oscar Peterson/Tracks (Remastered)/Just a Gigolo - Remastered.midi,data/audio/studio/Oscar Peterson/Tracks (Remastered)/Just a Gigolo - Remastered.mp3,https://www.youtube.com/watch?v=08txNtGtEXI,326.544,0,326,train,train,train,train,e81eadbd-d118-4aee-b591-666fb8b63689,11115b3a-d426-4244-ad19-2efccd987cf9,ed801bdd-f057-41c0-94fb-76cb5676cd59,ff0293f8-a278-4291-92c2-bec76f97d22c,b6779be8-4e74-4a28-b3f3-ed7e2d1cd8cb,0.874881216344631,21
499,1551,Dick Hyman,Dick Hyman Plays Variations on Richard Rodgers -  Rodgers & Hammerstein,Dites-Moi,studio,data/midi/studio/Dick Hyman/Dick Hyman Plays Variations on Richard Rodgers -  Rodgers & Hammerstein/Dites-Moi.midi,data/audio/studio/Dick Hyman/Dick Hyman Plays Variations on Richard Rodgers -  Rodgers & Hammerstein/Dites-Moi.mp3,https://www.youtube.com/watch?v=i4DYJVux1IE,272.232,0,272,train,train,train,train,ffbe604a-6378-41ab-b441-16b19c57f98d,f54bfec3-6668-4a6a-911a-a5673a205be1,dab1ad75-3ea3-4071-91c4-7a66475599d4,178fe873-b37e-4c87-87ff-be6f6e087011,bb4caf84-9b78-454f-bf9d-4888e37b8e54,0.9233268356075376,89
500,1553,Tete Montoliu,The Music I Like To Play - Vol. 3,Sweet And Lovely,studio,data/midi/studio/Tete Montoliu/The Music I Like To Play - Vol. 3/Sweet And Lovely.midi,data/audio/studio/Tete Montoliu/The Music I Like To Play - Vol. 3/Sweet And Lovely.mp3,https://www.youtube.com/watch?v=MW2x-sks_YE,301.728,0,301,train,train,train,train,c53cb9a6-79e1-49ab-bfd7-23d777325067,1948e1cd-e03e-4b11-8f66-fb527c22703c,769d402e-20c3-40ec-8369-86fe8120bce8,8889c4c9-810f-3182-b597-f281636312ab,27fb92ad-9996-4d76-9f72-29c6c598e81d,0.9574904720023452,115
501,1556,Dick Hyman,Broadway Songbook,Ill Wind,studio,data/midi/studio/Dick Hyman/Broadway Songbook/Ill Wind.midi,data/audio/studio/Dick Hyman/Broadway Songbook/Ill Wind.mp3,https://www.youtube.com/watch?v=D7Bd8bT3fdw,278.16,0,278,val,train,train,train,2f3167ef-604d-488f-b3b3-eb06a996d00c,1e99b0c5-8cac-4a0f-9eda-641aac071aee,dab1ad75-3ea3-4071-91c4-7a66475599d4,5fc43bc2-ae29-3c00-bb54-c25748fe1b9a,18f4df5e-b67f-42bc-80a4-fe32f5a3deb8,0.9341094295692668,8
502,1561,Dick Hyman,Broadway Songbook,"Let's Do It, Let's Fall In Love",studio,"data/midi/studio/Dick Hyman/Broadway Songbook/Let's Do It, Let's Fall In Love.midi","data/audio/studio/Dick Hyman/Broadway Songbook/Let's Do It, Let's Fall In Love.mp3",https://www.youtube.com/watch?v=W2PJdbUPIE0,382.032,0,372,train,train,train,train,ba99e989-cd13-49f2-95bf-ef93e8a99239,b7fe5941-e696-4c40-8bb1-7c7089f374fc,dab1ad75-3ea3-4071-91c4-7a66475599d4,9034e298-e901-33dd-a822-85406c85412b,f03c863d-63c6-48fb-939e-afd91740d5b0,0.9200916318555452,8
503,1565,Abdullah Ibrahim,Solotude,Tokai,studio,data/midi/studio/Abdullah Ibrahim/Solotude/Tokai.midi,data/audio/studio/Abdullah Ibrahim/Solotude/Tokai.mp3,https://www.youtube.com/watch?v=kDlW6fIq6Ts,39.744,0,39,train,val,train,train,237aa4a1-7d21-41cf-852e-1cf87ddca0bc,a7f3e66d-6b62-4e27-b75c-5b45e92d39c6,fd64e185-9973-44d5-ad09-5d5562804292,9e4aabe2-9814-40a4-837c-22e3b087a455,7867263c-236d-47ed-a795-977c2d5cb0eb,0.7915966386554623,129
504,1567,Art Tatum,The Complete Capitol Recordings (Vol. One),Aunt Hagar's Blues,studio,data/midi/studio/Art Tatum/The Complete Capitol Recordings (Vol. One)/Aunt Hagar's Blues.midi,data/audio/studio/Art Tatum/The Complete Capitol Recordings (Vol. One)/Aunt Hagar's Blues.mp3,https://www.youtube.com/watch?v=YJkGXdo9Dug,163.776,0,163,train,train,train,train,bf5693f6-b93a-44a1-a407-9dd9d4a18bcf,ef3e0d7b-de4a-41c9-97e9-f7b960daa2c3,e073f6af-d696-4340-b847-e81fabc4d55b,97db5b95-6ebe-33da-8f55-0a996f75d285,eef7c330-2bdf-4c18-9cbb-f6b77ca9673c,0.941096356826694,211
505,1573,Dave McKenna,Dave McKenna -  Solo,There Will Never Be Another You,studio,data/midi/studio/Dave McKenna/Dave McKenna -  Solo/There Will Never Be Another You.midi,data/audio/studio/Dave McKenna/Dave McKenna -  Solo/There Will Never Be Another You.mp3,https://www.youtube.com/watch?v=HxeeMzuc2xk,260.568,0,260,train,train,train,train,,,,,,0.7953216374269005,97
506,1575,Dick Hyman,Autumn in New York - Dick Hyman Plays the Music of Vernon Duke,I Can't Get Started,studio,data/midi/studio/Dick Hyman/Autumn in New York - Dick Hyman Plays the Music of Vernon Duke/I Can't Get Started.midi,data/audio/studio/Dick Hyman/Autumn in New York - Dick Hyman Plays the Music of Vernon Duke/I Can't Get Started.mp3,https://www.youtube.com/watch?v=YlycFaj_0Cw,155.448,0,155,train,train,train,train,,,,,,0.918406072106262,58
507,1580,Tete Montoliu,The Music I Like To Play - Vol.2,You Go To My Head,studio,data/midi/studio/Tete Montoliu/The Music I Like To Play - Vol.2/You Go To My Head.midi,data/audio/studio/Tete Montoliu/The Music I Like To Play - Vol.2/You Go To My Head.mp3,https://www.youtube.com/watch?v=Fi4oHLG7w78,319.032,0,319,train,train,train,train,,,,,,0.9632408102025506,235
508,1585,Dave McKenna,Dancing In The Dark,I Guess I'll Have To Change My Plans,studio,data/midi/studio/Dave McKenna/Dancing In The Dark/I Guess I'll Have To Change My Plans.midi,data/audio/studio/Dave McKenna/Dancing In The Dark/I Guess I'll Have To Change My Plans.mp3,https://www.youtube.com/watch?v=mzE6RMUQr7Y,189.36,0,189,train,test,val,train,7bb8430b-dfe3-4747-867b-e137c317d858,0b2f5406-0f30-4ecd-8c32-a00dcc8dca9d,a048dfa0-5ce1-40ca-bcdf-56f9d56b32ae,908fa808-cd1a-446b-9e33-34b043050916,20c7225e-142e-47a9-a2b2-7e015b195e82,0.8209437621202327,116
509,1587,Abdullah Ibrahim,Ode to Duke Ellington (At Duke's Place),Solitude,studio,data/midi/studio/Abdullah Ibrahim/Ode to Duke Ellington (At Duke's Place)/Solitude.midi,data/audio/studio/Abdullah Ibrahim/Ode to Duke Ellington (At Duke's Place)/Solitude.mp3,https://www.youtube.com/watch?v=AyhQ-rI-ROw,262.536,0,262,train,train,train,train,e588b3a8-958b-4fa7-b5ed-1927c85b8fed,6d3733e3-4424-474a-8e91-f515a82a7d79,fd64e185-9973-44d5-ad09-5d5562804292,c5fc878c-8bfa-30ed-a524-cdb899e1879e,12231b8f-7921-4962-a3e3-ed76e595b2f2,0.5441860465116279,135
510,1595,Tete Montoliu,The Music I Like To Play - Vol.2,All Of You,studio,data/midi/studio/Tete Montoliu/The Music I Like To Play - Vol.2/All Of You.midi,data/audio/studio/Tete Montoliu/The Music I Like To Play - Vol.2/All Of You.mp3,https://www.youtube.com/watch?v=f1Jp6vsok4s,316.704,0,316,train,train,train,train,,,,,,0.9543899657924744,235
511,1596,Dick Hyman,Dick Hyman Plays Variations on Richard Rodgers -  Rodgers & Hart,Little Girl Blue,studio,data/midi/studio/Dick Hyman/Dick Hyman Plays Variations on Richard Rodgers -  Rodgers & Hart/Little Girl Blue.midi,data/audio/studio/Dick Hyman/Dick Hyman Plays Variations on Richard Rodgers -  Rodgers & Hart/Little Girl Blue.mp3,https://www.youtube.com/watch?v=-O7T9JdFIDI,288.288,0,288,train,test,train,train,e36df178-2326-4a82-a47a-e8f5c268b838,1ebff91a-54b7-4a2f-80e8-dc5d463a4464,dab1ad75-3ea3-4071-91c4-7a66475599d4,eb3986b9-c380-4dee-ae8b-a20ac38dcd65,6b1db819-4bce-4212-ad6c-13d1bb0b951d,0.9385171790235082,206
512,1598,Abdullah Ibrahim,Senzo,Prelude 'For Coltrane',studio,data/midi/studio/Abdullah Ibrahim/Senzo/Prelude 'For Coltrane'.midi,data/audio/studio/Abdullah Ibrahim/Senzo/Prelude 'For Coltrane'.mp3,https://www.youtube.com/watch?v=fH2LCZo3WsE,54.984,0,55,train,train,train,train,3f88b232-4414-484d-962b-a6885992403e,f50423f6-1d01-4cb7-bc86-9c2ff6579a60,fd64e185-9973-44d5-ad09-5d5562804292,af1c53e5-fb72-3c08-b8d6-fd0ad25c1c6c,5aa49911-b2c2-4227-8a70-ee4b05b27e8c,0.8536082474226804,81
513,1599,Dick Hyman,Dick Hyman Plays Duke Ellington,Sophisticated Lady,studio,data/midi/studio/Dick Hyman/Dick Hyman Plays Duke Ellington/Sophisticated Lady.midi,data/audio/studio/Dick Hyman/Dick Hyman Plays Duke Ellington/Sophisticated Lady.mp3,https://www.youtube.com/watch?v=CpEfugwBTW8,413.376,0,413,train,train,train,train,,,,,,0.9295808098800618,112
514,1607,Art Tatum,"The Art Tatum Solo Masterpieces, Vol. 3",Prisoner Of Love,studio,"data/midi/studio/Art Tatum/The Art Tatum Solo Masterpieces, Vol. 3/Prisoner Of Love.midi","data/audio/studio/Art Tatum/The Art Tatum Solo Masterpieces, Vol. 3/Prisoner Of Love.mp3",https://www.youtube.com/watch?v=jptYZI-NiYQ,257.112,0,257,train,train,train,train,37816408-ae08-41a9-8a59-4ad4370e0083,fdca5f37-0fbb-4438-b9b8-368c75e3719f,e073f6af-d696-4340-b847-e81fabc4d55b,92a1f0c8-2cfb-3735-ad42-33de76273ed0,4d2a5598-42e2-4930-8bec-ac8047ba9689,0.9084846239347908,22
515,1608,Dick Hyman,In Recital (Live),Thinking About Bix,studio,data/midi/studio/Dick Hyman/In Recital (Live)/Thinking About Bix.midi,data/audio/studio/Dick Hyman/In Recital (Live)/Thinking About Bix.mp3,https://www.youtube.com/watch?v=ucxCwLb2l7M,161.784,0,161,train,train,train,train,59766642-c809-48c3-9af7-b60777845222,2dbc2fd1-36b0-4bac-ab40-d45d8c54dafa,dab1ad75-3ea3-4071-91c4-7a66475599d4,c216e0ba-5f52-3c97-bd04-945a20b79b19,f5174519-8603-4b74-b4bd-765db6b3c15e,0.9243498817966904,240
516,1615,Abdullah Ibrahim,Senzo,Dust,studio,data/midi/studio/Abdullah Ibrahim/Senzo/Dust.midi,data/audio/studio/Abdullah Ibrahim/Senzo/Dust.mp3,https://www.youtube.com/watch?v=asekMbKbwWQ,65.28,0,65,train,train,train,train,36d76280-fdc7-436e-8429-edd813e71f41,f50423f6-1d01-4cb7-bc86-9c2ff6579a60,fd64e185-9973-44d5-ad09-5d5562804292,02f08835-8e54-34f8-b5a4-89325c3e1db8,278f3b31-b939-4ec4-bd6b-2bdac7ff4118,0.8958990536277602,81
517,1619,Dick Hyman,Dick Hyman Plays Fats Waller,Sweet Savannah Sue,studio,data/midi/studio/Dick Hyman/Dick Hyman Plays Fats Waller/Sweet Savannah Sue.midi,data/audio/studio/Dick Hyman/Dick Hyman Plays Fats Waller/Sweet Savannah Sue.mp3,https://www.youtube.com/watch?v=MUQLGkmL9_Y,141.696,0,141,train,train,train,train,0274f07d-fa7c-4b06-a324-f59f1ddfa6a8,ff90bf37-c8b8-4a3c-9c73-1c4a9cce25ad,dab1ad75-3ea3-4071-91c4-7a66475599d4,201f29c3-0775-399c-9338-f56e38142c97,712ac505-058e-4cb9-8abb-132ebe6fec8c,0.913592473384501,172
518,1620,Art Tatum,"The Art Tatum Solo Masterpieces, Vol. 7",What Does It Take,studio,"data/midi/studio/Art Tatum/The Art Tatum Solo Masterpieces, Vol. 7/What Does It Take.midi","data/audio/studio/Art Tatum/The Art Tatum Solo Masterpieces, Vol. 7/What Does It Take.mp3",https://www.youtube.com/watch?v=0_89rOucWUw,172.104,0,172,val,train,val,train,8472ffe0-75b9-4d54-9574-947d4ef8644c,0bf8a7ae-c35a-4e44-9dcb-d758eef9cd4f,e073f6af-d696-4340-b847-e81fabc4d55b,7d8abb47-2b85-36a2-9289-e06a699a9afc,ea596e47-9083-4e24-9ee5-75a8c04d8142,0.922761729153862,56
519,1623,Erroll Garner,Solitaire,Then You've Never Been Blue,studio,data/midi/studio/Erroll Garner/Solitaire/Then You've Never Been Blue.midi,data/audio/studio/Erroll Garner/Solitaire/Then You've Never Been Blue.mp3,https://www.youtube.com/watch?v=PCnJ33Yji6E,375.0,0,375,train,test,train,val,7d4d0d2d-cde7-4265-ae47-4a02b36859ee,47f3e158-f341-43b6-b202-3ec636137c75,75bd5186-9d89-4da9-95de-fce055c28895,311b81b5-eb8e-3d71-9fec-327e98653c5c,5eeec573-9de6-4b23-b9c1-f44084b558ee,0.8922539312754805,47
520,1624,Andy Laverne,In The Mood For A Classic,Wail,studio,data/midi/studio/Andy Laverne/In The Mood For A Classic/Wail.midi,data/audio/studio/Andy Laverne/In The Mood For A Classic/Wail.mp3,https://www.youtube.com/watch?v=IkBY4tC6cKs,223.872,0,223,test,test,train,train,681472a0-1f1d-453c-876e-10c96d3158ff,8454bb32-6955-466c-9086-0befed62a7b8,e88ae791-cd20-4298-943a-66fd6d222698,f69d5e39-3d01-46c0-b63d-9055a5b90df0,e330ca55-1fac-49e6-bbb9-20e185eb2784,0.9514503816793892,246
521,1625,Dick Hyman,Broadway Songbook,The Best Thing For You Is Me,studio,data/midi/studio/Dick Hyman/Broadway Songbook/The Best Thing For You Is Me.midi,data/audio/studio/Dick Hyman/Broadway Songbook/The Best Thing For You Is Me.mp3,https://www.youtube.com/watch?v=H7YCrZ-qoAw,339.48,0,339,train,train,train,train,bb550eef-1d73-48f0-82bc-3def71b75670,dd297a92-49a0-4de8-954b-73a01e8ee878,dab1ad75-3ea3-4071-91c4-7a66475599d4,961fab85-8627-35ac-9df4-071e6dc00769,74df045e-6846-43df-9ba6-c34ed5fa7b65,0.9341716925445912,8
522,1626,Art Tatum,"The Art Tatum Solo Masterpieces, Vol. 7",Judy,studio,"data/midi/studio/Art Tatum/The Art Tatum Solo Masterpieces, Vol. 7/Judy.midi","data/audio/studio/Art Tatum/The Art Tatum Solo Masterpieces, Vol. 7/Judy.mp3",https://www.youtube.com/watch?v=3mk3qyZ1gEU,225.48,0,225,train,train,val,train,,0bf8a7ae-c35a-4e44-9dcb-d758eef9cd4f,e073f6af-d696-4340-b847-e81fabc4d55b,4c486148-92c3-3d62-ad17-386cec43b066,1f63b3fb-2910-4804-a13f-8d55a528f09d,0.9217426381605488,56
523,1627,Art Tatum,"The Art Tatum Solo Masterpieces, Vol. 7",Humoresque,studio,"data/midi/studio/Art Tatum/The Art Tatum Solo Masterpieces, Vol. 7/Humoresque.midi","data/audio/studio/Art Tatum/The Art Tatum Solo Masterpieces, Vol. 7/Humoresque.mp3",https://www.youtube.com/watch?v=wiq6Q1damXs,235.704,0,235,train,train,test,train,,0bf8a7ae-c35a-4e44-9dcb-d758eef9cd4f,e073f6af-d696-4340-b847-e81fabc4d55b,136205d8-d800-3f62-810e-daf92d37839a,3ce4f794-5f53-4d79-952f-4878db8a6499,0.8737146529562984,56
524,1628,Dave McKenna,Dave McKenna -  Solo,Have You Met Miss Jones sequence - 2,studio,data/midi/studio/Dave McKenna/Dave McKenna -  Solo/Have You Met Miss Jones sequence - 2.midi,data/audio/studio/Dave McKenna/Dave McKenna -  Solo/Have You Met Miss Jones sequence - 2.mp3,https://www.youtube.com/watch?v=P6GyN_O4X8k,169.008,0,169,train,train,train,train,,,,,,0.8486799742433999,97
525,1633,Art Tatum,"The Art Tatum Solo Masterpieces, Vol. 2",This Can't Be Love,studio,"data/midi/studio/Art Tatum/The Art Tatum Solo Masterpieces, Vol. 2/This Can't Be Love.midi","data/audio/studio/Art Tatum/The Art Tatum Solo Masterpieces, Vol. 2/This Can't Be Love.mp3",https://www.youtube.com/watch?v=cWnPWpJ_6hE,156.696,0,156,train,train,train,train,eff35d8a-0c22-41be-b0cd-be51db258f62,f667da54-eba6-4d21-84ed-d7a703c51eee,e073f6af-d696-4340-b847-e81fabc4d55b,53255047-5835-3479-a9cb-390d28deadaf,5df428bd-9447-4096-912e-6219406f87e6,0.8860877684407097,218
526,1637,Art Tatum,"The Art Tatum Solo Masterpieces, Vol. 5",I Cover The Waterfront,studio,"data/midi/studio/Art Tatum/The Art Tatum Solo Masterpieces, Vol. 5/I Cover The Waterfront.midi","data/audio/studio/Art Tatum/The Art Tatum Solo Masterpieces, Vol. 5/I Cover The Waterfront.mp3",https://www.youtube.com/watch?v=RIrdDjd1Vh0,224.28,0,224,train,train,train,train,,,,,,0.8902024001432922,210
527,1642,George Cables,You Don't Know Me Volume I,Spookarella,studio,data/midi/studio/George Cables/You Don't Know Me Volume I/Spookarella.midi,data/audio/studio/George Cables/You Don't Know Me Volume I/Spookarella.mp3,https://www.youtube.com/watch?v=TOL0r-lwqVQ,354.0,0,354,val,val,train,train,2f9c59c7-cd90-4316-96ca-4efc3ba7042f,59870feb-0aa5-42e6-adff-1e29e8ad3121,7d3aa1dd-5e8b-47f3-a65b-41d78c725ce3,4340b358-00eb-42e2-861c-d62d95b1e281,c79c9b97-fcc7-41e6-87ac-19af5958ce89,0.9368914532996754,198
528,1644,Dick Hyman,In Recital (Live),"No, No, Nanette -  Tea for Two",studio,"data/midi/studio/Dick Hyman/In Recital (Live)/No, No, Nanette -  Tea for Two.midi","data/audio/studio/Dick Hyman/In Recital (Live)/No, No, Nanette -  Tea for Two.mp3",https://www.youtube.com/watch?v=4GGttRnOalE,597.912,0,597,train,train,train,train,af8a68c4-4845-4ae0-9ace-0b95db1f111a,2dbc2fd1-36b0-4bac-ab40-d45d8c54dafa,dab1ad75-3ea3-4071-91c4-7a66475599d4,6f4e7183-967b-3af3-b9a3-ff5b04b9c6bc,72b7fbfb-b862-4e10-bc86-6c3d58e11965,0.9396935617782474,240
529,1647,Tete Montoliu,The Music I Like To Play - Vol. 3,Reflections,studio,data/midi/studio/Tete Montoliu/The Music I Like To Play - Vol. 3/Reflections.midi,data/audio/studio/Tete Montoliu/The Music I Like To Play - Vol. 3/Reflections.mp3,https://www.youtube.com/watch?v=mGPmb83jLqI,422.472,0,422,train,train,train,train,8260af49-d2f2-4ab9-b3db-26dfb736d635,1948e1cd-e03e-4b11-8f66-fb527c22703c,769d402e-20c3-40ec-8369-86fe8120bce8,a8d10720-6acf-3344-9294-d9d0a67b4a04,dcd399a5-ab46-48b8-afc9-546431b07c7f,0.9637243047158404,115
530,1648,Dick Hyman,September Song - Dick Hyman Plays the Music of Kurt Weill,My Ship,studio,data/midi/studio/Dick Hyman/September Song - Dick Hyman Plays the Music of Kurt Weill/My Ship.midi,data/audio/studio/Dick Hyman/September Song - Dick Hyman Plays the Music of Kurt Weill/My Ship.mp3,https://www.youtube.com/watch?v=hhVRGPwD58o,149.256,0,149,test,train,train,train,,,,,,0.9185823754789272,60
531,1651,Dave McKenna,Dancing In The Dark,By Myself,studio,data/midi/studio/Dave McKenna/Dancing In The Dark/By Myself.midi,data/audio/studio/Dave McKenna/Dancing In The Dark/By Myself.mp3,https://www.youtube.com/watch?v=VhjzheTlp5E,235.464,0,235,train,val,val,train,3e5263e5-0fba-4fc0-9300-2b88c062c861,0b2f5406-0f30-4ecd-8c32-a00dcc8dca9d,a048dfa0-5ce1-40ca-bcdf-56f9d56b32ae,f062df06-a9c4-450e-8f18-8b1c7b560e80,7809bc70-5399-4b14-8bae-4032e3f9cab3,0.8739935587761674,116
532,1653,Art Tatum,"The Art Tatum Solo Masterpieces, Vol. 5",Blue Moon,studio,"data/midi/studio/Art Tatum/The Art Tatum Solo Masterpieces, Vol. 5/Blue Moon.midi","data/audio/studio/Art Tatum/The Art Tatum Solo Masterpieces, Vol. 5/Blue Moon.mp3",https://www.youtube.com/watch?v=47nph10Hmv0,299.784,0,299,train,train,train,train,8244ebab-40e6-4ec7-9eb3-8946f9a2806e,6c658e23-5d2c-43a2-b311-43309caf18f7,e073f6af-d696-4340-b847-e81fabc4d55b,347454db-257c-3315-b357-5cc2fbb1a719,8076c1c3-d539-4fc9-b511-3ca4957b8fdf,0.907283689098908,210
533,1656,Abdullah Ibrahim,Dream Time,Blue Bolero - Blue Bolero III,studio,data/midi/studio/Abdullah Ibrahim/Dream Time/Blue Bolero - Blue Bolero III.midi,data/audio/studio/Abdullah Ibrahim/Dream Time/Blue Bolero - Blue Bolero III.mp3,https://www.youtube.com/watch?v=-Nu3V8eA8Wc,79.704,0,79,train,train,train,train,6767e1ca-0681-44bc-a405-4f31eebfab90,cd84f0d5-7f35-44da-ac2f-2bc2331d324c,fd64e185-9973-44d5-ad09-5d5562804292,05d43dfd-700c-484f-b182-43dd00e229c5,00e8f2cb-f5b4-4620-aba2-5732bfa52081,0.9239766081871345,238
534,1659,Art Tatum,"The Art Tatum Solo Masterpieces, Vol. 4",Without A Song,studio,"data/midi/studio/Art Tatum/The Art Tatum Solo Masterpieces, Vol. 4/Without A Song.midi","data/audio/studio/Art Tatum/The Art Tatum Solo Masterpieces, Vol. 4/Without A Song.mp3",https://www.youtube.com/watch?v=w3BWzDYYLxI,346.296,0,346,train,train,train,train,3afec492-9cb9-4606-b787-7b85361c42b2,d5fa77dd-666e-43b0-ac4c-c47b024fa47a,e073f6af-d696-4340-b847-e81fabc4d55b,2a49b8cb-744f-39e2-984f-ac967471e694,08982808-dc82-4c66-9aa7-9b51bc8965a2,0.919437551695616,241
535,1661,Dave McKenna,Dancing In The Dark,Alone Together,studio,data/midi/studio/Dave McKenna/Dancing In The Dark/Alone Together.midi,data/audio/studio/Dave McKenna/Dancing In The Dark/Alone Together.mp3,https://www.youtube.com/watch?v=y3eNeWQoWfA,287.112,0,287,train,val,test,train,9c7981a7-0cb6-4b6a-947e-c8dbb3086f60,0b2f5406-0f30-4ecd-8c32-a00dcc8dca9d,a048dfa0-5ce1-40ca-bcdf-56f9d56b32ae,7d4a5f03-58ff-4bb7-9193-2aa10aed89d7,f5aa6d60-fe47-43ec-b7a5-96b6fbbd83b6,0.8579387186629526,116
536,1662,Horace Parlan,In Copenhagen,I'm Getting Sentimental Over You,studio,data/midi/studio/Horace Parlan/In Copenhagen/I'm Getting Sentimental Over You.midi,data/audio/studio/Horace Parlan/In Copenhagen/I'm Getting Sentimental Over You.mp3,https://www.youtube.com/watch?v=-FYM1ZbvwZ8,314.064,0,314,train,train,train,train,,,,,,0.9162178336325556,161
537,1663,Art Tatum,"The Art Tatum Solo Masterpieces, Volume 1",Body And Soul,studio,"data/midi/studio/Art Tatum/The Art Tatum Solo Masterpieces, Volume 1/Body And Soul.midi","data/audio/studio/Art Tatum/The Art Tatum Solo Masterpieces, Volume 1/Body And Soul.mp3",https://www.youtube.com/watch?v=Q8GkXJ4zGlc,349.176,0,349,train,test,train,val,a3f1dfca-2c0f-4d02-93ae-9b38b6f96d51,da515317-8087-48fe-89c1-532be01837e6,e073f6af-d696-4340-b847-e81fabc4d55b,0f0f3da4-16cc-3cbd-ba10-687877b23906,f01921f1-29d7-45d2-89dd-61396793c813,0.9228233178480444,242
538,1668,Tete Montoliu,The Music I Like To Play - Vol. 3,In Walked Bud,studio,data/midi/studio/Tete Montoliu/The Music I Like To Play - Vol. 3/In Walked Bud.midi,data/audio/studio/Tete Montoliu/The Music I Like To Play - Vol. 3/In Walked Bud.mp3,https://www.youtube.com/watch?v=eZxMFzqAxN0,211.944,0,212,train,train,train,train,,,,,,0.965363838576422,115
539,1681,Tete Montoliu,The Music I Like To Play - Vol. 4,The Way You Look Tonight,studio,data/midi/studio/Tete Montoliu/The Music I Like To Play - Vol. 4/The Way You Look Tonight.midi,data/audio/studio/Tete Montoliu/The Music I Like To Play - Vol. 4/The Way You Look Tonight.mp3,https://www.youtube.com/watch?v=v57KsOixalM,313.032,0,313,test,val,train,train,,,,,,0.9605597964376592,80
540,1684,Art Tatum,"The Art Tatum Solo Masterpieces, Volume 1",Blue Lou,studio,"data/midi/studio/Art Tatum/The Art Tatum Solo Masterpieces, Volume 1/Blue Lou.midi","data/audio/studio/Art Tatum/The Art Tatum Solo Masterpieces, Volume 1/Blue Lou.mp3",https://www.youtube.com/watch?v=6POdeM-aA-E,163.56,0,163,train,test,train,test,,da515317-8087-48fe-89c1-532be01837e6,e073f6af-d696-4340-b847-e81fabc4d55b,b3b7658d-6785-3b88-9445-ee88a4496417,c48a22f2-a943-497c-90b7-c955659a278d,0.9179642110155706,242
541,1685,Art Tatum,"The Art Tatum Solo Masterpieces, Vol. 5",Stars Fell On Alabama,studio,"data/midi/studio/Art Tatum/The Art Tatum Solo Masterpieces, Vol. 5/Stars Fell On Alabama.midi","data/audio/studio/Art Tatum/The Art Tatum Solo Masterpieces, Vol. 5/Stars Fell On Alabama.mp3",https://www.youtube.com/watch?v=FKOAu0CNSGk,355.728,0,355,train,train,train,train,e26d0474-1bf8-472b-83f1-526126c45d39,6c658e23-5d2c-43a2-b311-43309caf18f7,e073f6af-d696-4340-b847-e81fabc4d55b,4785b16a-563d-3f80-b7cf-baccb0aafc89,2fecbb22-78e6-4a08-afb9-71afc46cc7b3,0.8878222222222222,210
542,1686,Art Tatum,"The Art Tatum Solo Masterpieces, Vol. 7",Where Or When,studio,"data/midi/studio/Art Tatum/The Art Tatum Solo Masterpieces, Vol. 7/Where Or When.midi","data/audio/studio/Art Tatum/The Art Tatum Solo Masterpieces, Vol. 7/Where Or When.mp3",https://www.youtube.com/watch?v=KvP_D1wwIcU,314.712,0,314,train,train,test,train,,0bf8a7ae-c35a-4e44-9dcb-d758eef9cd4f,e073f6af-d696-4340-b847-e81fabc4d55b,adf7ee82-9ba9-3f82-929f-874e285a45cc,cea58874-b272-4192-9961-d30c9a4df855,0.922209026128266,56
543,1692,Abdullah Ibrahim,Solotude,In The Evening,studio,data/midi/studio/Abdullah Ibrahim/Solotude/In The Evening.midi,data/audio/studio/Abdullah Ibrahim/Solotude/In The Evening.mp3,https://www.youtube.com/watch?v=2SWg-FPxVu4,93.408,0,93,val,val,train,train,f51aece7-1c09-45d8-8db7-59727edeed23,a7f3e66d-6b62-4e27-b75c-5b45e92d39c6,fd64e185-9973-44d5-ad09-5d5562804292,bc7e6388-2f19-472e-ba8f-a6f7294937f1,6fabc7a4-3450-4263-b7cd-308b2993fb9d,0.9476744186046512,129
544,1693,Erroll Garner,Afternoon Of An Elf,Sleep,studio,data/midi/studio/Erroll Garner/Afternoon Of An Elf/Sleep.midi,data/audio/studio/Erroll Garner/Afternoon Of An Elf/Sleep.mp3,https://www.youtube.com/watch?v=dDT8shqhp6Y,347.472,0,347,test,train,train,train,66d110bc-8da4-4633-b389-45a64f0727c1,59a3fd48-96af-4486-b06a-eba0cec954c9,75bd5186-9d89-4da9-95de-fce055c28895,7d07d09a-ec30-376f-9420-cc30120c604e,beb8b971-9df5-4c7d-9db2-6160ebf1b0c6,0.7936647602287726,65
545,1697,Andy Laverne,In The Mood For A Classic,The fruit,studio,data/midi/studio/Andy Laverne/In The Mood For A Classic/The fruit.midi,data/audio/studio/Andy Laverne/In The Mood For A Classic/The fruit.mp3,https://www.youtube.com/watch?v=TPAsezGGpzw,174.072,0,174,train,val,train,train,de9f3041-2188-40e4-903f-2da0497646bb,8454bb32-6955-466c-9086-0befed62a7b8,e88ae791-cd20-4298-943a-66fd6d222698,2b4a475f-66f1-422b-b0b7-198021689815,66c424b8-5318-4121-aa0d-db0f387b8281,0.9478517546736636,246
546,1699,Dick Hyman,Dick Hyman Plays Variations on Richard Rodgers -  Rodgers & Hart,I Wish I Were In Love Again,studio,data/midi/studio/Dick Hyman/Dick Hyman Plays Variations on Richard Rodgers -  Rodgers & Hart/I Wish I Were In Love Again.midi,data/audio/studio/Dick Hyman/Dick Hyman Plays Variations on Richard Rodgers -  Rodgers & Hart/I Wish I Were In Love Again.mp3,https://www.youtube.com/watch?v=iXeCwrb29RA,239.064,0,239,test,val,train,train,5750ec23-6c1c-4450-821b-b2ae322adf62,1ebff91a-54b7-4a2f-80e8-dc5d463a4464,dab1ad75-3ea3-4071-91c4-7a66475599d4,8bdabc11-2ccc-4bc2-a170-901306d91300,fe06dc8d-4619-4acc-932e-1de482d1c70a,0.937795918367347,206
547,1713,Dick Hyman,Dick Hyman Plays Fats Waller,Handful of Keys,studio,data/midi/studio/Dick Hyman/Dick Hyman Plays Fats Waller/Handful of Keys.midi,data/audio/studio/Dick Hyman/Dick Hyman Plays Fats Waller/Handful of Keys.mp3,https://www.youtube.com/watch?v=AX0dGIWtmCU,156.408,0,156,train,train,train,train,4ed6137a-2e56-4d2a-80dd-daa621f544b6,ff90bf37-c8b8-4a3c-9c73-1c4a9cce25ad,dab1ad75-3ea3-4071-91c4-7a66475599d4,f363e9fd-39be-3d37-b595-16c0ea7f3879,33c3781c-8291-429d-9608-d78fb0162845,0.9122069523039612,172
548,1719,Dave McKenna,Dancing In The Dark,"Oh, But I Do",studio,"data/midi/studio/Dave McKenna/Dancing In The Dark/Oh, But I Do.midi","data/audio/studio/Dave McKenna/Dancing In The Dark/Oh, But I Do.mp3",https://www.youtube.com/watch?v=dgAOt680lJ0,228.768,0,228,train,val,test,train,3ecbb285-26a0-46d5-9048-3c07b9b8dacd,0b2f5406-0f30-4ecd-8c32-a00dcc8dca9d,a048dfa0-5ce1-40ca-bcdf-56f9d56b32ae,d1fcd14e-5e65-49d5-b154-ffe32e150457,a662e0c8-c2ed-4aac-a94a-bf679ff02d88,0.8171227309672175,116
549,1720,Abdullah Ibrahim,The Song Is My Story,Unfettered Muken,studio,data/midi/studio/Abdullah Ibrahim/The Song Is My Story/Unfettered Muken.midi,data/audio/studio/Abdullah Ibrahim/The Song Is My Story/Unfettered Muken.mp3,https://www.youtube.com/watch?v=vqMZZaLPKmE,112.944,0,113,test,train,test,test,471dd73e-75d2-489c-82f8-5660f92d874f,8dd2d9b6-5354-468c-8b0b-dbd0ff5a1090,fd64e185-9973-44d5-ad09-5d5562804292,d92146d8-b899-4797-8d70-03b8e87d873a,49cdb8a7-0c4a-4803-8aef-d51f1bde3b2a,0.9134808853118712,109
550,1721,Dick Hyman,Broadway Songbook,Night And Day,studio,data/midi/studio/Dick Hyman/Broadway Songbook/Night And Day.midi,data/audio/studio/Dick Hyman/Broadway Songbook/Night And Day.mp3,https://www.youtube.com/watch?v=7Z3rOACpX8I,438.672,0,428,train,train,train,train,41666789-35d2-4d35-902d-1580c645ddd7,8b500692-051f-488f-a15c-4e47dcc8abe3,dab1ad75-3ea3-4071-91c4-7a66475599d4,6d45a0ac-6918-3830-9369-ff73a46a8599,fafef05d-1b2b-4e4a-84d5-2068f8c1d9ce,0.9209000687825488,8
551,1722,Dick Hyman,Blues in the Night -  Dick Hyman Plays Harold Arlen,A Woman's Prerogative,studio,data/midi/studio/Dick Hyman/Blues in the Night -  Dick Hyman Plays Harold Arlen/A Woman's Prerogative.midi,data/audio/studio/Dick Hyman/Blues in the Night -  Dick Hyman Plays Harold Arlen/A Woman's Prerogative.mp3,https://www.youtube.com/watch?v=RKCtlCXpHyQ,288.096,0,288,train,train,train,train,,,,,,0.9346804511278196,185
552,1734,Hank Jones,Handful Of Keys,Sunday - Instrumental,studio,data/midi/studio/Hank Jones/Handful Of Keys/Sunday - Instrumental.midi,data/audio/studio/Hank Jones/Handful Of Keys/Sunday - Instrumental.mp3,https://www.youtube.com/watch?v=hO_b63WHfps,176.112,0,176,train,train,train,train,daad702e-ee5a-459f-9bd7-80aeaa54d533,3836130b-cdca-4ea2-93b7-b95ba5ec6896,80d610fe-7771-4226-aa9b-950944791698,79b37646-b277-33d6-9ce0-7308011bf02d,7522b053-69c7-46d2-bcdc-b87c9b7cce36,0.8918848846253565,128
553,1738,Dick Hyman,Dick Hyman Plays Duke Ellington,Jubilee Stomp,studio,data/midi/studio/Dick Hyman/Dick Hyman Plays Duke Ellington/Jubilee Stomp.midi,data/audio/studio/Dick Hyman/Dick Hyman Plays Duke Ellington/Jubilee Stomp.mp3,https://www.youtube.com/watch?v=qA4IWou0wJk,146.904,0,146,train,train,train,train,3c4ce224-da1c-4f5c-b802-69cb8bef5daa,73223907-8faf-4ad2-b7a7-a80932b9b57d,dab1ad75-3ea3-4071-91c4-7a66475599d4,ca543c6d-1112-3163-8de1-e7d61bba0105,5a4395b0-f29c-4a65-8840-5798cf53f3de,0.906832298136646,112
554,1741,Dick Hyman,September Song - Dick Hyman Plays the Music of Kurt Weill,Sing Me Not a Ballad,studio,data/midi/studio/Dick Hyman/September Song - Dick Hyman Plays the Music of Kurt Weill/Sing Me Not a Ballad.midi,data/audio/studio/Dick Hyman/September Song - Dick Hyman Plays the Music of Kurt Weill/Sing Me Not a Ballad.mp3,https://www.youtube.com/watch?v=W6OqjfncF8Y,160.56,0,160,train,train,train,train,,,,,,0.8900785153461813,60
555,1744,Abdullah Ibrahim,Solotude,Once Upon A Midnight,studio,data/midi/studio/Abdullah Ibrahim/Solotude/Once Upon A Midnight.midi,data/audio/studio/Abdullah Ibrahim/Solotude/Once Upon A Midnight.mp3,https://www.youtube.com/watch?v=tKmyTLze4ik,387.744,0,387,train,val,train,train,f2d564ba-4dcb-4f4c-9145-09ded0fb662e,a7f3e66d-6b62-4e27-b75c-5b45e92d39c6,fd64e185-9973-44d5-ad09-5d5562804292,4d26f7b6-9a80-4094-9452-3e55486781b3,e2880a90-3994-4fd7-893b-673ba0058bbc,0.9432146294513956,129
556,1745,Abdullah Ibrahim,The Song Is My Story,Kalahari Pleiades,studio,data/midi/studio/Abdullah Ibrahim/The Song Is My Story/Kalahari Pleiades.midi,data/audio/studio/Abdullah Ibrahim/The Song Is My Story/Kalahari Pleiades.mp3,https://www.youtube.com/watch?v=U-eFEFTivlo,369.288,0,369,train,train,val,val,00d2adf4-d5ca-4a9f-9b32-5ce122504249,8dd2d9b6-5354-468c-8b0b-dbd0ff5a1090,fd64e185-9973-44d5-ad09-5d5562804292,72122a72-4749-4320-901e-4ce1efc2c9e5,73b814b5-18ec-433b-aa30-50412c9bf93d,0.9189409368635438,109
557,1746,Oscar Peterson,Tracks (Remastered),A Little Jazz Exercise - Remastered,studio,data/midi/studio/Oscar Peterson/Tracks (Remastered)/A Little Jazz Exercise - Remastered.midi,data/audio/studio/Oscar Peterson/Tracks (Remastered)/A Little Jazz Exercise - Remastered.mp3,https://www.youtube.com/watch?v=UjNha6jgOOk,162.312,0,162,train,train,train,train,e6724bfa-13f4-4e11-9150-8ed0c2cba42f,11115b3a-d426-4244-ad19-2efccd987cf9,ed801bdd-f057-41c0-94fb-76cb5676cd59,59f9f347-756e-4dc9-971a-022dc3ef1feb,cb86676f-c871-474b-9726-1c051784610c,0.9032901296111664,21
558,1747,Dick Hyman,Dick Hyman Plays Variations on Richard Rodgers -  Rodgers & Hammerstein,My Favorite Things,studio,data/midi/studio/Dick Hyman/Dick Hyman Plays Variations on Richard Rodgers -  Rodgers & Hammerstein/My Favorite Things.midi,data/audio/studio/Dick Hyman/Dick Hyman Plays Variations on Richard Rodgers -  Rodgers & Hammerstein/My Favorite Things.mp3,https://www.youtube.com/watch?v=rXviv0wUSZI,176.856,0,176,train,train,train,train,d8dedd7e-0a10-4778-9b2d-b7f17f3502d4,f54bfec3-6668-4a6a-911a-a5673a205be1,dab1ad75-3ea3-4071-91c4-7a66475599d4,eb23a545-dca8-4e77-bcc8-c7ed5d5e5271,ac2c74af-fd8f-4800-b040-7b3282372bb6,0.9389699315272402,89
559,1750,Art Tatum,"The Art Tatum Solo Masterpieces, Vol. 4",They Can't Take That Away From Me,studio,"data/midi/studio/Art Tatum/The Art Tatum Solo Masterpieces, Vol. 4/They Can't Take That Away From Me.midi","data/audio/studio/Art Tatum/The Art Tatum Solo Masterpieces, Vol. 4/They Can't Take That Away From Me.mp3",https://www.youtube.com/watch?v=qBSXXAINZ9U,285.624,0,285,test,train,train,train,e93f8d98-dc0e-4a3e-8151-ba9b0de4f69c,d5fa77dd-666e-43b0-ac4c-c47b024fa47a,e073f6af-d696-4340-b847-e81fabc4d55b,e80ef5b7-e8a7-3c0f-b6b2-aa10b2564097,4b02be60-1c8f-4329-aae3-ec03d009fc89,0.9152729277706304,241
560,1753,Tete Montoliu,Yellow Dolphin Street,Yellow Dolphin Street,studio,data/midi/studio/Tete Montoliu/Yellow Dolphin Street/Yellow Dolphin Street.midi,data/audio/studio/Tete Montoliu/Yellow Dolphin Street/Yellow Dolphin Street.mp3,https://www.youtube.com/watch?v=iN73bhyuxns,350.304,0,350,train,train,train,train,a870c97b-1378-4791-b23a-aa0f37b18d89,fdc99fea-265b-4169-b869-0b4947983d82,769d402e-20c3-40ec-8369-86fe8120bce8,2bfab22b-5e72-40f1-a712-ec4a2e2b8dc2,e6a96ac3-db4b-4e1c-a081-9d7fccc35ccb,0.9538971807628523,43
561,1761,Art Tatum,"The Art Tatum Solo Masterpieces, Vol. 2",There Will Never Be Another You,studio,"data/midi/studio/Art Tatum/The Art Tatum Solo Masterpieces, Vol. 2/There Will Never Be Another You.midi","data/audio/studio/Art Tatum/The Art Tatum Solo Masterpieces, Vol. 2/There Will Never Be Another You.mp3",https://www.youtube.com/watch?v=nOWs1g4vIR8,328.416,0,328,val,train,train,train,3db7d9fb-d510-4764-b514-37c0e027f75d,f667da54-eba6-4d21-84ed-d7a703c51eee,e073f6af-d696-4340-b847-e81fabc4d55b,486720ef-0350-3e81-bd85-a2e7ad03454d,1776906f-6b60-43b2-9186-dfa35594764b,0.9264481059962628,218
562,1763,Horace Parlan,Musically Yours,Lullaby of the leaves,studio,data/midi/studio/Horace Parlan/Musically Yours/Lullaby of the leaves.midi,data/audio/studio/Horace Parlan/Musically Yours/Lullaby of the leaves.mp3,https://www.youtube.com/watch?v=LRDClKcW9Jg,326.592,0,326,train,val,train,val,,,,,,0.9420668058455114,229
563,1769,Dick Hyman,Dick Hyman Plays Duke Ellington,Day Dream,studio,data/midi/studio/Dick Hyman/Dick Hyman Plays Duke Ellington/Day Dream.midi,data/audio/studio/Dick Hyman/Dick Hyman Plays Duke Ellington/Day Dream.mp3,https://www.youtube.com/watch?v=MRwMptRJeR0,340.56,0,340,train,train,train,train,01bbeba5-bc65-45c7-9237-47e8cd502f34,73223907-8faf-4ad2-b7a7-a80932b9b57d,dab1ad75-3ea3-4071-91c4-7a66475599d4,e857b481-6e4f-3d19-9ed5-d1594bb54aab,89e4f475-af76-42b3-8bfe-46b42ac1f8fd,0.9205204577519988,112
564,1770,Art Tatum,"The Art Tatum Solo Masterpieces, Vol. 7",Taboo,studio,"data/midi/studio/Art Tatum/The Art Tatum Solo Masterpieces, Vol. 7/Taboo.midi","data/audio/studio/Art Tatum/The Art Tatum Solo Masterpieces, Vol. 7/Taboo.mp3",https://www.youtube.com/watch?v=5qTUWfss_qk,169.704,0,169,val,train,val,train,f353dba9-8e39-451b-9bbf-bd66f18bf37f,0bf8a7ae-c35a-4e44-9dcb-d758eef9cd4f,e073f6af-d696-4340-b847-e81fabc4d55b,c501d2a2-9ae4-3f2f-ac82-e85d23b6c4f3,85085351-9a92-4e58-8c67-d98bde631818,0.9287925696594428,56
565,1771,Dick Hyman,Dick Hyman Plays Variations on Richard Rodgers -  Rodgers & Hammerstein,"Oh, What A Beautiful Morning",studio,"data/midi/studio/Dick Hyman/Dick Hyman Plays Variations on Richard Rodgers -  Rodgers & Hammerstein/Oh, What A Beautiful Morning.midi","data/audio/studio/Dick Hyman/Dick Hyman Plays Variations on Richard Rodgers -  Rodgers & Hammerstein/Oh, What A Beautiful Morning.mp3",https://www.youtube.com/watch?v=0hlPcavUMt4,267.336,0,267,train,train,train,train,6978d001-95f1-45a0-9311-f5e44e25c785,f54bfec3-6668-4a6a-911a-a5673a205be1,dab1ad75-3ea3-4071-91c4-7a66475599d4,f8d50e14-27c3-43f3-aaae-0f77a6088d96,0df43597-4639-4351-9049-13683bc92572,0.950827897641746,89
566,1773,Oscar Peterson,1951,Pennies From Heaven,studio,data/midi/studio/Oscar Peterson/1951/Pennies From Heaven.midi,data/audio/studio/Oscar Peterson/1951/Pennies From Heaven.mp3,https://www.youtube.com/watch?v=kYtWeZXNgKY,153.432,0,153,train,train,train,val,414b44d6-27cb-4f44-a1be-8577b7910882,716d857a-d921-4c5b-b12f-db98f1f04839,ed801bdd-f057-41c0-94fb-76cb5676cd59,7cab9b9b-b33e-356d-8e2f-248f9a0284db,4361cd96-2365-4957-a712-47b993f36502,0.8583563389254619,190
567,1778,Hank Jones,SOLO 1976 A Tribute to Duke Ellington,If I Had You,studio,data/midi/studio/Hank Jones/SOLO 1976 A Tribute to Duke Ellington/If I Had You.midi,data/audio/studio/Hank Jones/SOLO 1976 A Tribute to Duke Ellington/If I Had You.mp3,https://www.youtube.com/watch?v=eOUd9Ki3d-k,174.984,0,175,train,val,train,test,aa83c6af-10ed-4cc3-bdd9-3a5a5fd5941a,55b7f2e2-d0b8-41a0-a66f-9e1b2540a951,80d610fe-7771-4226-aa9b-950944791698,f5426796-743a-3dfd-b292-ae9f827d1bc8,4defe35f-2ff6-4ea5-958c-7911f743911f,0.902557014512785,174
568,1783,Hank Jones,Handful Of Keys,I've Got A Feeling I'm Falling - Instrumental,studio,data/midi/studio/Hank Jones/Handful Of Keys/I've Got A Feeling I'm Falling - Instrumental.midi,data/audio/studio/Hank Jones/Handful Of Keys/I've Got A Feeling I'm Falling - Instrumental.mp3,https://www.youtube.com/watch?v=L8BMzG0Rh94,209.04,0,209,val,train,train,train,7acbe848-613f-459d-b01f-7e3ded403918,3836130b-cdca-4ea2-93b7-b95ba5ec6896,80d610fe-7771-4226-aa9b-950944791698,760ba1cf-0943-3394-af88-30290a61b257,346ffc43-ebe8-4c1d-b167-dda5b09889b8,0.887468030690537,128
569,1784,Horace Parlan,In Copenhagen,Melancholia,studio,data/midi/studio/Horace Parlan/In Copenhagen/Melancholia.midi,data/audio/studio/Horace Parlan/In Copenhagen/Melancholia.mp3,https://www.youtube.com/watch?v=BqkB3Xl5T_c,241.512,0,241,train,train,train,train,,,,,,0.9217877094972068,161
570,1785,Dick Hyman,Dick Hyman Plays Variations on Richard Rodgers -  Rodgers & Hart,You Took Advantage Of Me,studio,data/midi/studio/Dick Hyman/Dick Hyman Plays Variations on Richard Rodgers -  Rodgers & Hart/You Took Advantage Of Me.midi,data/audio/studio/Dick Hyman/Dick Hyman Plays Variations on Richard Rodgers -  Rodgers & Hart/You Took Advantage Of Me.mp3,https://www.youtube.com/watch?v=CboBW9OLiTA,291.456,0,291,train,test,train,train,fc5d4a04-3414-4284-ad82-47f5ebdeb25c,1ebff91a-54b7-4a2f-80e8-dc5d463a4464,dab1ad75-3ea3-4071-91c4-7a66475599d4,f41c6707-3bd0-4fd4-88ed-0af64062c7d6,f3765c5e-2aee-4545-8222-474ce9cc42b7,0.9525154457193292,206
571,1787,Oscar Peterson,1951,Whispering,studio,data/midi/studio/Oscar Peterson/1951/Whispering.midi,data/audio/studio/Oscar Peterson/1951/Whispering.mp3,https://www.youtube.com/watch?v=bZRB73CtDnA,110.712,0,110,train,train,train,val,979f65d9-3a1f-4986-a100-557f0e6af022,716d857a-d921-4c5b-b12f-db98f1f04839,ed801bdd-f057-41c0-94fb-76cb5676cd59,b2d33c1c-3380-3430-8208-4cf98909ecce,e65265c9-b1b2-4454-918d-e8fddabe1423,0.8205918618988902,190
572,1789,Dave McKenna,Dave McKenna -  Solo,Emaline,studio,data/midi/studio/Dave McKenna/Dave McKenna -  Solo/Emaline.midi,data/audio/studio/Dave McKenna/Dave McKenna -  Solo/Emaline.mp3,https://www.youtube.com/watch?v=uF5gzIcdJgE,234.624,0,234,train,train,train,train,,,,,,0.7922007582596137,97
573,1793,Dick Hyman,Broadway Songbook,Were Thine That Special Face,studio,data/midi/studio/Dick Hyman/Broadway Songbook/Were Thine That Special Face.midi,data/audio/studio/Dick Hyman/Broadway Songbook/Were Thine That Special Face.mp3,https://www.youtube.com/watch?v=V4uLobqUMBE,319.872,0,307,train,train,train,train,,,,,,0.8955637707948243,8
574,1797,George Cables,"You Don't Know Me, Vol. 2",Ana Marie,studio,"data/midi/studio/George Cables/You Don't Know Me, Vol. 2/Ana Marie.midi","data/audio/studio/George Cables/You Don't Know Me, Vol. 2/Ana Marie.mp3",https://www.youtube.com/watch?v=t1yXXPzLR20,320.832,0,320,train,train,train,val,7f93307a-be54-4f4b-a4f6-8213f34d320c,59870feb-0aa5-42e6-adff-1e29e8ad3121,7d3aa1dd-5e8b-47f3-a65b-41d78c725ce3,b3aebfa3-6f2d-4f02-961e-d8da92ea8682,87726e63-7585-48cc-b636-581f1b455ccc,0.9179826795720836,36
575,1800,Oscar Peterson,Tracks (Remastered),Dancing on the Ceiling - Remastered,studio,data/midi/studio/Oscar Peterson/Tracks (Remastered)/Dancing on the Ceiling - Remastered.midi,data/audio/studio/Oscar Peterson/Tracks (Remastered)/Dancing on the Ceiling - Remastered.mp3,https://www.youtube.com/watch?v=ss8xhnk5mFE,306.024,0,306,train,train,train,train,91e04532-b736-4529-b913-c8cf97e03cd9,11115b3a-d426-4244-ad19-2efccd987cf9,ed801bdd-f057-41c0-94fb-76cb5676cd59,c46e792a-e1cd-465a-92dc-d0a89accac38,bcc3c57b-16be-477e-84f6-5f31beacefc7,0.865089046108807,21
576,1803,Dick Hyman,Dick Hyman Plays Variations on Richard Rodgers -  Rodgers & Hammerstein,Some Enchanted Evening,studio,data/midi/studio/Dick Hyman/Dick Hyman Plays Variations on Richard Rodgers -  Rodgers & Hammerstein/Some Enchanted Evening.midi,data/audio/studio/Dick Hyman/Dick Hyman Plays Variations on Richard Rodgers -  Rodgers & Hammerstein/Some Enchanted Evening.mp3,https://www.youtube.com/watch?v=JcZQ4JdQSLk,179.928,0,180,train,train,train,train,f609f42d-c09d-44bf-98d3-afdd91d14612,f54bfec3-6668-4a6a-911a-a5673a205be1,dab1ad75-3ea3-4071-91c4-7a66475599d4,106d0eca-6654-4e6e-8e86-7e884a4d5b91,57a5963a-3785-45e2-a033-bee0cdc33576,0.928224500809498,89
577,1805,Horace Parlan,The Maestro,Alone Together,studio,data/midi/studio/Horace Parlan/The Maestro/Alone Together.midi,data/audio/studio/Horace Parlan/The Maestro/Alone Together.mp3,https://www.youtube.com/watch?v=tDQb58qyIS8,380.64,0,380,train,train,val,train,,,,,,0.9430595644187878,24
578,1809,Erroll Garner,Solo Time! The Erroll Garner Collection Vols. 4 & 5,These Foolish Things,studio,data/midi/studio/Erroll Garner/Solo Time! The Erroll Garner Collection Vols. 4 & 5/These Foolish Things.midi,data/audio/studio/Erroll Garner/Solo Time! The Erroll Garner Collection Vols. 4 & 5/These Foolish Things.mp3,https://www.youtube.com/watch?v=ajQhI4jHKwA,216.216,0,216,train,train,train,train,4550815d-2ddb-4c71-8f79-a5c10f3bd22a,e2552704-2654-42af-a3b3-299f7c00a136,75bd5186-9d89-4da9-95de-fce055c28895,a12af0cf-3499-3a4c-a7e9-aebd17ba0323,4aebf16b-110a-4cf6-a87e-0c5b3b46100d,0.9047328864513507,42
579,1810,Dick Hyman,Dick Hyman Plays Fats Waller,Squeeze Me,studio,data/midi/studio/Dick Hyman/Dick Hyman Plays Fats Waller/Squeeze Me.midi,data/audio/studio/Dick Hyman/Dick Hyman Plays Fats Waller/Squeeze Me.mp3,https://www.youtube.com/watch?v=ssxaiJPE0lw,376.128,0,376,train,train,train,train,10bc60aa-d4fa-411f-b149-dee101cd2167,ff90bf37-c8b8-4a3c-9c73-1c4a9cce25ad,dab1ad75-3ea3-4071-91c4-7a66475599d4,e7944dd5-1911-3cc8-ab4c-9dac16db6d8d,8c10f7ff-70a2-4ac7-8836-a41f77fb097d,0.9189925119128658,172
580,1811,Dave McKenna,Easy Street,Cat's Cradle,studio,data/midi/studio/Dave McKenna/Easy Street/Cat's Cradle.midi,data/audio/studio/Dave McKenna/Easy Street/Cat's Cradle.mp3,https://www.youtube.com/watch?v=zYARgIFaczA,193.944,0,194,train,train,train,train,36d8c821-b9fe-4e67-b2bd-4893e2d2535d,36e5a197-8351-4e22-a4e6-63f0f20862ef,a048dfa0-5ce1-40ca-bcdf-56f9d56b32ae,5ab45bed-7610-3049-be84-7f00ad82e1bf,3b760f7c-77ac-4a46-8554-1a76e0319c28,0.8949044585987261,243
581,1812,Dick Hyman,Dick Hyman Plays Duke Ellington,Prelude to a Kiss,studio,data/midi/studio/Dick Hyman/Dick Hyman Plays Duke Ellington/Prelude to a Kiss.midi,data/audio/studio/Dick Hyman/Dick Hyman Plays Duke Ellington/Prelude to a Kiss.mp3,https://www.youtube.com/watch?v=jb5l9AJVNC8,351.072,0,351,train,train,train,train,97ee0158-952c-4529-a408-9b6bdaf6629b,73223907-8faf-4ad2-b7a7-a80932b9b57d,dab1ad75-3ea3-4071-91c4-7a66475599d4,149fd4a9-46ca-3b3c-a477-ca342ef85a03,90338925-447d-4ba7-b43d-76b4600000c9,0.9299160150593688,112
582,1819,George Cables,You Don't Know Me Volume I,Lullaby,studio,data/midi/studio/George Cables/You Don't Know Me Volume I/Lullaby.midi,data/audio/studio/George Cables/You Don't Know Me Volume I/Lullaby.mp3,https://www.youtube.com/watch?v=4fdK5CYF2HM,347.376,0,347,train,val,train,train,5855e29a-6bb7-433f-804b-b746fed28a2d,59870feb-0aa5-42e6-adff-1e29e8ad3121,7d3aa1dd-5e8b-47f3-a65b-41d78c725ce3,a1606e2a-cd66-41f8-986a-61bb00c42708,af5fba04-8ecc-4ea8-a2e8-71a563807d03,0.922149673530889,198
583,1821,Art Tatum,"The Art Tatum Solo Masterpieces, Vol. 6",Boulevard Of Broken Dreams,studio,"data/midi/studio/Art Tatum/The Art Tatum Solo Masterpieces, Vol. 6/Boulevard Of Broken Dreams.midi","data/audio/studio/Art Tatum/The Art Tatum Solo Masterpieces, Vol. 6/Boulevard Of Broken Dreams.mp3",https://www.youtube.com/watch?v=NS9KcYA4kNs,319.776,0,319,train,train,train,train,6510eac1-deef-48a4-9b45-457afd6a8ead,096dda47-78c8-4f4f-a130-b673dad90198,e073f6af-d696-4340-b847-e81fabc4d55b,2ad9d9f5-8c65-3f9a-846c-14d5cf237692,86ccfd6c-246f-4fa0-9d1a-023065c038c3,0.9122454832234012,225
584,1824,Abdullah Ibrahim,Senzo,Blues For A Hip King,studio,data/midi/studio/Abdullah Ibrahim/Senzo/Blues For A Hip King.midi,data/audio/studio/Abdullah Ibrahim/Senzo/Blues For A Hip King.mp3,https://www.youtube.com/watch?v=sgaNsKbUN_4,362.976,0,363,train,train,train,train,,,,,,0.8660274682560248,81
585,1825,Horace Parlan,Musically Yours,Musically yours,studio,data/midi/studio/Horace Parlan/Musically Yours/Musically yours.midi,data/audio/studio/Horace Parlan/Musically Yours/Musically yours.mp3,https://www.youtube.com/watch?v=-dNm5S_IBcw,338.28,0,338,test,val,train,test,,,,,,0.931636578869488,229
586,1826,Erroll Garner,Soliloquy,Don't Take Your Love from Me,studio,data/midi/studio/Erroll Garner/Soliloquy/Don't Take Your Love from Me.midi,data/audio/studio/Erroll Garner/Soliloquy/Don't Take Your Love from Me.mp3,https://www.youtube.com/watch?v=x5nwxjl9_iA,457.032,0,457,train,train,val,train,1fe4d9ee-5920-4d6b-b176-da39d56feb65,4a9a2d8a-8d75-4ce7-9486-8d5d82e5f971,75bd5186-9d89-4da9-95de-fce055c28895,0f308815-bd1f-4fa3-9016-286c47cf090a,73e45246-bac1-4b75-a869-d8dd3f791202,0.8581651376146789,251
587,1828,Oscar Peterson,1951,Body And Soul,studio,data/midi/studio/Oscar Peterson/1951/Body And Soul.midi,data/audio/studio/Oscar Peterson/1951/Body And Soul.mp3,https://www.youtube.com/watch?v=qabYzjatHUg,203.376,0,203,train,train,train,test,673be139-e512-49a1-9a63-7a584d3ae444,716d857a-d921-4c5b-b12f-db98f1f04839,ed801bdd-f057-41c0-94fb-76cb5676cd59,8207254e-b901-3af0-b8a9-21b0216cd650,e7c1f81e-30e5-49bb-b2ce-07316223c4ec,0.8857576414480816,190
588,1829,Tete Montoliu,Solo Piano,Una Gitarra,studio,data/midi/studio/Tete Montoliu/Solo Piano/Una Gitarra.midi,data/audio/studio/Tete Montoliu/Solo Piano/Una Gitarra.mp3,https://www.youtube.com/watch?v=-_gwLZBPm-U,235.872,0,235,test,train,test,val,,,,,,0.9623213512343006,7
589,1831,Dick Hyman,Dick Hyman Plays Variations on Richard Rodgers -  Rodgers & Hart,This Can't Be Love,studio,data/midi/studio/Dick Hyman/Dick Hyman Plays Variations on Richard Rodgers -  Rodgers & Hart/This Can't Be Love.midi,data/audio/studio/Dick Hyman/Dick Hyman Plays Variations on Richard Rodgers -  Rodgers & Hart/This Can't Be Love.mp3,https://www.youtube.com/watch?v=8FBGHbCDUL4,275.256,0,275,train,val,train,train,2639404d-c9cf-4496-a447-38555e9a181f,1ebff91a-54b7-4a2f-80e8-dc5d463a4464,dab1ad75-3ea3-4071-91c4-7a66475599d4,45c89c29-e51f-4508-bd6b-a2ee520edf22,3d88bcbc-8fc9-4656-897e-bdddb727271d,0.9330379962514908,206
590,1832,Abdullah Ibrahim,Dream Time,Genesis,studio,data/midi/studio/Abdullah Ibrahim/Dream Time/Genesis.midi,data/audio/studio/Abdullah Ibrahim/Dream Time/Genesis.mp3,https://www.youtube.com/watch?v=r1X-Vo1Fxfc,60.576,0,60,train,train,train,train,dd6c5eaf-4cea-482e-97da-23820ae8e669,cd84f0d5-7f35-44da-ac2f-2bc2331d324c,fd64e185-9973-44d5-ad09-5d5562804292,2bea86d4-0ae6-41ca-8894-0e41dad48963,7aca5d59-6c92-4a17-aa43-a4a0608b2327,0.9418604651162792,238
591,1840,Dave McKenna,Dave McKenna -  Solo,Scrapple From The Apple,studio,data/midi/studio/Dave McKenna/Dave McKenna -  Solo/Scrapple From The Apple.midi,data/audio/studio/Dave McKenna/Dave McKenna -  Solo/Scrapple From The Apple.mp3,https://www.youtube.com/watch?v=hJ4-bcG0_os,224.352,0,224,train,train,train,train,,,,,,0.7576692684697768,97
592,1841,Dick Hyman,Dick Hyman Plays Variations on Richard Rodgers -  Rodgers & Hammerstein,The Gentleman Is A Dope,studio,data/midi/studio/Dick Hyman/Dick Hyman Plays Variations on Richard Rodgers -  Rodgers & Hammerstein/The Gentleman Is A Dope.midi,data/audio/studio/Dick Hyman/Dick Hyman Plays Variations on Richard Rodgers -  Rodgers & Hammerstein/The Gentleman Is A Dope.mp3,https://www.youtube.com/watch?v=QPrh47NOS5o,289.584,0,289,test,train,train,train,06e5155b-8a7b-4f31-bf1a-a43e89e19908,f54bfec3-6668-4a6a-911a-a5673a205be1,dab1ad75-3ea3-4071-91c4-7a66475599d4,0996c333-9c8f-4f20-91b8-967b9131ed87,4436e010-c384-468f-95a0-593c3eada58d,0.9442912300055156,89
593,1844,Dave McKenna,Dancing In The Dark,A Gal In Calico,studio,data/midi/studio/Dave McKenna/Dancing In The Dark/A Gal In Calico.midi,data/audio/studio/Dave McKenna/Dancing In The Dark/A Gal In Calico.mp3,https://www.youtube.com/watch?v=3T15J9tjMlE,260.424,0,260,test,test,test,train,be996a9e-1101-46e4-ba98-99d80108e55d,0b2f5406-0f30-4ecd-8c32-a00dcc8dca9d,a048dfa0-5ce1-40ca-bcdf-56f9d56b32ae,04b91900-3274-4d12-b972-5d5b700f277e,8325c666-fc3a-4042-a123-91462279b915,0.8350379412735071,116
594,1845,George Cables,"You Don't Know Me, Vol. 2",Waltz for Debby,studio,"data/midi/studio/George Cables/You Don't Know Me, Vol. 2/Waltz for Debby.midi","data/audio/studio/George Cables/You Don't Know Me, Vol. 2/Waltz for Debby.mp3",https://www.youtube.com/watch?v=USbNo5Mx0s4,328.008,0,328,train,train,train,val,97e4d91f-0f01-48c0-8a2d-400c12c78728,59870feb-0aa5-42e6-adff-1e29e8ad3121,7d3aa1dd-5e8b-47f3-a65b-41d78c725ce3,27efa5a4-983b-48ed-b210-53ceb145f949,ce42bf56-17b0-4546-8cac-8aa575cacef9,0.9343376918703808,36
595,1846,Dave McKenna,Dave McKenna -  Solo,Have You Met Miss Jones Sequence - 3,studio,data/midi/studio/Dave McKenna/Dave McKenna -  Solo/Have You Met Miss Jones Sequence - 3.midi,data/audio/studio/Dave McKenna/Dave McKenna -  Solo/Have You Met Miss Jones Sequence - 3.mp3,https://www.youtube.com/watch?v=CpusStdHetI,163.704,0,163,train,train,train,train,,,,,,0.8217905405405406,97
596,1847,Abdullah Ibrahim,Dream Time,Did You Hear That Sound,studio,data/midi/studio/Abdullah Ibrahim/Dream Time/Did You Hear That Sound.midi,data/audio/studio/Abdullah Ibrahim/Dream Time/Did You Hear That Sound.mp3,https://www.youtube.com/watch?v=cgljvGwWv_c,173.232,0,173,train,train,train,train,,,,,,0.888888888888889,238
597,1848,Dick Hyman,Broadway Songbook,A Sleepin' Bee,studio,data/midi/studio/Dick Hyman/Broadway Songbook/A Sleepin' Bee.midi,data/audio/studio/Dick Hyman/Broadway Songbook/A Sleepin' Bee.mp3,https://www.youtube.com/watch?v=vBwqS3IW3pk,253.416,0,253,val,train,train,train,7d398e77-fc58-47f8-8314-435f366ad008,1e99b0c5-8cac-4a0f-9eda-641aac071aee,dab1ad75-3ea3-4071-91c4-7a66475599d4,ec34e634-23dd-3e41-9861-6caa0f25432d,8da4832d-0dbc-41f8-b661-da581cf1b523,0.94001199760048,8
598,1857,Hank Jones,SOLO 1976 A Tribute to Duke Ellington,Sophisticated Lady,studio,data/midi/studio/Hank Jones/SOLO 1976 A Tribute to Duke Ellington/Sophisticated Lady.midi,data/audio/studio/Hank Jones/SOLO 1976 A Tribute to Duke Ellington/Sophisticated Lady.mp3,https://www.youtube.com/watch?v=rJUq5HqI9Fg,158.304,0,158,train,test,train,test,43c7aa47-aa0e-42cf-8680-e40b1a564a45,55b7f2e2-d0b8-41a0-a66f-9e1b2540a951,80d610fe-7771-4226-aa9b-950944791698,48484c4f-8ad8-34ff-8da8-9097a8d3e2f7,dd1fe682-aab8-4575-9b42-86e9c76f555e,0.9060773480662984,174
599,1861,Dave McKenna,Dave McKenna -  Solo,Have You Met Miss Jones-Sequence - 1,studio,data/midi/studio/Dave McKenna/Dave McKenna -  Solo/Have You Met Miss Jones-Sequence - 1.midi,data/audio/studio/Dave McKenna/Dave McKenna -  Solo/Have You Met Miss Jones-Sequence - 1.mp3,https://www.youtube.com/watch?v=7QdKxKtgWj4,174.864,0,174,test,train,train,train,,,,,,0.83373963920039,97
600,1864,Art Tatum,"The Art Tatum Solo Masterpieces, Volume 1",Willow Weep For Me,studio,"data/midi/studio/Art Tatum/The Art Tatum Solo Masterpieces, Volume 1/Willow Weep For Me.midi","data/audio/studio/Art Tatum/The Art Tatum Solo Masterpieces, Volume 1/Willow Weep For Me.mp3",https://www.youtube.com/watch?v=aZyOfRJwGsc,274.032,0,274,train,test,train,val,,,,,,0.9165691355960542,242
601,1865,George Cables,You Don't Know Me Volume I,Helen's Song,studio,data/midi/studio/George Cables/You Don't Know Me Volume I/Helen's Song.midi,data/audio/studio/George Cables/You Don't Know Me Volume I/Helen's Song.mp3,https://www.youtube.com/watch?v=uGwCzbcpJRk,372.312,0,372,train,test,train,train,f2707abe-a5a9-4a83-81d6-b8e118375b34,59870feb-0aa5-42e6-adff-1e29e8ad3121,7d3aa1dd-5e8b-47f3-a65b-41d78c725ce3,00ecf560-e236-434d-82ed-e6398116c0f6,52781d1f-1e0c-49a4-b372-c6a0f6de55d1,0.9412757340533244,198
602,1866,Art Tatum,"The Art Tatum Solo Masterpieces, Vol. 4",Ill Wind,studio,"data/midi/studio/Art Tatum/The Art Tatum Solo Masterpieces, Vol. 4/Ill Wind.midi","data/audio/studio/Art Tatum/The Art Tatum Solo Masterpieces, Vol. 4/Ill Wind.mp3",https://www.youtube.com/watch?v=lLPbOtQb5ro,318.984,0,319,train,train,train,train,b183e4ea-14a6-48f7-9a23-817b3de60040,d5fa77dd-666e-43b0-ac4c-c47b024fa47a,e073f6af-d696-4340-b847-e81fabc4d55b,5194082c-76b7-3373-a691-f634ce7d80d4,48d03891-e5f9-4c38-b643-4e261d6d7f01,0.9142006943296412,241
603,1870,Oscar Peterson,Tracks (Remastered),Give Me the Simple Life - Remastered,studio,data/midi/studio/Oscar Peterson/Tracks (Remastered)/Give Me the Simple Life - Remastered.midi,data/audio/studio/Oscar Peterson/Tracks (Remastered)/Give Me the Simple Life - Remastered.mp3,https://www.youtube.com/watch?v=KWGd8psTmws,238.632,0,238,train,train,train,train,ba55c573-cea9-4b9b-97d8-a9b376d0e4b3,11115b3a-d426-4244-ad19-2efccd987cf9,ed801bdd-f057-41c0-94fb-76cb5676cd59,d2fa8b75-ab9d-44b0-a504-a407d6b82b57,d4516ede-5856-4a57-842a-da81c605ed6c,0.8519795833908125,21
604,1871,Erroll Garner,Afternoon Of An Elf,Salud Segovia,studio,data/midi/studio/Erroll Garner/Afternoon Of An Elf/Salud Segovia.midi,data/audio/studio/Erroll Garner/Afternoon Of An Elf/Salud Segovia.mp3,https://www.youtube.com/watch?v=p6f_9raP2ZY,374.952,0,375,train,train,train,train,f9985f19-a087-47da-a93d-63867222f1f6,59a3fd48-96af-4486-b06a-eba0cec954c9,75bd5186-9d89-4da9-95de-fce055c28895,550549c1-2913-3572-a1c0-4bd6024db440,333d50cd-2f7f-435b-9f37-8b4f271db379,0.8566657878548204,65
605,1875,Dick Hyman,Dick Hyman Plays Fats Waller,African Ripples,studio,data/midi/studio/Dick Hyman/Dick Hyman Plays Fats Waller/African Ripples.midi,data/audio/studio/Dick Hyman/Dick Hyman Plays Fats Waller/African Ripples.mp3,https://www.youtube.com/watch?v=q8EjtpKC63Q,222.768,0,222,train,train,train,train,09fde451-4b10-431f-b2c2-acb5a9a56ac6,ff90bf37-c8b8-4a3c-9c73-1c4a9cce25ad,dab1ad75-3ea3-4071-91c4-7a66475599d4,84eee4fc-b7cc-3fb5-81d0-353a8bc87ab5,bd55c60c-67d3-4718-a756-0aa486a454b8,0.9221489161168708,172
606,1878,Dave McKenna,Dave Fingers McKenna,Blues Mainly Tin Roof,studio,data/midi/studio/Dave McKenna/Dave Fingers McKenna/Blues Mainly Tin Roof.midi,data/audio/studio/Dave McKenna/Dave Fingers McKenna/Blues Mainly Tin Roof.mp3,https://www.youtube.com/watch?v=ZtjoaDNT5E0,354.984,0,355,test,train,train,train,fd28fe0b-e6ab-4f3e-ac41-880acf1536b1,c00dae75-1840-46fd-95bc-1929a6206141,a048dfa0-5ce1-40ca-bcdf-56f9d56b32ae,3901f997-b53e-4c0e-9284-0151e6d5e776,fc73c03a-7559-4216-8807-680303c8bcc9,0.8764077389546635,12
607,1882,George Cables,"You Don't Know Me, Vol. 2",Stella by Starlight,studio,"data/midi/studio/George Cables/You Don't Know Me, Vol. 2/Stella by Starlight.midi","data/audio/studio/George Cables/You Don't Know Me, Vol. 2/Stella by Starlight.mp3",https://www.youtube.com/watch?v=jrrQW4iU9Us,262.296,0,262,test,train,train,val,8903e98d-e647-4450-9078-156c734587bd,59870feb-0aa5-42e6-adff-1e29e8ad3121,7d3aa1dd-5e8b-47f3-a65b-41d78c725ce3,ff315ecb-565b-4a27-b777-0a4446bc7c25,8edfdcdf-d87d-4e5c-b330-c202e56c71ef,0.9323184529932113,36
608,1884,Dick Hyman,Dick Hyman Plays Variations on Richard Rodgers -  Rodgers & Hammerstein,Soliloquy,studio,data/midi/studio/Dick Hyman/Dick Hyman Plays Variations on Richard Rodgers -  Rodgers & Hammerstein/Soliloquy.midi,data/audio/studio/Dick Hyman/Dick Hyman Plays Variations on Richard Rodgers -  Rodgers & Hammerstein/Soliloquy.mp3,https://www.youtube.com/watch?v=tVCTFcV9gW4,539.28,0,539,train,train,train,train,6f672aa5-513a-4a56-8713-0678f5e9d1f2,f54bfec3-6668-4a6a-911a-a5673a205be1,dab1ad75-3ea3-4071-91c4-7a66475599d4,7bf84df0-27eb-4fe0-b913-3a74d30ee668,e7cfcb75-d7df-411a-9e28-d9d92380657f,0.9293822439956984,89
609,1887,Cedar Walton,Blues For Myself (Piano Solo),Sixth Avenue,studio,data/midi/studio/Cedar Walton/Blues For Myself (Piano Solo)/Sixth Avenue.midi,data/audio/studio/Cedar Walton/Blues For Myself (Piano Solo)/Sixth Avenue.mp3,https://www.youtube.com/watch?v=474a0MnUh50,231.672,0,231,train,val,test,train,5f14f316-b74e-4e56-afe4-076cda170c4b,c53ef91a-5bde-40ae-af2d-ee84d0374f72,115474d3-9d44-4c96-b5d0-00891187c6e8,33fa835e-a837-4312-81de-b2ccf07f75c6,d6fdd4f2-f389-45bb-b2c2-e0dc9c22eeb1,0.9344155844155844,164
610,1892,Dave McKenna,Dave McKenna -  Solo,Lucky To Be Me,studio,data/midi/studio/Dave McKenna/Dave McKenna -  Solo/Lucky To Be Me.midi,data/audio/studio/Dave McKenna/Dave McKenna -  Solo/Lucky To Be Me.mp3,https://www.youtube.com/watch?v=YAG7F6zToqY,231.768,0,231,train,train,train,train,,,,,,0.7919463087248323,97
611,1899,Art Tatum,"The Art Tatum Solo Masterpieces, Vol. 2",Gone With The Wind,studio,"data/midi/studio/Art Tatum/The Art Tatum Solo Masterpieces, Vol. 2/Gone With The Wind.midi","data/audio/studio/Art Tatum/The Art Tatum Solo Masterpieces, Vol. 2/Gone With The Wind.mp3",https://www.youtube.com/watch?v=PSLE6PG2bCU,180.936,0,181,test,train,train,train,79ca4fe5-ecf6-4c4c-976c-811501de6aa6,f667da54-eba6-4d21-84ed-d7a703c51eee,e073f6af-d696-4340-b847-e81fabc4d55b,2edb41ea-d310-3d54-a3f0-ad7bc3b969f7,3ab9fc46-c9cd-4934-bf35-7f723f611837,0.9152280340118526,218
612,1901,Dick Hyman,Broadway Songbook,All Through The Night,studio,data/midi/studio/Dick Hyman/Broadway Songbook/All Through The Night.midi,data/audio/studio/Dick Hyman/Broadway Songbook/All Through The Night.mp3,https://www.youtube.com/watch?v=ejL2Nhx1wo8,273.36,0,263,train,train,train,train,1eb6d7c5-b6c0-4930-a67a-28f3feeba4da,b7fe5941-e696-4c40-8bb1-7c7089f374fc,dab1ad75-3ea3-4071-91c4-7a66475599d4,eaf3402d-156b-39ca-8a04-05679f4e5114,5b7c3281-7b26-4b39-b52a-b1263e680bf0,0.941406838379274,8
613,1904,Tete Montoliu,The Music I Like To Play - Vol. 3,Monk's Mood,studio,data/midi/studio/Tete Montoliu/The Music I Like To Play - Vol. 3/Monk's Mood.midi,data/audio/studio/Tete Montoliu/The Music I Like To Play - Vol. 3/Monk's Mood.mp3,https://www.youtube.com/watch?v=cBfbSw-1vio,234.528,0,234,val,train,train,train,61d1c799-1330-42ff-86a2-c29311811ac0,1948e1cd-e03e-4b11-8f66-fb527c22703c,769d402e-20c3-40ec-8369-86fe8120bce8,7e21f425-cbfe-34c9-b68e-1266679f8aa3,978c2c32-641f-44cd-8f74-77f77af5c391,0.9465465465465464,115
614,1905,Hank Jones,Handful Of Keys,Please Don't Talk About Me When I'm Gone - Instrumental,studio,data/midi/studio/Hank Jones/Handful Of Keys/Please Don't Talk About Me When I'm Gone - Instrumental.midi,data/audio/studio/Hank Jones/Handful Of Keys/Please Don't Talk About Me When I'm Gone - Instrumental.mp3,https://www.youtube.com/watch?v=qjZBTpasOpM,174.552,0,174,train,train,train,train,596820ef-9874-483f-bc91-1d25f5aa2f66,3836130b-cdca-4ea2-93b7-b95ba5ec6896,80d610fe-7771-4226-aa9b-950944791698,bac8b7e6-263e-3243-ac15-b987e897ad5a,393be93f-1ca4-4e21-a9ea-aef6dc303d3b,0.8701180744777474,128
615,1907,Erroll Garner,Solo Time! The Erroll Garner Collection Vols. 4 & 5,The Man I Love,studio,data/midi/studio/Erroll Garner/Solo Time! The Erroll Garner Collection Vols. 4 & 5/The Man I Love.midi,data/audio/studio/Erroll Garner/Solo Time! The Erroll Garner Collection Vols. 4 & 5/The Man I Love.mp3,https://www.youtube.com/watch?v=pvRnn4HdOqw,275.16,0,275,train,train,train,train,4e1659f3-0688-4745-94ef-f9ce03a5561f,e2552704-2654-42af-a3b3-299f7c00a136,75bd5186-9d89-4da9-95de-fce055c28895,11631b2f-60f5-3207-953f-16b2b6fbec3a,fcb0e650-02c2-4377-abcc-ca48b64b9e02,0.9002958065077432,42
616,1908,Tete Montoliu,The Music I Like To Play - Vol.2,Softly As In A Morning Sunrise,studio,data/midi/studio/Tete Montoliu/The Music I Like To Play - Vol.2/Softly As In A Morning Sunrise.midi,data/audio/studio/Tete Montoliu/The Music I Like To Play - Vol.2/Softly As In A Morning Sunrise.mp3,https://www.youtube.com/watch?v=4ZK5npYqA5E,277.032,0,277,train,train,train,train,,,,,,0.9565746753246752,235
617,1909,Andy Laverne,Tadd's Delight,Soultrane,studio,data/midi/studio/Andy Laverne/Tadd's Delight/Soultrane.midi,data/audio/studio/Andy Laverne/Tadd's Delight/Soultrane.mp3,https://www.youtube.com/watch?v=9KNFBxqRfEA,387.624,0,387,train,train,train,train,ff9501e6-924b-43da-80e1-8a8552beadf2,a8ca6fa7-b561-4799-9b2e-ceae5efa48be,e88ae791-cd20-4298-943a-66fd6d222698,7efa199d-9d51-44c4-adb7-2b6c23abe843,2397c0a0-2015-4827-98da-6e5af8719395,0.9116623150565708,140
618,1910,Oscar Peterson,"Exclusively for My Friends -  My Favorite Instrument, Vol. IV",I Should Care - Live,studio,"data/midi/studio/Oscar Peterson/Exclusively for My Friends -  My Favorite Instrument, Vol. IV/I Should Care - Live.midi","data/audio/studio/Oscar Peterson/Exclusively for My Friends -  My Favorite Instrument, Vol. IV/I Should Care - Live.mp3",https://www.youtube.com/watch?v=J6kUEv8oYl0,284.904,0,284,train,train,val,train,d7f32a7b-64e8-4e2f-b2a0-adc95ab72caf,681c428a-5240-38ff-b70c-acf510d432e3,ed801bdd-f057-41c0-94fb-76cb5676cd59,6286ebe2-27fd-3aac-9672-eca2debf7bc6,0982e87a-24d0-4b58-998d-0486f30d6a26,0.8521986970684039,90
619,1919,Erroll Garner,Soliloquy,If I Had You,studio,data/midi/studio/Erroll Garner/Soliloquy/If I Had You.midi,data/audio/studio/Erroll Garner/Soliloquy/If I Had You.mp3,https://www.youtube.com/watch?v=DZpxyjCFKy8,267.576,0,267,val,train,test,train,086be72b-af1f-4442-b1ed-f717455c3c8c,4a9a2d8a-8d75-4ce7-9486-8d5d82e5f971,75bd5186-9d89-4da9-95de-fce055c28895,460c82c7-2918-47d7-9a2a-1f3ec7f7fe55,6894dc5c-48c8-4ef3-a4bb-333572272ac3,0.8428515163450178,251
620,1923,Art Tatum,"The Art Tatum Solo Masterpieces, Vol. 5",You're Driving Me Crazy,studio,"data/midi/studio/Art Tatum/The Art Tatum Solo Masterpieces, Vol. 5/You're Driving Me Crazy.midi","data/audio/studio/Art Tatum/The Art Tatum Solo Masterpieces, Vol. 5/You're Driving Me Crazy.mp3",https://www.youtube.com/watch?v=KIeQLz5qWgo,159.984,0,160,test,train,train,train,891d96fc-0342-4da3-8661-8270bda2559e,6c658e23-5d2c-43a2-b311-43309caf18f7,e073f6af-d696-4340-b847-e81fabc4d55b,70a63242-aaaa-3f3f-a7f0-3f96a5ac25aa,5fe036b8-d110-417e-ab2d-28a71878aed7,0.916253587268458,210
621,1925,Dick Hyman,Dick Hyman Plays Fats Waller,I'm Goin' to See My Ma,studio,data/midi/studio/Dick Hyman/Dick Hyman Plays Fats Waller/I'm Goin' to See My Ma.midi,data/audio/studio/Dick Hyman/Dick Hyman Plays Fats Waller/I'm Goin' to See My Ma.mp3,https://www.youtube.com/watch?v=sUX8wlVwVww,174.36,0,174,test,train,train,train,693b306a-f816-4f79-87bd-af34ae460e53,ff90bf37-c8b8-4a3c-9c73-1c4a9cce25ad,dab1ad75-3ea3-4071-91c4-7a66475599d4,be264455-982c-3d54-b760-714db3865c3c,fc0920f9-e0d2-4691-8cf2-26e0aa06e7da,0.8939022396599642,172
622,1926,Tete Montoliu,The Music I Like To Play - Vol.2,Blues For Nuria,studio,data/midi/studio/Tete Montoliu/The Music I Like To Play - Vol.2/Blues For Nuria.midi,data/audio/studio/Tete Montoliu/The Music I Like To Play - Vol.2/Blues For Nuria.mp3,https://www.youtube.com/watch?v=fYqZ7GDLmZs,307.032,0,307,train,train,train,train,,,,,,0.9613907418637558,235
623,1929,Abdullah Ibrahim,The Song Is My Story,Threshold,studio,data/midi/studio/Abdullah Ibrahim/The Song Is My Story/Threshold.midi,data/audio/studio/Abdullah Ibrahim/The Song Is My Story/Threshold.mp3,https://www.youtube.com/watch?v=wR6PsHBmtiI,202.56,0,202,test,train,val,test,edff252b-1985-421d-9f43-f6dfda2bd2f7,8dd2d9b6-5354-468c-8b0b-dbd0ff5a1090,fd64e185-9973-44d5-ad09-5d5562804292,8102c528-7423-48da-b5d6-abd12250af83,6eb7e706-fb4d-4ee4-b50b-8049df804c62,0.934782608695652,109
624,1930,Dick Hyman,Dick Hyman Plays Variations on Richard Rodgers -  Rodgers & Hammerstein,Bali Ha'i,studio,data/midi/studio/Dick Hyman/Dick Hyman Plays Variations on Richard Rodgers -  Rodgers & Hammerstein/Bali Ha'i.midi,data/audio/studio/Dick Hyman/Dick Hyman Plays Variations on Richard Rodgers -  Rodgers & Hammerstein/Bali Ha'i.mp3,https://www.youtube.com/watch?v=a9G3IQgpwZ0,159.264,0,159,train,train,train,train,8fe93e55-345c-43c0-8e31-2a4e149203d8,f54bfec3-6668-4a6a-911a-a5673a205be1,dab1ad75-3ea3-4071-91c4-7a66475599d4,25f1b99c-0213-44be-826b-54f1ccaa167b,05ec0f55-a6de-4dd2-b9f6-3a0114b07490,0.9550094517958412,89
625,1931,Dick Hyman,Broadway Songbook,I've Got the World On A String,studio,data/midi/studio/Dick Hyman/Broadway Songbook/I've Got the World On A String.midi,data/audio/studio/Dick Hyman/Broadway Songbook/I've Got the World On A String.mp3,https://www.youtube.com/watch?v=E5dxOxYDdSg,202.896,0,202,train,train,train,train,,,,,,0.9477085781433608,8
626,1934,Art Tatum,"The Art Tatum Solo Masterpieces, Volume 1",Sophisticated Lady,studio,"data/midi/studio/Art Tatum/The Art Tatum Solo Masterpieces, Volume 1/Sophisticated Lady.midi","data/audio/studio/Art Tatum/The Art Tatum Solo Masterpieces, Volume 1/Sophisticated Lady.mp3",https://www.youtube.com/watch?v=jnctKU4uvg4,215.928,0,216,test,test,train,val,3a86f4e3-d7a7-4c06-b071-8e9ab361d884,da515317-8087-48fe-89c1-532be01837e6,e073f6af-d696-4340-b847-e81fabc4d55b,48558505-4453-300a-9714-57a91cff8ec6,97ef0825-a564-409a-ad9d-3e2dded59f14,0.9117774880486744,242
627,1935,Dave McKenna,Dave McKenna -  Solo,Norwegian Wood,studio,data/midi/studio/Dave McKenna/Dave McKenna -  Solo/Norwegian Wood.midi,data/audio/studio/Dave McKenna/Dave McKenna -  Solo/Norwegian Wood.mp3,https://www.youtube.com/watch?v=A5-5LlNAylA,226.176,0,226,train,train,train,train,,,,,,0.7831858407079645,97
628,1938,Erroll Garner,Afternoon Of An Elf,All My Loves Are You,studio,data/midi/studio/Erroll Garner/Afternoon Of An Elf/All My Loves Are You.midi,data/audio/studio/Erroll Garner/Afternoon Of An Elf/All My Loves Are You.mp3,https://www.youtube.com/watch?v=PbpOiVDgPuc,301.104,0,301,test,train,train,train,eb6a1570-fd8f-437c-92c0-e6e3a4bc318a,59a3fd48-96af-4486-b06a-eba0cec954c9,75bd5186-9d89-4da9-95de-fce055c28895,661e3cae-018f-3dc2-8e4a-0adff46c9016,20ac1712-aa38-49c0-913e-c7edaaab61ba,0.8808903623016812,65
629,1940,Tete Montoliu,The Music I Like To Play - Vol. 4,Nancy With The Laughing Face,studio,data/midi/studio/Tete Montoliu/The Music I Like To Play - Vol. 4/Nancy With The Laughing Face.midi,data/audio/studio/Tete Montoliu/The Music I Like To Play - Vol. 4/Nancy With The Laughing Face.mp3,https://www.youtube.com/watch?v=eyBaiuHWCA0,328.032,0,328,train,val,train,train,,,,,,0.9603392367173856,80
630,1942,Tete Montoliu,Solo Piano,Manuel,studio,data/midi/studio/Tete Montoliu/Solo Piano/Manuel.midi,data/audio/studio/Tete Montoliu/Solo Piano/Manuel.mp3,https://www.youtube.com/watch?v=A81B3T63HRk,321.36,0,321,train,train,val,test,a8273d03-45d8-4691-a888-795da264ab8a,fdc99fea-265b-4169-b869-0b4947983d82,769d402e-20c3-40ec-8369-86fe8120bce8,db0c49bb-2cb7-44a2-9144-35c146da34c3,e5bef149-6702-47f5-8847-f5f5162c796d,0.9625636418089248,7
631,1943,George Cables,"You Don't Know Me, Vol. 2",Going Home,studio,"data/midi/studio/George Cables/You Don't Know Me, Vol. 2/Going Home.midi","data/audio/studio/George Cables/You Don't Know Me, Vol. 2/Going Home.mp3",https://www.youtube.com/watch?v=hDJl-WIe170,282.312,0,282,train,train,train,val,ad856e36-bfcd-4b21-8210-9c9afc8d9ac6,59870feb-0aa5-42e6-adff-1e29e8ad3121,7d3aa1dd-5e8b-47f3-a65b-41d78c725ce3,15b87656-8c33-4b0b-8f7e-475d4a6548d6,d99d9506-70c7-42a7-b52a-425a7a82f739,0.9199785177228784,36
632,1947,Abdullah Ibrahim,Senzo,'Senzo' - Contours And Time,studio,data/midi/studio/Abdullah Ibrahim/Senzo/'Senzo' - Contours And Time.midi,data/audio/studio/Abdullah Ibrahim/Senzo/'Senzo' - Contours And Time.mp3,https://www.youtube.com/watch?v=mihS9JHn3z8,149.184,0,149,val,train,train,train,5f76c3d2-9b10-425f-a123-afea2bb6a7fc,f50423f6-1d01-4cb7-bc86-9c2ff6579a60,fd64e185-9973-44d5-ad09-5d5562804292,ba87c061-6a55-31b6-b117-ae1505cf908c,543c877e-e548-417d-ae75-aee597a8740d,0.8201634877384196,81
633,1953,Art Tatum,"The Art Tatum Solo Masterpieces, Volume 1",It's Only A Paper Moon,studio,"data/midi/studio/Art Tatum/The Art Tatum Solo Masterpieces, Volume 1/It's Only A Paper Moon.midi","data/audio/studio/Art Tatum/The Art Tatum Solo Masterpieces, Volume 1/It's Only A Paper Moon.mp3",https://www.youtube.com/watch?v=8A9gYVEjOzI,159.12,0,159,train,test,train,val,6d8487c0-b736-4f3e-8bd4-844d0bb9b3bb,da515317-8087-48fe-89c1-532be01837e6,e073f6af-d696-4340-b847-e81fabc4d55b,542e10eb-ae34-32b7-9f77-aa23e5936443,21429a53-7898-40ae-ab6a-5c6cc74de3b5,0.8912037037037037,242
634,1954,Oscar Peterson,1951,Get Happy,studio,data/midi/studio/Oscar Peterson/1951/Get Happy.midi,data/audio/studio/Oscar Peterson/1951/Get Happy.mp3,https://www.youtube.com/watch?v=qir3lbvUJ_I,98.472,0,98,train,train,train,val,3afed78e-871f-42f0-aee0-ab8856219989,716d857a-d921-4c5b-b12f-db98f1f04839,ed801bdd-f057-41c0-94fb-76cb5676cd59,90e8a6eb-2389-3cbf-8a55-70bc633d7ee3,c0d914e2-29ad-4859-9626-8221b2b6e599,0.8236028723072119,190
635,1956,Hank Jones,Handful Of Keys,Handful Of Keys - Instrumental,studio,data/midi/studio/Hank Jones/Handful Of Keys/Handful Of Keys - Instrumental.midi,data/audio/studio/Hank Jones/Handful Of Keys/Handful Of Keys - Instrumental.mp3,https://www.youtube.com/watch?v=x2Lt-uMvCX4,149.856,0,149,train,train,train,train,f73256ce-7b85-4a46-b7e4-8404d245188c,3836130b-cdca-4ea2-93b7-b95ba5ec6896,80d610fe-7771-4226-aa9b-950944791698,e9b463d3-8c2c-348a-89dc-cba4f3914e28,bde69064-e134-432b-9b4a-1c2869ca0a15,0.8743809095002251,128
636,1957,Art Tatum,"The Art Tatum Solo Masterpieces, Vol. 3",Crazy Rhythm,studio,"data/midi/studio/Art Tatum/The Art Tatum Solo Masterpieces, Vol. 3/Crazy Rhythm.midi","data/audio/studio/Art Tatum/The Art Tatum Solo Masterpieces, Vol. 3/Crazy Rhythm.mp3",https://www.youtube.com/watch?v=TusJHL0jrOk,175.68,0,175,test,train,train,train,,fdca5f37-0fbb-4438-b9b8-368c75e3719f,e073f6af-d696-4340-b847-e81fabc4d55b,2989fb51-2ad7-36bd-b558-73da8d6f09a1,97fe3181-ee63-4c17-981e-daa856c60bed,0.9043406706439006,22
637,1958,Andy Laverne,In The Mood For A Classic,In walked Bud,studio,data/midi/studio/Andy Laverne/In The Mood For A Classic/In walked Bud.midi,data/audio/studio/Andy Laverne/In The Mood For A Classic/In walked Bud.mp3,https://www.youtube.com/watch?v=QQ-LsjpsTqI,219.456,0,219,train,val,train,train,b544c927-576e-41e4-bd72-aaad1f81046e,8454bb32-6955-466c-9086-0befed62a7b8,e88ae791-cd20-4298-943a-66fd6d222698,144015f0-cd60-43c4-a0b5-dad0959f2c9c,49a84279-9289-4246-aa27-ef5e3b575731,0.8839608045384219,246
638,1963,George Cables,You Don't Know Me Volume I,Evc,studio,data/midi/studio/George Cables/You Don't Know Me Volume I/Evc.midi,data/audio/studio/George Cables/You Don't Know Me Volume I/Evc.mp3,https://www.youtube.com/watch?v=A44UbP6BJc0,390.552,0,390,train,val,train,train,6c6fb8b5-35f2-4724-9272-4438a7528ea7,59870feb-0aa5-42e6-adff-1e29e8ad3121,7d3aa1dd-5e8b-47f3-a65b-41d78c725ce3,e22065bc-8fbb-48ee-b58c-955304794134,9794def9-5fc3-49ab-9bf9-672a38786bf7,0.9340116714050576,198
639,1974,Tete Montoliu,The Music I Like To Play - Vol. 4,If I Should Lose You,studio,data/midi/studio/Tete Montoliu/The Music I Like To Play - Vol. 4/If I Should Lose You.midi,data/audio/studio/Tete Montoliu/The Music I Like To Play - Vol. 4/If I Should Lose You.mp3,https://www.youtube.com/watch?v=93Y2zyRfJzk,322.032,0,322,train,val,train,train,,,,,,0.9444140696190996,80
640,1979,Tete Montoliu,The Music I Like To Play - Vol.1,Whisper Not,studio,data/midi/studio/Tete Montoliu/The Music I Like To Play - Vol.1/Whisper Not.midi,data/audio/studio/Tete Montoliu/The Music I Like To Play - Vol.1/Whisper Not.mp3,https://www.youtube.com/watch?v=ijd509o9qN4,302.04,0,302,train,train,train,train,,,,,,0.9589702333065164,100
641,1980,Dick Hyman,In Recital (Live),"Marianne -  Just You, Just Me",studio,"data/midi/studio/Dick Hyman/In Recital (Live)/Marianne -  Just You, Just Me.midi","data/audio/studio/Dick Hyman/In Recital (Live)/Marianne -  Just You, Just Me.mp3",https://www.youtube.com/watch?v=38OEohHb4-0,309.912,0,309,train,train,train,train,d79c94c9-6766-41ad-8c5e-6a2fc120d857,2dbc2fd1-36b0-4bac-ab40-d45d8c54dafa,dab1ad75-3ea3-4071-91c4-7a66475599d4,f9bf8832-8b69-374b-8a3b-1668cd88f343,8b526a63-ef21-4d9b-821b-3497725df164,0.9446640316205532,240
642,1984,Tete Montoliu,The Music I Like To Play - Vol. 3,Straight No Chaser,studio,data/midi/studio/Tete Montoliu/The Music I Like To Play - Vol. 3/Straight No Chaser.midi,data/audio/studio/Tete Montoliu/The Music I Like To Play - Vol. 3/Straight No Chaser.mp3,https://www.youtube.com/watch?v=lgi1mdA428c,296.712,0,296,train,train,train,train,,,,,,0.9581372306167948,115
643,1986,Abdullah Ibrahim,Dream Time,For Coltrane,studio,data/midi/studio/Abdullah Ibrahim/Dream Time/For Coltrane.midi,data/audio/studio/Abdullah Ibrahim/Dream Time/For Coltrane.mp3,https://www.youtube.com/watch?v=CGlFjwX48x4,253.224,0,253,val,train,train,train,dbe08d31-9aa9-4f35-8b20-12b84fd76829,cd84f0d5-7f35-44da-ac2f-2bc2331d324c,fd64e185-9973-44d5-ad09-5d5562804292,e2255ba3-af22-42d5-8f4c-6f12c97d5e06,cf57ed9d-b178-4db2-bf5c-76a5ccb94314,0.9138418079096045,238
644,1988,Dave McKenna,Dancing In The Dark,New Sun In The Sky,studio,data/midi/studio/Dave McKenna/Dancing In The Dark/New Sun In The Sky.midi,data/audio/studio/Dave McKenna/Dancing In The Dark/New Sun In The Sky.mp3,https://www.youtube.com/watch?v=Z3s6c7z_pk0,224.352,0,224,train,val,val,train,3772b2f5-daa9-46bf-9e97-0311825de507,0b2f5406-0f30-4ecd-8c32-a00dcc8dca9d,a048dfa0-5ce1-40ca-bcdf-56f9d56b32ae,f367c0d9-af5c-43cc-bbc0-32cc5722d606,492b6cfa-540b-4ab2-8bf6-e7034050a472,0.8505059797608095,116
645,1989,Dave McKenna,Dave Fingers McKenna,Curse Of An Aching Heart,studio,data/midi/studio/Dave McKenna/Dave Fingers McKenna/Curse Of An Aching Heart.midi,data/audio/studio/Dave McKenna/Dave Fingers McKenna/Curse Of An Aching Heart.mp3,https://www.youtube.com/watch?v=SC96eEesYRo,238.272,0,238,train,train,train,train,,c00dae75-1840-46fd-95bc-1929a6206141,a048dfa0-5ce1-40ca-bcdf-56f9d56b32ae,ebfe3448-ada0-47f0-9054-0f878302416c,46b097b8-3979-411f-9f0e-ad5f83d168f7,0.8586212144270279,12
646,1992,Horace Parlan,Musically Yours,Alone together,studio,data/midi/studio/Horace Parlan/Musically Yours/Alone together.midi,data/audio/studio/Horace Parlan/Musically Yours/Alone together.mp3,https://www.youtube.com/watch?v=o5kvV5__7ks,375.744,0,375,train,val,train,val,,,,,,0.9392210369635328,229
647,2003,Dick Hyman,There Will Never Be Another You (Piano Solo) [Live],Blue Skies,live,data/midi/live/Dick Hyman/There Will Never Be Another You (Piano Solo) [Live]/Blue Skies.midi,data/audio/live/Dick Hyman/There Will Never Be Another You (Piano Solo) [Live]/Blue Skies.mp3,https://www.youtube.com/watch?v=3AoaHqgY-Qw,392.376,0,378,train,train,test,train,f208d1e4-6b21-480f-8fdc-9e7f189ab37a,ce90077c-511b-44a3-a59a-3f3ace61a1b7,dab1ad75-3ea3-4071-91c4-7a66475599d4,5070d93f-34de-3aaa-ba35-ed09e46d361d,68ce1a94-161c-48f5-a394-ed6a8cd7e4bd,0.944563139547959,151
648,2004,Dick Hyman,Solo At The Sacramento Jazz Festivals 1983-1988,Eccentricity,live,data/midi/live/Dick Hyman/Solo At The Sacramento Jazz Festivals 1983-1988/Eccentricity.midi,data/audio/live/Dick Hyman/Solo At The Sacramento Jazz Festivals 1983-1988/Eccentricity.mp3,https://www.youtube.com/watch?v=6dv4tJr6X7I,216.456,0,210,train,train,train,train,,,,,,0.3895264263778891,256
649,2024,Oscar Peterson,Solo,Satin Doll - Live,live,data/midi/live/Oscar Peterson/Solo/Satin Doll - Live.midi,data/audio/live/Oscar Peterson/Solo/Satin Doll - Live.mp3,https://www.youtube.com/watch?v=5UYx6PEV5O0,341.928,0,323,test,train,train,train,296d4066-c299-4d2d-b800-af78c4bb926a,5d73ad18-ea8f-4011-8093-1e9e2b44ea6a,ed801bdd-f057-41c0-94fb-76cb5676cd59,62f02bfd-a260-3bb5-afe1-4e862dbe13aa,2a2439e5-a0fb-4a7f-9f8d-717e6f8bef4b,0.8657459250964289,29
650,2031,Oscar Peterson,Solo,Autumn Leaves - Live,live,data/midi/live/Oscar Peterson/Solo/Autumn Leaves - Live.midi,data/audio/live/Oscar Peterson/Solo/Autumn Leaves - Live.mp3,https://www.youtube.com/watch?v=jc_D026djng,264.912,6,254,train,train,train,train,812c841c-5dfc-46bc-80d4-8b6e7166dab7,5d73ad18-ea8f-4011-8093-1e9e2b44ea6a,ed801bdd-f057-41c0-94fb-76cb5676cd59,06460955-4fb5-3685-a242-2116baf20c20,0c475006-12ac-43c3-abb7-451332154603,0.8387496899032497,29
651,2034,Dick Hyman,Music Of 1937 -  Maybeck Recital Hall Series (Vol. 3),"Some Day My Prince Will Come - Live At The Maybeck Recital Hall, Berkeley, CA  February 14, 1990",live,"data/midi/live/Dick Hyman/Music Of 1937 -  Maybeck Recital Hall Series (Vol. 3)/Some Day My Prince Will Come - Live At The Maybeck Recital Hall, Berkeley, CA  February 14, 1990.midi","data/audio/live/Dick Hyman/Music Of 1937 -  Maybeck Recital Hall Series (Vol. 3)/Some Day My Prince Will Come - Live At The Maybeck Recital Hall, Berkeley, CA  February 14, 1990.mp3",https://www.youtube.com/watch?v=zqVPQen7xtU,420.072,0,397,train,train,train,train,d22d0ac5-d132-43f0-9548-d8904a79675d,ebda55df-2ead-4708-bcb7-8b4785336933,dab1ad75-3ea3-4071-91c4-7a66475599d4,2c51bdb3-a133-352c-8dad-694ec41e26fb,8b7cab2f-3af2-4b03-9fb7-0f4be756376e,0.9157270719516448,181
652,2077,George Cables,"The Maybeck Recital Series, Vol. 35","Everything Happens To Me - Live At Maybeck Recital Hall, Berkeley, CA  January 9, 1994",live,"data/midi/live/George Cables/The Maybeck Recital Series, Vol. 35/Everything Happens To Me - Live At Maybeck Recital Hall, Berkeley, CA  January 9, 1994.midi","data/audio/live/George Cables/The Maybeck Recital Series, Vol. 35/Everything Happens To Me - Live At Maybeck Recital Hall, Berkeley, CA  January 9, 1994.mp3",https://www.youtube.com/watch?v=UehLc9mGPHs,330.096,0,314,train,train,test,train,,,,,,0.8795031055900621,201
653,2083,Hank Jones,"Live At Maybeck Recital Hall, Vol. 16","The Night We Called It A Day - Live At Maybeck Recital Hall, Berkeley, CA  November 11, 1991",live,"data/midi/live/Hank Jones/Live At Maybeck Recital Hall, Vol. 16/The Night We Called It A Day - Live At Maybeck Recital Hall, Berkeley, CA  November 11, 1991.midi","data/audio/live/Hank Jones/Live At Maybeck Recital Hall, Vol. 16/The Night We Called It A Day - Live At Maybeck Recital Hall, Berkeley, CA  November 11, 1991.mp3",https://www.youtube.com/watch?v=GHXXKWcnD9g,201.0,0,190,train,train,val,train,,,,,,0.8750681942171304,1
654,2091,Dick Hyman,Solo At The Sacramento Jazz Festivals 1983-1988,Jitterbug Waltz,live,data/midi/live/Dick Hyman/Solo At The Sacramento Jazz Festivals 1983-1988/Jitterbug Waltz.midi,data/audio/live/Dick Hyman/Solo At The Sacramento Jazz Festivals 1983-1988/Jitterbug Waltz.mp3,https://www.youtube.com/watch?v=2DwpIlR5g20,300.792,0,290,train,train,train,train,,,,,,0.8678231126313217,256
655,2101,Oscar Peterson,Solo,Blues Of The Prairies - Live,live,data/midi/live/Oscar Peterson/Solo/Blues Of The Prairies - Live.midi,data/audio/live/Oscar Peterson/Solo/Blues Of The Prairies - Live.mp3,https://www.youtube.com/watch?v=RkO6A4E08Ms,303.24,1,286,test,train,train,train,3ac3ee9f-49f6-4cb8-bebe-6d6f84b944e9,5d73ad18-ea8f-4011-8093-1e9e2b44ea6a,ed801bdd-f057-41c0-94fb-76cb5676cd59,7a0478d7-cd72-39fa-ae94-81dbe9180036,77ebd713-ef31-4056-9108-68718591f07e,0.8272089427993816,29
656,2102,Dick Hyman,"Hyman, Dick -  Live from Toronto's Cafe des Copains",St. Louis Blues,live,"data/midi/live/Dick Hyman/Hyman, Dick -  Live from Toronto's Cafe des Copains/St. Louis Blues.midi","data/audio/live/Dick Hyman/Hyman, Dick -  Live from Toronto's Cafe des Copains/St. Louis Blues.mp3",https://www.youtube.com/watch?v=SuXcHCxr8DM,297.696,0,286,train,train,train,train,,,,,,0.9062197873026104,76
657,2103,Dick Hyman,There Will Never Be Another You (Piano Solo) [Live],Jungle Blues,live,data/midi/live/Dick Hyman/There Will Never Be Another You (Piano Solo) [Live]/Jungle Blues.midi,data/audio/live/Dick Hyman/There Will Never Be Another You (Piano Solo) [Live]/Jungle Blues.mp3,https://www.youtube.com/watch?v=c_VTMZF1Mhk,231.696,0,214,train,train,val,train,a5009b48-e5ae-4633-a61c-e863abb4698d,ce90077c-511b-44a3-a59a-3f3ace61a1b7,dab1ad75-3ea3-4071-91c4-7a66475599d4,c07dfa92-7124-3dc7-9165-21218609fb92,d0289dc2-9d87-49fe-aa9b-95e433686e1a,0.9090909090909092,151
658,2110,Oscar Peterson,Solo,Here's That Rainy Day - Live,live,data/midi/live/Oscar Peterson/Solo/Here's That Rainy Day - Live.midi,data/audio/live/Oscar Peterson/Solo/Here's That Rainy Day - Live.mp3,https://www.youtube.com/watch?v=LOfV0_fPQyk,358.776,0,340,test,train,train,train,486f8095-df1f-40bd-af80-237a6f9e1bdb,5d73ad18-ea8f-4011-8093-1e9e2b44ea6a,ed801bdd-f057-41c0-94fb-76cb5676cd59,da73ede2-5163-3d14-a96d-1fa254729cf5,764b1cc0-2b6d-4355-8e8f-dcfb9d4c54a7,0.8985253321652796,29
659,2115,Andy Laverne,"The Maybeck Recital Series, Vol. 28","Turn Out The Stars - Live At Maybeck Recital Hall, Berkeley, CA  April 18, 1993",live,"data/midi/live/Andy Laverne/The Maybeck Recital Series, Vol. 28/Turn Out The Stars - Live At Maybeck Recital Hall, Berkeley, CA  April 18, 1993.midi","data/audio/live/Andy Laverne/The Maybeck Recital Series, Vol. 28/Turn Out The Stars - Live At Maybeck Recital Hall, Berkeley, CA  April 18, 1993.mp3",https://www.youtube.com/watch?v=9BVECSOlEPo,323.04,0,310,train,train,test,val,b632f06f-741b-4a49-bb57-169695f5f63e,30193593-b13c-4bd1-9d3a-4cec88721e7e,e88ae791-cd20-4298-943a-66fd6d222698,018100fe-2c74-326f-9e28-2573643f5a90,13cb5008-b5cb-42e2-b630-cfcbe4fe53c8,0.8647667453258304,102
660,2122,Dick Hyman,Music Of 1937 -  Maybeck Recital Hall Series (Vol. 3),"Thanks For The Memory - Live At The Maybeck Recital Hall, Berkeley, CA  February 14, 1990",live,"data/midi/live/Dick Hyman/Music Of 1937 -  Maybeck Recital Hall Series (Vol. 3)/Thanks For The Memory - Live At The Maybeck Recital Hall, Berkeley, CA  February 14, 1990.midi","data/audio/live/Dick Hyman/Music Of 1937 -  Maybeck Recital Hall Series (Vol. 3)/Thanks For The Memory - Live At The Maybeck Recital Hall, Berkeley, CA  February 14, 1990.mp3",https://www.youtube.com/watch?v=9gg_cCoeagA,215.568,0,203,train,train,train,train,4557f7f5-725e-42ef-90cd-46048b8ee681,ebda55df-2ead-4708-bcb7-8b4785336933,dab1ad75-3ea3-4071-91c4-7a66475599d4,e8bfb6aa-9117-3113-968f-7be076166de2,92fd689a-c9c6-406d-85ef-52d1ed1f77f9,0.8880431335236283,181
661,2124,Cedar Walton,"The Maybeck Recital Series, Vol. 25","You're My Everything - Live At Maybeck Recital Hall, Berkeley, CA  August 9, 1992",live,"data/midi/live/Cedar Walton/The Maybeck Recital Series, Vol. 25/You're My Everything - Live At Maybeck Recital Hall, Berkeley, CA  August 9, 1992.midi","data/audio/live/Cedar Walton/The Maybeck Recital Series, Vol. 25/You're My Everything - Live At Maybeck Recital Hall, Berkeley, CA  August 9, 1992.mp3",https://www.youtube.com/watch?v=aUsk8R4tqU8,249.456,0,237,train,train,train,train,24923e89-1f63-4385-ac10-59c6c67d55c0,fdfdf723-0b9c-4e9f-86f5-063a138c1ed4,115474d3-9d44-4c96-b5d0-00891187c6e8,5f163278-fb61-4945-88fb-35df5635eb44,42d76f00-9ad7-4ae1-bd61-9ceb4ffb298b,0.8583562328253811,20
662,2129,Cedar Walton,"The Maybeck Recital Series, Vol. 25","Zingaro  Caminhos Cruzados - Live At Maybeck Recital Hall, Berkeley, CA  August 9, 1992",live,"data/midi/live/Cedar Walton/The Maybeck Recital Series, Vol. 25/Zingaro  Caminhos Cruzados - Live At Maybeck Recital Hall, Berkeley, CA  August 9, 1992.midi","data/audio/live/Cedar Walton/The Maybeck Recital Series, Vol. 25/Zingaro  Caminhos Cruzados - Live At Maybeck Recital Hall, Berkeley, CA  August 9, 1992.mp3",https://www.youtube.com/watch?v=RYIkWtHO_Lw,439.176,0,426,test,train,train,train,b3f5c6e4-eadb-42b8-852f-222258558e89,fdfdf723-0b9c-4e9f-86f5-063a138c1ed4,115474d3-9d44-4c96-b5d0-00891187c6e8,8f89cd54-2065-4ddc-8687-0967cb0b1753,6c1f71c0-818e-48d1-b640-3711ea69db7a,0.8664011585807386,20
663,2133,George Cables,"The Maybeck Recital Series, Vol. 35","Little B's Poem - Live At Maybeck Recital Hall, Berkeley, CA  January 9, 1994",live,"data/midi/live/George Cables/The Maybeck Recital Series, Vol. 35/Little B's Poem - Live At Maybeck Recital Hall, Berkeley, CA  January 9, 1994.midi","data/audio/live/George Cables/The Maybeck Recital Series, Vol. 35/Little B's Poem - Live At Maybeck Recital Hall, Berkeley, CA  January 9, 1994.mp3",https://www.youtube.com/watch?v=MAtNICvVETE,377.496,0,363,train,train,val,train,,,,,,0.8826006843906292,201
664,2136,Dick Hyman,Music Of 1937 -  Maybeck Recital Hall Series (Vol. 3),"Bob White (Whatcha Gonna Swing Tonight) - Live At The Maybeck Recital Hall, Berkeley, CA  February 14, 1990",live,"data/midi/live/Dick Hyman/Music Of 1937 -  Maybeck Recital Hall Series (Vol. 3)/Bob White (Whatcha Gonna Swing Tonight) - Live At The Maybeck Recital Hall, Berkeley, CA  February 14, 1990.midi","data/audio/live/Dick Hyman/Music Of 1937 -  Maybeck Recital Hall Series (Vol. 3)/Bob White (Whatcha Gonna Swing Tonight) - Live At The Maybeck Recital Hall, Berkeley, CA  February 14, 1990.mp3",https://www.youtube.com/watch?v=qiKMrv8frkY,270.984,0,254,train,train,train,train,e9e2d9b8-87cf-4747-8874-630077f28933,ebda55df-2ead-4708-bcb7-8b4785336933,dab1ad75-3ea3-4071-91c4-7a66475599d4,fc2c5967-126c-3f39-97a1-e4a6534bb7bb,714e3ea5-f097-4c05-b753-1a6e686ce72c,0.9171656686626748,181
665,2145,Andy Laverne,"The Maybeck Recital Series, Vol. 28","Stan Getz In Chappaqua - Live At Maybeck Recital Hall, Berkeley, CA  April 18, 1993",live,"data/midi/live/Andy Laverne/The Maybeck Recital Series, Vol. 28/Stan Getz In Chappaqua - Live At Maybeck Recital Hall, Berkeley, CA  April 18, 1993.midi","data/audio/live/Andy Laverne/The Maybeck Recital Series, Vol. 28/Stan Getz In Chappaqua - Live At Maybeck Recital Hall, Berkeley, CA  April 18, 1993.mp3",https://www.youtube.com/watch?v=RJYd9B_p824,424.992,0,409,train,train,test,val,9280edd7-c811-468d-9f45-3161dff4ffa5,30193593-b13c-4bd1-9d3a-4cec88721e7e,e88ae791-cd20-4298-943a-66fd6d222698,ae83f2aa-dbdb-3382-bf23-9505d4bb63c6,e50054a4-c37e-463d-85da-f3d16424c6d7,0.8998895841001103,102
666,2151,Dick Hyman,House Of Pianos,Sweet Georgia Brown,live,data/midi/live/Dick Hyman/House Of Pianos/Sweet Georgia Brown.midi,data/audio/live/Dick Hyman/House Of Pianos/Sweet Georgia Brown.mp3,https://www.youtube.com/watch?v=2pKGfDBA4wE,362.88,0,353,train,train,train,val,,,,,,0.92475899365154,114
667,2155,Dick Hyman,Solo At The Sacramento Jazz Festivals 1983-1988,S'Wonderful,live,data/midi/live/Dick Hyman/Solo At The Sacramento Jazz Festivals 1983-1988/S'Wonderful.midi,data/audio/live/Dick Hyman/Solo At The Sacramento Jazz Festivals 1983-1988/S'Wonderful.mp3,https://www.youtube.com/watch?v=gaLyQk8wi8U,341.64,0,332,train,train,train,train,,,,,,0.778577326884511,256
668,2156,Dave McKenna,"The Maybeck Recital Series, Vol. 2","I Never Knew - Live At Maybeck Recital Hall, Berkeley, CA  November 1989",live,"data/midi/live/Dave McKenna/The Maybeck Recital Series, Vol. 2/I Never Knew - Live At Maybeck Recital Hall, Berkeley, CA  November 1989.midi","data/audio/live/Dave McKenna/The Maybeck Recital Series, Vol. 2/I Never Knew - Live At Maybeck Recital Hall, Berkeley, CA  November 1989.mp3",https://www.youtube.com/watch?v=F3u-thbRee0,310.344,0,299,val,train,train,val,,02fc08bc-f8b9-4d86-98ba-22db7d5f0950,a048dfa0-5ce1-40ca-bcdf-56f9d56b32ae,f6e5e2a2-14b5-3be4-afc4-79f297f5c064,6194f4a7-e597-4b18-bfd2-75e7b20e39b4,0.8565200666752147,170
669,2157,Hank Jones,"Live At Maybeck Recital Hall, Vol. 16","I Guess I'll Have To Change My Plan - Live At Maybeck Recital Hall, Berkeley, CA  November 11, 1991",live,"data/midi/live/Hank Jones/Live At Maybeck Recital Hall, Vol. 16/I Guess I'll Have To Change My Plan - Live At Maybeck Recital Hall, Berkeley, CA  November 11, 1991.midi","data/audio/live/Hank Jones/Live At Maybeck Recital Hall, Vol. 16/I Guess I'll Have To Change My Plan - Live At Maybeck Recital Hall, Berkeley, CA  November 11, 1991.mp3",https://www.youtube.com/watch?v=idJDjUAvoC8,195.504,0,183,train,train,test,train,afade0e2-bf0f-44b0-b5c5-a9e942333471,6a6d7454-d5cb-4f06-9047-a1edfbfd023f,80d610fe-7771-4226-aa9b-950944791698,f878e2d5-f03c-36ea-82d9-99e48d9f2b27,f6836b52-3927-4d1e-b20b-183c9f0ae470,0.8758943992104613,1
670,2159,Hank Jones,"Live At Maybeck Recital Hall, Vol. 16","Bluesette - Live At Maybeck Recital Hall, Berkeley, CA  November 11, 1991",live,"data/midi/live/Hank Jones/Live At Maybeck Recital Hall, Vol. 16/Bluesette - Live At Maybeck Recital Hall, Berkeley, CA  November 11, 1991.midi","data/audio/live/Hank Jones/Live At Maybeck Recital Hall, Vol. 16/Bluesette - Live At Maybeck Recital Hall, Berkeley, CA  November 11, 1991.mp3",https://www.youtube.com/watch?v=pSC-uYwojOI,187.896,0,174,train,train,test,train,0c27f08d-36c7-46b0-9448-71119fc51d63,6a6d7454-d5cb-4f06-9047-a1edfbfd023f,80d610fe-7771-4226-aa9b-950944791698,4674e6c1-8490-36da-935b-2ff14d134af7,983c4eb1-f2df-4f76-af19-118edf6885ab,0.8832929782082324,1
671,2166,Andy Laverne,"The Maybeck Recital Series, Vol. 28","Moonlight In Vermont - Live At Maybeck Recital Hall, Berkeley, CA  April 18, 1993",live,"data/midi/live/Andy Laverne/The Maybeck Recital Series, Vol. 28/Moonlight In Vermont - Live At Maybeck Recital Hall, Berkeley, CA  April 18, 1993.midi","data/audio/live/Andy Laverne/The Maybeck Recital Series, Vol. 28/Moonlight In Vermont - Live At Maybeck Recital Hall, Berkeley, CA  April 18, 1993.mp3",https://www.youtube.com/watch?v=V_dEYOeGAtQ,396.096,0,385,train,train,test,val,fa16df6a-5294-4692-9535-4803ad371617,30193593-b13c-4bd1-9d3a-4cec88721e7e,e88ae791-cd20-4298-943a-66fd6d222698,7aef41c6-cdfa-32c5-b64e-1aa8e130e5b2,75a89448-f163-406b-aa2a-564a65771a62,0.8711775287117753,102
672,2168,Dave McKenna,"The Maybeck Recital Series, Vol. 2","I'm Glad There Is You  I'm Glad I Waited For You - Live At Maybeck Recital Hall, Berkeley, CA  November 1989",live,"data/midi/live/Dave McKenna/The Maybeck Recital Series, Vol. 2/I'm Glad There Is You  I'm Glad I Waited For You - Live At Maybeck Recital Hall, Berkeley, CA  November 1989.midi","data/audio/live/Dave McKenna/The Maybeck Recital Series, Vol. 2/I'm Glad There Is You  I'm Glad I Waited For You - Live At Maybeck Recital Hall, Berkeley, CA  November 1989.mp3",https://www.youtube.com/watch?v=W5qGCLX30SU,406.296,1,394,train,train,train,val,982211c2-7ed9-458d-bd87-b0b1c36192b5,02fc08bc-f8b9-4d86-98ba-22db7d5f0950,a048dfa0-5ce1-40ca-bcdf-56f9d56b32ae,80cbf9ae-be87-36de-b74c-84914d8db2a9,4686e563-3270-4ef4-b417-b5da118d844e,0.8440730151748405,170
673,2171,Dick Hyman,Music Of 1937 -  Maybeck Recital Hall Series (Vol. 3),"Bei Mir Bist Du Schon - Live At The Maybeck Recital Hall, Berkeley, CA  February 14, 1990",live,"data/midi/live/Dick Hyman/Music Of 1937 -  Maybeck Recital Hall Series (Vol. 3)/Bei Mir Bist Du Schon - Live At The Maybeck Recital Hall, Berkeley, CA  February 14, 1990.midi","data/audio/live/Dick Hyman/Music Of 1937 -  Maybeck Recital Hall Series (Vol. 3)/Bei Mir Bist Du Schon - Live At The Maybeck Recital Hall, Berkeley, CA  February 14, 1990.mp3",https://www.youtube.com/watch?v=p6HF-8dgjRM,323.568,0,308,test,train,train,train,edb3eb54-cf03-45e3-acc3-700cec6ea25b,ebda55df-2ead-4708-bcb7-8b4785336933,dab1ad75-3ea3-4071-91c4-7a66475599d4,7a877900-5e96-334c-83ac-ebe4e8bcbb7b,bd73f73f-0abe-488a-a25c-bf82e4b84d3b,0.9041468388851122,181
674,2175,Dick Hyman,Music Of 1937 -  Maybeck Recital Hall Series (Vol. 3),"Loch Lomand - Live At The Maybeck Recital Hall, Berkeley, CA  February 14, 1990",live,"data/midi/live/Dick Hyman/Music Of 1937 -  Maybeck Recital Hall Series (Vol. 3)/Loch Lomand - Live At The Maybeck Recital Hall, Berkeley, CA  February 14, 1990.midi","data/audio/live/Dick Hyman/Music Of 1937 -  Maybeck Recital Hall Series (Vol. 3)/Loch Lomand - Live At The Maybeck Recital Hall, Berkeley, CA  February 14, 1990.mp3",https://www.youtube.com/watch?v=ElT93StnUqs,173.736,0,163,train,train,train,train,468b6a67-8596-4ede-a733-710a452e1e41,ebda55df-2ead-4708-bcb7-8b4785336933,dab1ad75-3ea3-4071-91c4-7a66475599d4,e7b06ff7-d82d-3b3b-ade1-d8fa7de271c1,2648fde4-0be7-4b04-a650-21f207143eee,0.8668252080856124,181
675,2180,Oscar Peterson,Solo,Sweet Georgia Brown - Live,live,data/midi/live/Oscar Peterson/Solo/Sweet Georgia Brown - Live.midi,data/audio/live/Oscar Peterson/Solo/Sweet Georgia Brown - Live.mp3,https://www.youtube.com/watch?v=o_LsNiqRpzg,272.976,1,249,train,train,train,train,c7212780-5244-4c3c-84a8-add0962b7db6,5d73ad18-ea8f-4011-8093-1e9e2b44ea6a,ed801bdd-f057-41c0-94fb-76cb5676cd59,a950c3e5-dfbf-3c0c-a229-b8fa815b9848,05ca39d5-8782-4ea9-b734-1fef9332a3c1,0.8655502392344497,29
676,2181,Dick Hyman,Solo At The Sacramento Jazz Festivals 1983-1988,Stella By Starlight,live,data/midi/live/Dick Hyman/Solo At The Sacramento Jazz Festivals 1983-1988/Stella By Starlight.midi,data/audio/live/Dick Hyman/Solo At The Sacramento Jazz Festivals 1983-1988/Stella By Starlight.mp3,https://www.youtube.com/watch?v=8euXTuKz3M8,282.576,1,272,train,train,train,train,,,,,,0.7595749938225845,256
677,2184,Andy Laverne,"The Maybeck Recital Series, Vol. 28","Impression For Piano - Live At Maybeck Recital Hall, Berkeley, CA  April 18, 1993",live,"data/midi/live/Andy Laverne/The Maybeck Recital Series, Vol. 28/Impression For Piano - Live At Maybeck Recital Hall, Berkeley, CA  April 18, 1993.midi","data/audio/live/Andy Laverne/The Maybeck Recital Series, Vol. 28/Impression For Piano - Live At Maybeck Recital Hall, Berkeley, CA  April 18, 1993.mp3",https://www.youtube.com/watch?v=mj8HVtQ6Og0,320.832,0,308,train,train,test,test,14364092-565b-4105-8f74-e598f07dbdbd,30193593-b13c-4bd1-9d3a-4cec88721e7e,e88ae791-cd20-4298-943a-66fd6d222698,4eaa39ff-01e3-3b48-b721-5aa2fb5a6617,671019ab-fc4e-4be3-86da-cc575f8c82dc,0.9143539242017308,102
678,2188,Oscar Peterson,Solo,Makin' Whoopee - Live,live,data/midi/live/Oscar Peterson/Solo/Makin' Whoopee - Live.midi,data/audio/live/Oscar Peterson/Solo/Makin' Whoopee - Live.mp3,https://www.youtube.com/watch?v=41xmcZZvqWg,237.576,1,225,train,train,train,train,e3374e67-b7cc-4337-9f19-0f57d869d7f2,5d73ad18-ea8f-4011-8093-1e9e2b44ea6a,ed801bdd-f057-41c0-94fb-76cb5676cd59,c263cd9f-9374-38b9-9129-9105baf51973,7c59b74c-9d9d-4cc3-a8dc-889025a178af,0.8009746088740702,29
679,2189,George Cables,"The Maybeck Recital Series, Vol. 35","Goin' Home - Live At Maybeck Recital Hall, Berkeley, CA  January 9, 1994",live,"data/midi/live/George Cables/The Maybeck Recital Series, Vol. 35/Goin' Home - Live At Maybeck Recital Hall, Berkeley, CA  January 9, 1994.midi","data/audio/live/George Cables/The Maybeck Recital Series, Vol. 35/Goin' Home - Live At Maybeck Recital Hall, Berkeley, CA  January 9, 1994.mp3",https://www.youtube.com/watch?v=F_Y4IzxLPrM,400.032,0,388,train,train,test,train,,,,,,0.8836017569546121,201
680,2192,Dick Hyman,There Will Never Be Another You (Piano Solo) [Live],Spring Is Here,live,data/midi/live/Dick Hyman/There Will Never Be Another You (Piano Solo) [Live]/Spring Is Here.midi,data/audio/live/Dick Hyman/There Will Never Be Another You (Piano Solo) [Live]/Spring Is Here.mp3,https://www.youtube.com/watch?v=A8Fl2OdELIE,568.872,0,553,train,train,val,train,355e8f2e-0efd-43c1-831e-bde8ea0fe393,ce90077c-511b-44a3-a59a-3f3ace61a1b7,dab1ad75-3ea3-4071-91c4-7a66475599d4,240f3112-6607-348e-b6c8-199c8a4cc06f,07912bfc-af82-4d37-8b3c-afbfc85e4261,0.9308811641067096,151
681,2200,Oscar Peterson,Solo,Who Can I Turn To (When Nobody Needs Me) - Live,live,data/midi/live/Oscar Peterson/Solo/Who Can I Turn To (When Nobody Needs Me) - Live.midi,data/audio/live/Oscar Peterson/Solo/Who Can I Turn To (When Nobody Needs Me) - Live.mp3,https://www.youtube.com/watch?v=PiAsxFQbj8c,285.456,0,268,train,train,train,train,42b4a497-1504-482d-ae2c-187f42102004,5d73ad18-ea8f-4011-8093-1e9e2b44ea6a,ed801bdd-f057-41c0-94fb-76cb5676cd59,fd6caf29-56c6-3a1f-825d-8299e4b50648,3d2d2384-33c8-4c3c-91dd-76ab5c4cb2c8,0.8620102214650767,29
682,2205,Dick Hyman,"Hyman, Dick -  Live from Toronto's Cafe des Copains","Marianne -  Just You, Just Me -  Just You, Just Me",live,"data/midi/live/Dick Hyman/Hyman, Dick -  Live from Toronto's Cafe des Copains/Marianne -  Just You, Just Me -  Just You, Just Me.midi","data/audio/live/Dick Hyman/Hyman, Dick -  Live from Toronto's Cafe des Copains/Marianne -  Just You, Just Me -  Just You, Just Me.mp3",https://www.youtube.com/watch?v=hopLrovFF4s,233.976,0,223,train,train,train,train,,,,,,0.9252130877096508,76
683,2208,Dick Hyman,"Hyman, Dick -  Live from Toronto's Cafe des Copains",By Jupiter -  Ev'rything I've Got,live,"data/midi/live/Dick Hyman/Hyman, Dick -  Live from Toronto's Cafe des Copains/By Jupiter -  Ev'rything I've Got.midi","data/audio/live/Dick Hyman/Hyman, Dick -  Live from Toronto's Cafe des Copains/By Jupiter -  Ev'rything I've Got.mp3",https://www.youtube.com/watch?v=A20Y089UlpU,345.912,0,337,train,train,train,train,,,,,,0.9344911250159622,76
684,2211,Hank Jones,"Live At Maybeck Recital Hall, Vol. 16","The Very Thought Of You - Live At Maybeck Recital Hall, Berkeley, CA  November 11, 1991",live,"data/midi/live/Hank Jones/Live At Maybeck Recital Hall, Vol. 16/The Very Thought Of You - Live At Maybeck Recital Hall, Berkeley, CA  November 11, 1991.midi","data/audio/live/Hank Jones/Live At Maybeck Recital Hall, Vol. 16/The Very Thought Of You - Live At Maybeck Recital Hall, Berkeley, CA  November 11, 1991.mp3",https://www.youtube.com/watch?v=2oIFH7XDNH8,300.168,0,283,train,train,test,train,21843e25-23c3-464c-b601-ecc1fc265f3e,6a6d7454-d5cb-4f06-9047-a1edfbfd023f,80d610fe-7771-4226-aa9b-950944791698,5b0acda9-fa7d-367a-ae66-1cd62b70a99b,d43418a0-dd39-4e08-bc08-9da812d4d29d,0.8949955317247543,1
685,2221,Oscar Peterson,Solo,Yesterdays - Live,live,data/midi/live/Oscar Peterson/Solo/Yesterdays - Live.midi,data/audio/live/Oscar Peterson/Solo/Yesterdays - Live.mp3,https://www.youtube.com/watch?v=2ZI2ExsbSeA,224.28,0,218,train,train,train,train,a65f8679-beb8-4ecb-a783-c20979856121,5d73ad18-ea8f-4011-8093-1e9e2b44ea6a,ed801bdd-f057-41c0-94fb-76cb5676cd59,b7e5fd2e-19fd-3b7f-aca1-111e03663795,6443d63e-dd52-4d0a-be5e-169ecbaed71c,0.8770463253221875,29
686,2226,Dick Hyman,In Concert at the Old Mill Inn,I Can't Get Started,live,data/midi/live/Dick Hyman/In Concert at the Old Mill Inn/I Can't Get Started.midi,data/audio/live/Dick Hyman/In Concert at the Old Mill Inn/I Can't Get Started.mp3,https://www.youtube.com/watch?v=1OKbUZFXpqk,471.312,0,458,train,train,train,train,,,,,,0.9193860147811256,18
687,2230,Dick Hyman,Solo At The Sacramento Jazz Festivals 1983-1988,All The Things You Are,live,data/midi/live/Dick Hyman/Solo At The Sacramento Jazz Festivals 1983-1988/All The Things You Are.midi,data/audio/live/Dick Hyman/Solo At The Sacramento Jazz Festivals 1983-1988/All The Things You Are.mp3,https://www.youtube.com/watch?v=T_4tclnzSOM,449.328,0,437,val,train,train,train,,,,,,0.9326675745195944,256
688,2236,Dick Hyman,Music Of 1937 -  Maybeck Recital Hall Series (Vol. 3),"The Folks Who Live On The Hill - Live At The Maybeck Recital Hall, Berkeley, CA  February 14, 1990",live,"data/midi/live/Dick Hyman/Music Of 1937 -  Maybeck Recital Hall Series (Vol. 3)/The Folks Who Live On The Hill - Live At The Maybeck Recital Hall, Berkeley, CA  February 14, 1990.midi","data/audio/live/Dick Hyman/Music Of 1937 -  Maybeck Recital Hall Series (Vol. 3)/The Folks Who Live On The Hill - Live At The Maybeck Recital Hall, Berkeley, CA  February 14, 1990.mp3",https://www.youtube.com/watch?v=q7YmZUWQlyE,365.664,0,349,val,train,train,train,d2ee42f0-f63f-4798-aa6d-13898db6727d,ebda55df-2ead-4708-bcb7-8b4785336933,dab1ad75-3ea3-4071-91c4-7a66475599d4,2e6345fd-7947-38ba-924a-644b75e5bb0c,c9c80957-0b95-46b6-8236-f4263ea5136c,0.8839214433977327,181
689,2241,Dick Hyman,"Hyman, Dick -  Live from Toronto's Cafe des Copains",The Purple Rose of Cairo -  Carousel Memories,live,"data/midi/live/Dick Hyman/Hyman, Dick -  Live from Toronto's Cafe des Copains/The Purple Rose of Cairo -  Carousel Memories.midi","data/audio/live/Dick Hyman/Hyman, Dick -  Live from Toronto's Cafe des Copains/The Purple Rose of Cairo -  Carousel Memories.mp3",https://www.youtube.com/watch?v=ZeN3-Bb436M,188.232,0,177,test,train,train,train,,,,,,0.9078321073128516,76
690,2258,Dick Hyman,"Hyman, Dick -  Live from Toronto's Cafe des Copains",The Jazz Singer -  Blues Skies,live,"data/midi/live/Dick Hyman/Hyman, Dick -  Live from Toronto's Cafe des Copains/The Jazz Singer -  Blues Skies.midi","data/audio/live/Dick Hyman/Hyman, Dick -  Live from Toronto's Cafe des Copains/The Jazz Singer -  Blues Skies.mp3",https://www.youtube.com/watch?v=y-CoumbPv34,452.904,0,440,val,train,train,train,,,,,,0.944961093186563,76
691,2269,Dick Hyman,Solo At The Sacramento Jazz Festivals 1983-1988,Pilgrim's Chorus,live,data/midi/live/Dick Hyman/Solo At The Sacramento Jazz Festivals 1983-1988/Pilgrim's Chorus.midi,data/audio/live/Dick Hyman/Solo At The Sacramento Jazz Festivals 1983-1988/Pilgrim's Chorus.mp3,https://www.youtube.com/watch?v=q58oB0VfjlE,203.184,0,194,test,train,train,train,,,,,,0.8447662289851516,256
692,2270,Dick Hyman,Solo At The Sacramento Jazz Festivals 1983-1988,Gulf Coast Blues,live,data/midi/live/Dick Hyman/Solo At The Sacramento Jazz Festivals 1983-1988/Gulf Coast Blues.midi,data/audio/live/Dick Hyman/Solo At The Sacramento Jazz Festivals 1983-1988/Gulf Coast Blues.mp3,https://www.youtube.com/watch?v=ixgKjaOWw0c,235.992,0,224,train,train,train,train,,,,,,0.7881944444444444,256
693,2277,Dick Hyman,There Will Never Be Another You (Piano Solo) [Live],Skylark,live,data/midi/live/Dick Hyman/There Will Never Be Another You (Piano Solo) [Live]/Skylark.midi,data/audio/live/Dick Hyman/There Will Never Be Another You (Piano Solo) [Live]/Skylark.mp3,https://www.youtube.com/watch?v=gQohDx_O74Y,254.04,0,238,val,train,test,train,db0e28f8-1f69-46a8-8849-82152015bae0,ce90077c-511b-44a3-a59a-3f3ace61a1b7,dab1ad75-3ea3-4071-91c4-7a66475599d4,9ae9331b-3baa-3940-88ba-c973e76247ef,ca5408f9-03e0-48f0-bff8-7fb99ca4c997,0.9403166869671132,151
694,2279,Dave McKenna,"The Maybeck Recital Series, Vol. 2","Knowledge Medley, Part 2 - Live At Maybeck Recital Hall, Berkeley, CA  November 1989",live,"data/midi/live/Dave McKenna/The Maybeck Recital Series, Vol. 2/Knowledge Medley, Part 2 - Live At Maybeck Recital Hall, Berkeley, CA  November 1989.midi","data/audio/live/Dave McKenna/The Maybeck Recital Series, Vol. 2/Knowledge Medley, Part 2 - Live At Maybeck Recital Hall, Berkeley, CA  November 1989.mp3",https://www.youtube.com/watch?v=Dh_cFY6rFQ4,539.04,0,523,test,train,train,test,f9e0ca7d-4372-4024-a8d2-d7ec2281cd32,02fc08bc-f8b9-4d86-98ba-22db7d5f0950,a048dfa0-5ce1-40ca-bcdf-56f9d56b32ae,df319f18-a793-31e2-9b7f-9c0182ce0d9c,293bdef9-d444-4c16-92eb-aeba265c6879,0.828145885048692,170
695,2282,Oscar Peterson,Solo,Hogtown Blues - Live,live,data/midi/live/Oscar Peterson/Solo/Hogtown Blues - Live.midi,data/audio/live/Oscar Peterson/Solo/Hogtown Blues - Live.mp3,https://www.youtube.com/watch?v=M8kN0UCuMy4,344.4,0,322,train,train,train,train,5bb89b86-94a4-44cc-9958-be68f952200e,5d73ad18-ea8f-4011-8093-1e9e2b44ea6a,ed801bdd-f057-41c0-94fb-76cb5676cd59,bb34bc57-2dd0-3610-86c3-ce344d361b9e,62246f5e-725a-4eaf-bf9b-f630aebea72b,0.8558763355308024,29
696,2291,Dick Hyman,House Of Pianos,Beat the Clock Theme,live,data/midi/live/Dick Hyman/House Of Pianos/Beat the Clock Theme.midi,data/audio/live/Dick Hyman/House Of Pianos/Beat the Clock Theme.mp3,https://www.youtube.com/watch?v=dDAsE3vP6os,115.8,0,108,train,train,train,test,,,,,,0.8796050132928219,114
697,2293,Oscar Peterson,Solo,Mirage - Live,live,data/midi/live/Oscar Peterson/Solo/Mirage - Live.midi,data/audio/live/Oscar Peterson/Solo/Mirage - Live.mp3,https://www.youtube.com/watch?v=AJ0PEO_omyU,376.608,1,355,train,train,train,train,a7cbbcb1-f7a1-4c5f-8018-e8dfc35c3555,5d73ad18-ea8f-4011-8093-1e9e2b44ea6a,ed801bdd-f057-41c0-94fb-76cb5676cd59,b0a14971-024a-3e47-a18b-5798553e17a0,c6ec52d7-47c7-40cd-aff9-5a185bbcd742,0.8890420399724328,29
698,2298,Dick Hyman,Solo At The Sacramento Jazz Festivals 1983-1988,Carolina Balmoral,live,data/midi/live/Dick Hyman/Solo At The Sacramento Jazz Festivals 1983-1988/Carolina Balmoral.midi,data/audio/live/Dick Hyman/Solo At The Sacramento Jazz Festivals 1983-1988/Carolina Balmoral.mp3,https://www.youtube.com/watch?v=FEo1Y4V7r9Y,147.312,0,141,train,train,train,train,,,,,,0.4725696181424045,256
699,2301,Hank Jones,"Live At Maybeck Recital Hall, Vol. 16","Six & Four - Live At Maybeck Recital Hall, Berkeley, CA  November 11, 1991",live,"data/midi/live/Hank Jones/Live At Maybeck Recital Hall, Vol. 16/Six & Four - Live At Maybeck Recital Hall, Berkeley, CA  November 11, 1991.midi","data/audio/live/Hank Jones/Live At Maybeck Recital Hall, Vol. 16/Six & Four - Live At Maybeck Recital Hall, Berkeley, CA  November 11, 1991.mp3",https://www.youtube.com/watch?v=KM06qaWusDo,223.56,0,211,train,train,test,train,b3c481c7-b168-4455-8c4e-52f8394c0cce,6a6d7454-d5cb-4f06-9047-a1edfbfd023f,80d610fe-7771-4226-aa9b-950944791698,82519433-14d2-39ec-b7af-bee13580d597,5e9fccf0-afa3-497a-85d8-1ec9cfefd7d9,0.9069469366829018,1
700,2307,Hank Jones,"Live At Maybeck Recital Hall, Vol. 16","What Is This Thing Called Love - Live At Maybeck Recital Hall, Berkeley, CA  November 11, 1991",live,"data/midi/live/Hank Jones/Live At Maybeck Recital Hall, Vol. 16/What Is This Thing Called Love - Live At Maybeck Recital Hall, Berkeley, CA  November 11, 1991.midi","data/audio/live/Hank Jones/Live At Maybeck Recital Hall, Vol. 16/What Is This Thing Called Love - Live At Maybeck Recital Hall, Berkeley, CA  November 11, 1991.mp3",https://www.youtube.com/watch?v=Gj7pN6r0Ea8,214.872,0,201,train,train,val,train,,,,,,0.8731434136839543,1
701,2320,Andy Laverne,"The Maybeck Recital Series, Vol. 28","Star Eyes - Live At Maybeck Recital Hall, Berkeley, CA  April 18, 1993",live,"data/midi/live/Andy Laverne/The Maybeck Recital Series, Vol. 28/Star Eyes - Live At Maybeck Recital Hall, Berkeley, CA  April 18, 1993.midi","data/audio/live/Andy Laverne/The Maybeck Recital Series, Vol. 28/Star Eyes - Live At Maybeck Recital Hall, Berkeley, CA  April 18, 1993.mp3",https://www.youtube.com/watch?v=SvaFa3fhI48,366.504,0,354,train,train,val,test,f55fcb3d-83d4-4be7-a1d6-969865900301,30193593-b13c-4bd1-9d3a-4cec88721e7e,e88ae791-cd20-4298-943a-66fd6d222698,2bdc1563-e20a-3943-9d15-45c58b8b8224,64740f70-70ca-49f5-a742-93a03acd7b60,0.9255131964809384,102
702,2333,Dick Hyman,There Will Never Be Another You (Piano Solo) [Live],Shine,live,data/midi/live/Dick Hyman/There Will Never Be Another You (Piano Solo) [Live]/Shine.midi,data/audio/live/Dick Hyman/There Will Never Be Another You (Piano Solo) [Live]/Shine.mp3,https://www.youtube.com/watch?v=u1nAPI23iRQ,190.2,0,173,val,train,val,train,fbea1a9d-4092-479b-99ec-7d07ed164515,ce90077c-511b-44a3-a59a-3f3ace61a1b7,dab1ad75-3ea3-4071-91c4-7a66475599d4,5e5160c4-0d17-32a2-aa86-db41d0ee4871,1061394e-6374-4031-8e63-2b8ac68f80d0,0.9346733668341708,151
703,2347,Cedar Walton,"The Maybeck Recital Series, Vol. 25","I'm Old Fashioned - Live At Maybeck Recital Hall, Berkeley, CA  August 9, 1992",live,"data/midi/live/Cedar Walton/The Maybeck Recital Series, Vol. 25/I'm Old Fashioned - Live At Maybeck Recital Hall, Berkeley, CA  August 9, 1992.midi","data/audio/live/Cedar Walton/The Maybeck Recital Series, Vol. 25/I'm Old Fashioned - Live At Maybeck Recital Hall, Berkeley, CA  August 9, 1992.mp3",https://www.youtube.com/watch?v=YlJFO8pVmh4,231.672,0,221,train,train,train,train,ac88a3d7-a20b-449d-9d6a-e9e295655544,fdfdf723-0b9c-4e9f-86f5-063a138c1ed4,115474d3-9d44-4c96-b5d0-00891187c6e8,81c240d1-d351-49d2-8b33-6460ad9c6281,98638e35-18cf-43d7-b8b8-031bc5535e4c,0.8906714200831848,20
704,2351,Dick Hyman,In Concert at the Old Mill Inn,Honeysuckle Rose,live,data/midi/live/Dick Hyman/In Concert at the Old Mill Inn/Honeysuckle Rose.midi,data/audio/live/Dick Hyman/In Concert at the Old Mill Inn/Honeysuckle Rose.mp3,https://www.youtube.com/watch?v=Nw6Iz-AngNc,435.96,3,421,train,train,train,train,,,,,,0.9301848049281316,18
705,2357,Dick Hyman,There Will Never Be Another You (Piano Solo) [Live],There Will Never Be Another You,live,data/midi/live/Dick Hyman/There Will Never Be Another You (Piano Solo) [Live]/There Will Never Be Another You.midi,data/audio/live/Dick Hyman/There Will Never Be Another You (Piano Solo) [Live]/There Will Never Be Another You.mp3,https://www.youtube.com/watch?v=oP2ObQDN9kA,368.04,0,354,train,train,val,train,fa8c8e7d-74e5-4576-992b-1b99283ab7b8,ce90077c-511b-44a3-a59a-3f3ace61a1b7,dab1ad75-3ea3-4071-91c4-7a66475599d4,6ec46b46-d210-331f-bf42-0b647cbfdfca,7f797454-dc5e-450c-bb8b-730c17635d4f,0.9344007115855014,151
706,2360,Dick Hyman,In Concert at the Old Mill Inn,Blackbird,live,data/midi/live/Dick Hyman/In Concert at the Old Mill Inn/Blackbird.midi,data/audio/live/Dick Hyman/In Concert at the Old Mill Inn/Blackbird.mp3,https://www.youtube.com/watch?v=4Yx06v2g_WM,193.728,0,182,train,train,train,train,,,,,,0.9014503532911864,18
707,2363,Andy Laverne,"The Maybeck Recital Series, Vol. 28","Sweet And Lovely - Live At Maybeck Recital Hall, Berkeley, CA  April 18, 1993",live,"data/midi/live/Andy Laverne/The Maybeck Recital Series, Vol. 28/Sweet And Lovely - Live At Maybeck Recital Hall, Berkeley, CA  April 18, 1993.midi","data/audio/live/Andy Laverne/The Maybeck Recital Series, Vol. 28/Sweet And Lovely - Live At Maybeck Recital Hall, Berkeley, CA  April 18, 1993.mp3",https://www.youtube.com/watch?v=H9JcNCxV508,357.384,0,345,test,train,val,val,4cc7d223-b0b6-444d-8d3e-546a3df34b7c,30193593-b13c-4bd1-9d3a-4cec88721e7e,e88ae791-cd20-4298-943a-66fd6d222698,4474df76-b4f7-385c-a580-8353ef7a2427,757a3bfb-7b89-49f4-8eb5-8ac72c4c13c5,0.9269427640763146,102
708,2364,Dick Hyman,Music Of 1937 -  Maybeck Recital Hall Series (Vol. 3),"Where Or When - Live At The Maybeck Recital Hall, Berkeley, CA  February 14, 1990",live,"data/midi/live/Dick Hyman/Music Of 1937 -  Maybeck Recital Hall Series (Vol. 3)/Where Or When - Live At The Maybeck Recital Hall, Berkeley, CA  February 14, 1990.midi","data/audio/live/Dick Hyman/Music Of 1937 -  Maybeck Recital Hall Series (Vol. 3)/Where Or When - Live At The Maybeck Recital Hall, Berkeley, CA  February 14, 1990.mp3",https://www.youtube.com/watch?v=7HEqKfvGcXE,246.12,0,230,val,train,train,train,ec0e910d-81b0-4266-af0f-874a607aa73d,ebda55df-2ead-4708-bcb7-8b4785336933,dab1ad75-3ea3-4071-91c4-7a66475599d4,f05d2b75-b52f-3c42-8c2a-c12183491461,ad0da504-ceff-451b-8c88-21f0acdad262,0.8925487045591484,181
709,2369,George Cables,"The Maybeck Recital Series, Vol. 35","Over The Rainbow - Live At Maybeck Recital Hall, Berkeley, CA  January 9, 1994",live,"data/midi/live/George Cables/The Maybeck Recital Series, Vol. 35/Over The Rainbow - Live At Maybeck Recital Hall, Berkeley, CA  January 9, 1994.midi","data/audio/live/George Cables/The Maybeck Recital Series, Vol. 35/Over The Rainbow - Live At Maybeck Recital Hall, Berkeley, CA  January 9, 1994.mp3",https://www.youtube.com/watch?v=HCcS2V-U0YY,441.36,0,426,val,train,test,train,,,,,,0.8931094019777115,201
710,2378,Dick Hyman,"Hyman, Dick -  Live from Toronto's Cafe des Copains",Froggie Moore -  Frog-I-More Rag,live,"data/midi/live/Dick Hyman/Hyman, Dick -  Live from Toronto's Cafe des Copains/Froggie Moore -  Frog-I-More Rag.midi","data/audio/live/Dick Hyman/Hyman, Dick -  Live from Toronto's Cafe des Copains/Froggie Moore -  Frog-I-More Rag.mp3",https://www.youtube.com/watch?v=0BkNUoUEfG0,312.84,0,300,train,train,train,train,,,,,,0.9336216216216215,76
711,2384,Dick Hyman,Solo At The Sacramento Jazz Festivals 1983-1988,How High the Moon,live,data/midi/live/Dick Hyman/Solo At The Sacramento Jazz Festivals 1983-1988/How High the Moon.midi,data/audio/live/Dick Hyman/Solo At The Sacramento Jazz Festivals 1983-1988/How High the Moon.mp3,https://www.youtube.com/watch?v=wj51feuhJOE,356.376,0,344,train,train,train,train,,,,,,0.5577063254231797,256
712,2386,Andy Laverne,"The Maybeck Recital Series, Vol. 28","My Melancholy Baby - Live At Maybeck Recital Hall, Berkeley, CA  April 18, 1993",live,"data/midi/live/Andy Laverne/The Maybeck Recital Series, Vol. 28/My Melancholy Baby - Live At Maybeck Recital Hall, Berkeley, CA  April 18, 1993.midi","data/audio/live/Andy Laverne/The Maybeck Recital Series, Vol. 28/My Melancholy Baby - Live At Maybeck Recital Hall, Berkeley, CA  April 18, 1993.mp3",https://www.youtube.com/watch?v=cvRmQ58ewrg,255.216,0,242,train,train,val,test,7b715c99-b4ed-4398-ba15-7fa4dc27ba0a,30193593-b13c-4bd1-9d3a-4cec88721e7e,e88ae791-cd20-4298-943a-66fd6d222698,daf78c69-1fbc-3d10-8df7-17a3bcf5bf0e,fdd9253d-2939-4551-8012-3c8197e034a0,0.8940242763772176,102
713,2396,Cedar Walton,"The Maybeck Recital Series, Vol. 25","The Maybeck Blues - Live At Maybeck Recital Hall, Berkeley, CA  August 9, 1992",live,"data/midi/live/Cedar Walton/The Maybeck Recital Series, Vol. 25/The Maybeck Blues - Live At Maybeck Recital Hall, Berkeley, CA  August 9, 1992.midi","data/audio/live/Cedar Walton/The Maybeck Recital Series, Vol. 25/The Maybeck Blues - Live At Maybeck Recital Hall, Berkeley, CA  August 9, 1992.mp3",https://www.youtube.com/watch?v=VfN74QhhMQ8,241.464,0,234,train,train,train,train,cf175436-894e-486a-a6b9-0d88ff12b0c8,fdfdf723-0b9c-4e9f-86f5-063a138c1ed4,115474d3-9d44-4c96-b5d0-00891187c6e8,55e48046-57f0-4448-87a4-ef64825d587a,57157664-b7e7-4ed0-b1b9-184266f54a26,0.8761190922340204,20
714,2397,Dick Hyman,In Concert at the Old Mill Inn,Christopher Columbus,live,data/midi/live/Dick Hyman/In Concert at the Old Mill Inn/Christopher Columbus.midi,data/audio/live/Dick Hyman/In Concert at the Old Mill Inn/Christopher Columbus.mp3,https://www.youtube.com/watch?v=GJpBVcDGaiQ,353.64,0,341,test,train,train,train,,,,,,0.9098914000587028,18
715,2401,Dick Hyman,Music Of 1937 -  Maybeck Recital Hall Series (Vol. 3),"In The Still Of The Night - Live At The Maybeck Recital Hall, Berkeley, CA  February 14, 1990",live,"data/midi/live/Dick Hyman/Music Of 1937 -  Maybeck Recital Hall Series (Vol. 3)/In The Still Of The Night - Live At The Maybeck Recital Hall, Berkeley, CA  February 14, 1990.midi","data/audio/live/Dick Hyman/Music Of 1937 -  Maybeck Recital Hall Series (Vol. 3)/In The Still Of The Night - Live At The Maybeck Recital Hall, Berkeley, CA  February 14, 1990.mp3",https://www.youtube.com/watch?v=iD1osk4lkZ8,311.904,0,296,train,train,train,train,d3ee5dbd-5e64-41d7-a076-eafaf17cb595,ebda55df-2ead-4708-bcb7-8b4785336933,dab1ad75-3ea3-4071-91c4-7a66475599d4,6fe2c709-7289-3497-bd6d-38892e48d7d4,903ab5c1-f505-461e-9cdc-70af9f81432f,0.908262275801235,181
716,2402,Dick Hyman,"Hyman, Dick -  Live from Toronto's Cafe des Copains",What is this thing called love -  What Is This Thing Called Love,live,"data/midi/live/Dick Hyman/Hyman, Dick -  Live from Toronto's Cafe des Copains/What is this thing called love -  What Is This Thing Called Love.midi","data/audio/live/Dick Hyman/Hyman, Dick -  Live from Toronto's Cafe des Copains/What is this thing called love -  What Is This Thing Called Love.mp3",https://www.youtube.com/watch?v=HKVqTXHmGLk,232.608,0,223,train,train,train,train,,,,,,0.9460516028146988,76
717,2405,Dick Hyman,In Concert at the Old Mill Inn,Undecided,live,data/midi/live/Dick Hyman/In Concert at the Old Mill Inn/Undecided.midi,data/audio/live/Dick Hyman/In Concert at the Old Mill Inn/Undecided.mp3,https://www.youtube.com/watch?v=e-FCOtSx_GA,408.984,0,395,train,train,train,train,,,,,,0.9308447513216096,18
718,2410,Dave McKenna,"The Maybeck Recital Series, Vol. 2","Limehouse Blues - Live At Maybeck Recital Hall, Berkeley, CA  November 1989",live,"data/midi/live/Dave McKenna/The Maybeck Recital Series, Vol. 2/Limehouse Blues - Live At Maybeck Recital Hall, Berkeley, CA  November 1989.midi","data/audio/live/Dave McKenna/The Maybeck Recital Series, Vol. 2/Limehouse Blues - Live At Maybeck Recital Hall, Berkeley, CA  November 1989.mp3",https://www.youtube.com/watch?v=-NDpiOH-EqY,330.192,3,311,train,train,train,test,,02fc08bc-f8b9-4d86-98ba-22db7d5f0950,a048dfa0-5ce1-40ca-bcdf-56f9d56b32ae,b303a09f-965c-36c7-af62-543c430a50a7,482e0fc3-3b74-49ca-b8f0-84aac3085094,0.8211314475873545,170
719,2413,Cedar Walton,"The Maybeck Recital Series, Vol. 25","Darn That Dream - Live At Maybeck Recital Hall, Berkeley, CA  August 9, 1992",live,"data/midi/live/Cedar Walton/The Maybeck Recital Series, Vol. 25/Darn That Dream - Live At Maybeck Recital Hall, Berkeley, CA  August 9, 1992.midi","data/audio/live/Cedar Walton/The Maybeck Recital Series, Vol. 25/Darn That Dream - Live At Maybeck Recital Hall, Berkeley, CA  August 9, 1992.mp3",https://www.youtube.com/watch?v=rILago7lipU,304.32,1,292,val,train,train,train,877c8aab-f1c8-47f3-a75a-254a89847200,fdfdf723-0b9c-4e9f-86f5-063a138c1ed4,115474d3-9d44-4c96-b5d0-00891187c6e8,ca6d619d-e19c-43f1-8635-95f6fa387f03,6fd9d345-5e3c-4c3c-a02c-8545b28c4284,0.877090909090909,20
720,2414,Cedar Walton,"The Maybeck Recital Series, Vol. 25","Just One Of Those Things - Live At Maybeck Recital Hall, Berkeley, CA  August 9, 1992",live,"data/midi/live/Cedar Walton/The Maybeck Recital Series, Vol. 25/Just One Of Those Things - Live At Maybeck Recital Hall, Berkeley, CA  August 9, 1992.midi","data/audio/live/Cedar Walton/The Maybeck Recital Series, Vol. 25/Just One Of Those Things - Live At Maybeck Recital Hall, Berkeley, CA  August 9, 1992.mp3",https://www.youtube.com/watch?v=XGDPU5N9E1U,340.56,0,326,test,train,train,train,9d81badf-ba25-4269-bee7-2494aaa392a6,fdfdf723-0b9c-4e9f-86f5-063a138c1ed4,115474d3-9d44-4c96-b5d0-00891187c6e8,e67405c1-7e5e-4ced-962b-59f3c6b6ccd4,30a9faca-5c09-4756-92b0-f8fedcd16c20,0.8526249209361163,20
721,2417,Dick Hyman,In Concert at the Old Mill Inn,Ocean Langour,live,data/midi/live/Dick Hyman/In Concert at the Old Mill Inn/Ocean Langour.midi,data/audio/live/Dick Hyman/In Concert at the Old Mill Inn/Ocean Langour.mp3,https://www.youtube.com/watch?v=xHjd0D1GDqY,138.816,0,128,train,train,train,train,,,,,,0.918213058419244,18
722,2420,Dick Hyman,There Will Never Be Another You (Piano Solo) [Live],Here's That Rainy da Again,live,data/midi/live/Dick Hyman/There Will Never Be Another You (Piano Solo) [Live]/Here's That Rainy da Again.midi,data/audio/live/Dick Hyman/There Will Never Be Another You (Piano Solo) [Live]/Here's That Rainy da Again.mp3,https://www.youtube.com/watch?v=kvyuyWui8Qo,415.704,8,401,test,train,test,train,8f270553-8fcb-4e05-a3eb-110d4ab92a69,ce90077c-511b-44a3-a59a-3f3ace61a1b7,dab1ad75-3ea3-4071-91c4-7a66475599d4,0d36e0b5-6afb-3d55-9f2c-40405f548379,d9a9556c-8b11-48f5-a61e-57bd16996030,0.9356435643564356,151
723,2421,Dick Hyman,"Hyman, Dick -  Live from Toronto's Cafe des Copains",Shadowland,live,"data/midi/live/Dick Hyman/Hyman, Dick -  Live from Toronto's Cafe des Copains/Shadowland.midi","data/audio/live/Dick Hyman/Hyman, Dick -  Live from Toronto's Cafe des Copains/Shadowland.mp3",https://www.youtube.com/watch?v=cs3mi6q_1vA,221.712,0,209,train,train,train,train,,,,,,0.9180522565320666,76
724,2427,Hank Jones,"Live At Maybeck Recital Hall, Vol. 16","It's The Talk Of The Town - Live At Maybeck Recital Hall, Berkeley, CA  November 11, 1991",live,"data/midi/live/Hank Jones/Live At Maybeck Recital Hall, Vol. 16/It's The Talk Of The Town - Live At Maybeck Recital Hall, Berkeley, CA  November 11, 1991.midi","data/audio/live/Hank Jones/Live At Maybeck Recital Hall, Vol. 16/It's The Talk Of The Town - Live At Maybeck Recital Hall, Berkeley, CA  November 11, 1991.mp3",https://www.youtube.com/watch?v=w-P9mTx-BfY,227.064,0,214,train,train,test,train,27e7419b-396d-4aee-8302-c8f80522200c,6a6d7454-d5cb-4f06-9047-a1edfbfd023f,80d610fe-7771-4226-aa9b-950944791698,aa50e91b-63b6-3038-902d-d4902dfa696c,41070784-d2b5-4d74-883a-09fe285454a4,0.8829854522454142,1
725,2429,Dick Hyman,Music Of 1937 -  Maybeck Recital Hall Series (Vol. 3),"My Funny Valentine - Live At The Maybeck Recital Hall, Berkeley, CA  February 14, 1990",live,"data/midi/live/Dick Hyman/Music Of 1937 -  Maybeck Recital Hall Series (Vol. 3)/My Funny Valentine - Live At The Maybeck Recital Hall, Berkeley, CA  February 14, 1990.midi","data/audio/live/Dick Hyman/Music Of 1937 -  Maybeck Recital Hall Series (Vol. 3)/My Funny Valentine - Live At The Maybeck Recital Hall, Berkeley, CA  February 14, 1990.mp3",https://www.youtube.com/watch?v=dHpWorwczAE,279.576,0,274,train,train,train,train,9fa33aae-fe18-4b91-98f6-e42d847cb288,ebda55df-2ead-4708-bcb7-8b4785336933,dab1ad75-3ea3-4071-91c4-7a66475599d4,4e71440f-0272-39ba-a229-3b6ec8f1e21c,35577a71-86ef-42eb-87c9-447fe216b836,0.8838369836429166,181
726,2434,Dave McKenna,"The Maybeck Recital Series, Vol. 2","'C' Jam Blues - Live At Maybeck Recital Hall, Berkeley, CA  November 1989",live,"data/midi/live/Dave McKenna/The Maybeck Recital Series, Vol. 2/'C' Jam Blues - Live At Maybeck Recital Hall, Berkeley, CA  November 1989.midi","data/audio/live/Dave McKenna/The Maybeck Recital Series, Vol. 2/'C' Jam Blues - Live At Maybeck Recital Hall, Berkeley, CA  November 1989.mp3",https://www.youtube.com/watch?v=PheehHBmd9c,417.696,0,387,train,train,train,test,328b3bf0-b844-4b48-a773-ee8bd55b7bc0,02fc08bc-f8b9-4d86-98ba-22db7d5f0950,a048dfa0-5ce1-40ca-bcdf-56f9d56b32ae,69c7923d-4b22-3f78-9281-54c00b5e2fea,6aff3bdf-9526-4d7d-a2d2-55ee4ad5c3d6,0.8353579175704989,170
727,2439,Andy Laverne,"The Maybeck Recital Series, Vol. 28","Yesterdays - Live At Maybeck Recital Hall, Berkeley, CA  April 18, 1993",live,"data/midi/live/Andy Laverne/The Maybeck Recital Series, Vol. 28/Yesterdays - Live At Maybeck Recital Hall, Berkeley, CA  April 18, 1993.midi","data/audio/live/Andy Laverne/The Maybeck Recital Series, Vol. 28/Yesterdays - Live At Maybeck Recital Hall, Berkeley, CA  April 18, 1993.mp3",https://www.youtube.com/watch?v=-yKFEPT4H4c,307.2,0,293,train,train,val,test,75898529-0b18-4f1e-b51f-f5b46a52a9a5,30193593-b13c-4bd1-9d3a-4cec88721e7e,e88ae791-cd20-4298-943a-66fd6d222698,5cd4b124-004e-33ee-af90-145a7caef746,c4a7496a-25ce-43d9-abfc-e8ff360ccff1,0.8865089514066498,102
728,2440,Oscar Peterson,Solo,Body And Soul - Live,live,data/midi/live/Oscar Peterson/Solo/Body And Soul - Live.midi,data/audio/live/Oscar Peterson/Solo/Body And Soul - Live.mp3,https://www.youtube.com/watch?v=ZeBGqu8EqEM,278.928,0,266,train,train,train,train,87f891ce-366c-4ba1-be73-ead4c097d0b3,5d73ad18-ea8f-4011-8093-1e9e2b44ea6a,ed801bdd-f057-41c0-94fb-76cb5676cd59,4b37176a-0dce-31c4-a4cc-02278c6964d8,fa742ae4-91f8-4a44-8302-a77e9763aa26,0.8519689565967232,29
729,2442,Dick Hyman,There Will Never Be Another You (Piano Solo) [Live],Yesterdays,live,data/midi/live/Dick Hyman/There Will Never Be Another You (Piano Solo) [Live]/Yesterdays.midi,data/audio/live/Dick Hyman/There Will Never Be Another You (Piano Solo) [Live]/Yesterdays.mp3,https://www.youtube.com/watch?v=A15I3DFfbQU,573.024,0,551,train,train,val,train,,,,,,0.9431852986217458,151
730,2443,Dick Hyman,House Of Pianos,Take the a Train,live,data/midi/live/Dick Hyman/House Of Pianos/Take the a Train.midi,data/audio/live/Dick Hyman/House Of Pianos/Take the a Train.mp3,https://www.youtube.com/watch?v=YBCtovbBIhQ,376.872,0,368,train,train,train,val,,,,,,0.9115945383013192,114
731,2447,Dick Hyman,"Hyman, Dick -  Live from Toronto's Cafe des Copains",Snowy Morning Blues,live,"data/midi/live/Dick Hyman/Hyman, Dick -  Live from Toronto's Cafe des Copains/Snowy Morning Blues.midi","data/audio/live/Dick Hyman/Hyman, Dick -  Live from Toronto's Cafe des Copains/Snowy Morning Blues.mp3",https://www.youtube.com/watch?v=jf33Mxc_VE0,214.272,0,202,train,train,train,train,,,,,,0.8972452995190204,76
732,2451,Dave McKenna,"The Maybeck Recital Series, Vol. 2","Exactly Like You - Live At Maybeck Recital Hall, Berkeley, CA  November 1989",live,"data/midi/live/Dave McKenna/The Maybeck Recital Series, Vol. 2/Exactly Like You - Live At Maybeck Recital Hall, Berkeley, CA  November 1989.midi","data/audio/live/Dave McKenna/The Maybeck Recital Series, Vol. 2/Exactly Like You - Live At Maybeck Recital Hall, Berkeley, CA  November 1989.mp3",https://www.youtube.com/watch?v=-waT9lOP6tQ,349.896,0,347,train,train,train,val,,02fc08bc-f8b9-4d86-98ba-22db7d5f0950,a048dfa0-5ce1-40ca-bcdf-56f9d56b32ae,e4ffd30e-3094-370f-bed7-6549aaf2019a,868a1d06-ba89-47e9-b7c0-1ab0eae98219,0.8519563350913772,170
733,2452,Dick Hyman,There Will Never Be Another You (Piano Solo) [Live],Sobbin' Blues,live,data/midi/live/Dick Hyman/There Will Never Be Another You (Piano Solo) [Live]/Sobbin' Blues.midi,data/audio/live/Dick Hyman/There Will Never Be Another You (Piano Solo) [Live]/Sobbin' Blues.mp3,https://www.youtube.com/watch?v=vPkLo3oKyHg,354.36,0,338,train,train,val,train,6a0603c2-3fa2-4dd1-b642-58b4706be284,ce90077c-511b-44a3-a59a-3f3ace61a1b7,dab1ad75-3ea3-4071-91c4-7a66475599d4,eaf5419a-e7fa-31ff-b4e0-4b2f03d13d5a,c2a18b5e-eb9b-4ae1-959c-7bb6335f5049,0.9442934782608696,151
734,2460,Dick Hyman,Solo At The Sacramento Jazz Festivals 1983-1988,Jingles,live,data/midi/live/Dick Hyman/Solo At The Sacramento Jazz Festivals 1983-1988/Jingles.midi,data/audio/live/Dick Hyman/Solo At The Sacramento Jazz Festivals 1983-1988/Jingles.mp3,https://www.youtube.com/watch?v=NljHcTlBaaQ,221.52,0,211,val,train,train,train,,,,,,0.7662819019379434,256
735,2463,Cedar Walton,"The Maybeck Recital Series, Vol. 25","The Meaning Of The Blues - Live At Maybeck Recital Hall, Berkeley, CA  August 9, 1992",live,"data/midi/live/Cedar Walton/The Maybeck Recital Series, Vol. 25/The Meaning Of The Blues - Live At Maybeck Recital Hall, Berkeley, CA  August 9, 1992.midi","data/audio/live/Cedar Walton/The Maybeck Recital Series, Vol. 25/The Meaning Of The Blues - Live At Maybeck Recital Hall, Berkeley, CA  August 9, 1992.mp3",https://www.youtube.com/watch?v=6vAEgIPAiOI,244.968,0,231,train,train,train,train,aefa69f5-2655-4b1b-bba7-6b73f956d8f0,fdfdf723-0b9c-4e9f-86f5-063a138c1ed4,115474d3-9d44-4c96-b5d0-00891187c6e8,d9bd3715-b0b6-4685-ac1e-606b3adfa76b,84b55b97-ec65-4aa9-b71c-eae5a90cda82,0.9160864785635764,20
736,2469,Cedar Walton,"The Maybeck Recital Series, Vol. 25","Stella By Starlight - Live At Maybeck Recital Hall, Berkeley, CA  August 9, 1992",live,"data/midi/live/Cedar Walton/The Maybeck Recital Series, Vol. 25/Stella By Starlight - Live At Maybeck Recital Hall, Berkeley, CA  August 9, 1992.midi","data/audio/live/Cedar Walton/The Maybeck Recital Series, Vol. 25/Stella By Starlight - Live At Maybeck Recital Hall, Berkeley, CA  August 9, 1992.mp3",https://www.youtube.com/watch?v=2IVtmvIi7DI,352.368,1,342,train,train,train,train,35c80f58-6944-45aa-a507-2f84ba8c21ef,fdfdf723-0b9c-4e9f-86f5-063a138c1ed4,115474d3-9d44-4c96-b5d0-00891187c6e8,c1592449-9cfd-4414-a3a1-11ba6cff325e,a4891436-c3c9-4cef-ad71-1c16389ec6b1,0.8860759493670887,20
737,2471,Hank Jones,"Live At Maybeck Recital Hall, Vol. 16","A Child Is Born - Live At Maybeck Recital Hall, Berkeley, CA  November 11, 1991",live,"data/midi/live/Hank Jones/Live At Maybeck Recital Hall, Vol. 16/A Child Is Born - Live At Maybeck Recital Hall, Berkeley, CA  November 11, 1991.midi","data/audio/live/Hank Jones/Live At Maybeck Recital Hall, Vol. 16/A Child Is Born - Live At Maybeck Recital Hall, Berkeley, CA  November 11, 1991.mp3",https://www.youtube.com/watch?v=ffQap4NT3oo,277.584,0,264,test,train,test,train,e017ae23-1ec2-4c2b-b027-77c7e3f2c134,6a6d7454-d5cb-4f06-9047-a1edfbfd023f,80d610fe-7771-4226-aa9b-950944791698,17e46548-a4e4-3720-b869-7cba582b736d,4cc99c14-d35b-4194-a8f3-36fbd169607d,0.8791462359388521,1
738,2473,Dick Hyman,House Of Pianos,Ugly Beauty,live,data/midi/live/Dick Hyman/House Of Pianos/Ugly Beauty.midi,data/audio/live/Dick Hyman/House Of Pianos/Ugly Beauty.mp3,https://www.youtube.com/watch?v=u4lnfGVLqYE,253.032,0,243,train,train,train,val,,,,,,0.8965087281795512,114
739,2474,George Cables,"The Maybeck Recital Series, Vol. 35","Someone To Watch Over Me - Live At Maybeck Recital Hall, Berkeley, CA  January 9, 1994",live,"data/midi/live/George Cables/The Maybeck Recital Series, Vol. 35/Someone To Watch Over Me - Live At Maybeck Recital Hall, Berkeley, CA  January 9, 1994.midi","data/audio/live/George Cables/The Maybeck Recital Series, Vol. 35/Someone To Watch Over Me - Live At Maybeck Recital Hall, Berkeley, CA  January 9, 1994.mp3",https://www.youtube.com/watch?v=vk28FG3IA4Q,256.968,0,241,test,train,test,train,,,,,,0.8908930928288604,201
740,2479,Dick Hyman,In Concert at the Old Mill Inn,Have A Heart,live,data/midi/live/Dick Hyman/In Concert at the Old Mill Inn/Have A Heart.midi,data/audio/live/Dick Hyman/In Concert at the Old Mill Inn/Have A Heart.mp3,https://www.youtube.com/watch?v=Zay0-_d6l1U,238.152,0,225,test,train,train,train,,,,,,0.9120403749098774,18
741,2518,Hank Jones,"Live At Maybeck Recital Hall, Vol. 16","'Round Midnight - Live At Maybeck Recital Hall, Berkeley, CA  November 11, 1991",live,"data/midi/live/Hank Jones/Live At Maybeck Recital Hall, Vol. 16/'Round Midnight - Live At Maybeck Recital Hall, Berkeley, CA  November 11, 1991.midi","data/audio/live/Hank Jones/Live At Maybeck Recital Hall, Vol. 16/'Round Midnight - Live At Maybeck Recital Hall, Berkeley, CA  November 11, 1991.mp3",https://www.youtube.com/watch?v=Vc9L5S9Z6ic,306.432,0,293,train,train,test,train,b7019b47-d8fe-4a25-9f72-0a936d0a6865,6a6d7454-d5cb-4f06-9047-a1edfbfd023f,80d610fe-7771-4226-aa9b-950944791698,1c2ace81-bdff-3be2-af63-4c987fb202a1,f0b4abc2-4478-490b-b0d3-0612b5065ab4,0.9046601111586148,1
742,2525,Hank Jones,"Live At Maybeck Recital Hall, Vol. 16","Blue Monk - Live At Maybeck Recital Hall, Berkeley, CA  November 11, 1991",live,"data/midi/live/Hank Jones/Live At Maybeck Recital Hall, Vol. 16/Blue Monk - Live At Maybeck Recital Hall, Berkeley, CA  November 11, 1991.midi","data/audio/live/Hank Jones/Live At Maybeck Recital Hall, Vol. 16/Blue Monk - Live At Maybeck Recital Hall, Berkeley, CA  November 11, 1991.mp3",https://www.youtube.com/watch?v=uWacdsCQw24,284.208,0,270,train,train,test,train,ab6b61d1-2049-445c-9e60-fd6368160f94,6a6d7454-d5cb-4f06-9047-a1edfbfd023f,80d610fe-7771-4226-aa9b-950944791698,9cc740dc-8845-38f1-9437-3d94afabf8eb,9a3ec4f4-a73a-4d28-b883-0d42fc7b07d2,0.868421052631579,1
743,2529,George Cables,"The Maybeck Recital Series, Vol. 35","Lullaby - Live At Maybeck Recital Hall, Berkeley, CA  January 9, 1994",live,"data/midi/live/George Cables/The Maybeck Recital Series, Vol. 35/Lullaby - Live At Maybeck Recital Hall, Berkeley, CA  January 9, 1994.midi","data/audio/live/George Cables/The Maybeck Recital Series, Vol. 35/Lullaby - Live At Maybeck Recital Hall, Berkeley, CA  January 9, 1994.mp3",https://www.youtube.com/watch?v=oJUq1lBlF40,309.0,0,292,test,train,test,train,41e74c1c-03ea-489a-b374-491306d84bbc,d8c202d7-11b6-442c-9f84-ca6d5206988d,7d3aa1dd-5e8b-47f3-a65b-41d78c725ce3,fb1a6250-e997-3ec8-98c9-2acb3f5d9ce7,d2ed7d00-df68-4864-b83d-319579863087,0.8692185007974482,201
744,2541,Cedar Walton,"The Maybeck Recital Series, Vol. 25","Sweet Lorraine - Live At Maybeck Recital Hall, Berkeley, CA  August 9, 1992",live,"data/midi/live/Cedar Walton/The Maybeck Recital Series, Vol. 25/Sweet Lorraine - Live At Maybeck Recital Hall, Berkeley, CA  August 9, 1992.midi","data/audio/live/Cedar Walton/The Maybeck Recital Series, Vol. 25/Sweet Lorraine - Live At Maybeck Recital Hall, Berkeley, CA  August 9, 1992.mp3",https://www.youtube.com/watch?v=IRBtwxPlCy4,228.024,1,218,train,train,train,train,1d4fba63-5ddb-4d8d-9083-9715e2f1a6ae,fdfdf723-0b9c-4e9f-86f5-063a138c1ed4,115474d3-9d44-4c96-b5d0-00891187c6e8,ec69d377-46c4-4166-9fe9-de5b1fe10ca6,31f0328c-f1cd-44ad-bdbf-b3da7b27fb4b,0.8687589158345221,20
745,2549,Andy Laverne,"The Maybeck Recital Series, Vol. 28","When You Wish Upon A Star - Live At Maybeck Recital Hall, Berkeley, CA  April 18, 1993",live,"data/midi/live/Andy Laverne/The Maybeck Recital Series, Vol. 28/When You Wish Upon A Star - Live At Maybeck Recital Hall, Berkeley, CA  April 18, 1993.midi","data/audio/live/Andy Laverne/The Maybeck Recital Series, Vol. 28/When You Wish Upon A Star - Live At Maybeck Recital Hall, Berkeley, CA  April 18, 1993.mp3",https://www.youtube.com/watch?v=mFE22Ay01DQ,275.784,0,264,val,train,val,test,8e373865-d550-424b-8ff4-00854a2346c8,30193593-b13c-4bd1-9d3a-4cec88721e7e,e88ae791-cd20-4298-943a-66fd6d222698,70c1baae-abb9-3e02-82e2-e01c7b483c0d,b75cbf65-9c32-4aee-8550-ec33cf6c1474,0.9193066347878064,102
746,2553,Dick Hyman,There Will Never Be Another You (Piano Solo) [Live],Boswil Boogie,live,data/midi/live/Dick Hyman/There Will Never Be Another You (Piano Solo) [Live]/Boswil Boogie.midi,data/audio/live/Dick Hyman/There Will Never Be Another You (Piano Solo) [Live]/Boswil Boogie.mp3,https://www.youtube.com/watch?v=ci3PV-71RvY,143.688,0,122,train,train,test,train,58315d73-05e5-45a2-83c6-993e17802d45,ce90077c-511b-44a3-a59a-3f3ace61a1b7,dab1ad75-3ea3-4071-91c4-7a66475599d4,795aaf9b-bf22-3c89-8247-0107c550cdb4,4ff98885-fa80-4413-a0cc-7353b2fc3bed,0.8924050632911391,151
747,2572,Dave McKenna,"The Maybeck Recital Series, Vol. 2","Detour Ahead - Live At Maybeck Recital Hall, Berkeley, CA  November 1989",live,"data/midi/live/Dave McKenna/The Maybeck Recital Series, Vol. 2/Detour Ahead - Live At Maybeck Recital Hall, Berkeley, CA  November 1989.midi","data/audio/live/Dave McKenna/The Maybeck Recital Series, Vol. 2/Detour Ahead - Live At Maybeck Recital Hall, Berkeley, CA  November 1989.mp3",https://www.youtube.com/watch?v=wRsDFvtK274,257.976,0,247,train,train,train,test,6ee64073-59e2-4433-aac4-bd30a2ac1c3b,02fc08bc-f8b9-4d86-98ba-22db7d5f0950,a048dfa0-5ce1-40ca-bcdf-56f9d56b32ae,859c8ca4-2994-34f6-9e35-d07f9a850a0a,4c58a2f9-8690-4c19-9c9c-af55401700ad,0.8008973639932696,170
748,2578,Dick Hyman,"Hyman, Dick -  Live from Toronto's Cafe des Copains",I'm Just Wild About Harry,live,"data/midi/live/Dick Hyman/Hyman, Dick -  Live from Toronto's Cafe des Copains/I'm Just Wild About Harry.midi","data/audio/live/Dick Hyman/Hyman, Dick -  Live from Toronto's Cafe des Copains/I'm Just Wild About Harry.mp3",https://www.youtube.com/watch?v=YVVZZC9k6To,203.88,0,179,train,train,train,train,,,,,,0.9345481591669764,76
749,2582,Cedar Walton,"The Maybeck Recital Series, Vol. 25","Bremond's Blues - Live At Maybeck Recital Hall, Berkeley, CA  August 9, 1992",live,"data/midi/live/Cedar Walton/The Maybeck Recital Series, Vol. 25/Bremond's Blues - Live At Maybeck Recital Hall, Berkeley, CA  August 9, 1992.midi","data/audio/live/Cedar Walton/The Maybeck Recital Series, Vol. 25/Bremond's Blues - Live At Maybeck Recital Hall, Berkeley, CA  August 9, 1992.mp3",https://www.youtube.com/watch?v=fV1oUa1S-0c,261.552,0,247,train,train,train,train,6c9768a2-bcd6-46d8-95ea-5fa2946deba7,fdfdf723-0b9c-4e9f-86f5-063a138c1ed4,115474d3-9d44-4c96-b5d0-00891187c6e8,14ec204c-064a-4048-97a5-53af0cb0f4a1,7eb743e4-8a5a-4873-9a29-32c7ca8f4ea2,0.8680057388809181,20
750,2588,Dave McKenna,"The Maybeck Recital Series, Vol. 2","Knowledge Medley, Part 1 - Live At Maybeck Recital Hall, Berkeley, CA  November 1989",live,"data/midi/live/Dave McKenna/The Maybeck Recital Series, Vol. 2/Knowledge Medley, Part 1 - Live At Maybeck Recital Hall, Berkeley, CA  November 1989.midi","data/audio/live/Dave McKenna/The Maybeck Recital Series, Vol. 2/Knowledge Medley, Part 1 - Live At Maybeck Recital Hall, Berkeley, CA  November 1989.mp3",https://www.youtube.com/watch?v=LN5Hc-AUarM,527.112,0,509,train,train,train,val,,02fc08bc-f8b9-4d86-98ba-22db7d5f0950,a048dfa0-5ce1-40ca-bcdf-56f9d56b32ae,868bea24-258c-3556-9834-47faa59243c5,cc3d42da-40b8-4583-8eaa-cd3f786e3f8f,0.8230714066181746,170
751,2589,Dave McKenna,"The Maybeck Recital Series, Vol. 2","Dream Dancing - Live At Maybeck Recital Hall, Berkeley, CA  November 1989",live,"data/midi/live/Dave McKenna/The Maybeck Recital Series, Vol. 2/Dream Dancing - Live At Maybeck Recital Hall, Berkeley, CA  November 1989.midi","data/audio/live/Dave McKenna/The Maybeck Recital Series, Vol. 2/Dream Dancing - Live At Maybeck Recital Hall, Berkeley, CA  November 1989.mp3",https://www.youtube.com/watch?v=vKamFEj74cU,473.664,0,465,train,train,train,test,,02fc08bc-f8b9-4d86-98ba-22db7d5f0950,a048dfa0-5ce1-40ca-bcdf-56f9d56b32ae,a7e441b2-83e3-3b65-8511-d305b5c636b7,1318ac66-6c14-4b5e-b396-3d36e2d4f82b,0.8340616246498599,170
752,2599,Dick Hyman,"Hyman, Dick -  Live from Toronto's Cafe des Copains",At the Jazz Band Ball,live,"data/midi/live/Dick Hyman/Hyman, Dick -  Live from Toronto's Cafe des Copains/At the Jazz Band Ball.midi","data/audio/live/Dick Hyman/Hyman, Dick -  Live from Toronto's Cafe des Copains/At the Jazz Band Ball.mp3",https://www.youtube.com/watch?v=hYlfoRC68IA,227.424,0,213,train,train,train,train,,,,,,0.9438390611902768,76
753,2601,Oscar Peterson,Solo,Take The 'A' Train - Live,live,data/midi/live/Oscar Peterson/Solo/Take The 'A' Train - Live.midi,data/audio/live/Oscar Peterson/Solo/Take The 'A' Train - Live.mp3,https://www.youtube.com/watch?v=fjyVlP6gPkA,191.808,1,173,test,train,train,train,1d7eb225-05a0-4b0d-be34-35a7af1ef93f,5d73ad18-ea8f-4011-8093-1e9e2b44ea6a,ed801bdd-f057-41c0-94fb-76cb5676cd59,e4f82b10-d8f7-35b3-95c8-1600c597a13d,dd2e47ac-62ec-4c9b-9ea7-09a33a2fedc4,0.7907108467856131,29
754,2604,Dick Hyman,Music Of 1937 -  Maybeck Recital Hall Series (Vol. 3),"A Foggy Day (In London Town) - Live At The Maybeck Recital Hall, Berkeley, CA  February 14, 1990",live,"data/midi/live/Dick Hyman/Music Of 1937 -  Maybeck Recital Hall Series (Vol. 3)/A Foggy Day (In London Town) - Live At The Maybeck Recital Hall, Berkeley, CA  February 14, 1990.midi","data/audio/live/Dick Hyman/Music Of 1937 -  Maybeck Recital Hall Series (Vol. 3)/A Foggy Day (In London Town) - Live At The Maybeck Recital Hall, Berkeley, CA  February 14, 1990.mp3",https://www.youtube.com/watch?v=HwBWCTc-AiE,371.616,0,353,train,train,train,train,2317d0a9-1109-4282-9b3a-59d384d71e51,ebda55df-2ead-4708-bcb7-8b4785336933,dab1ad75-3ea3-4071-91c4-7a66475599d4,b71d7d29-8a9b-3795-ac52-afd28028934b,41510b2e-a7d6-44d5-adf4-16bd12f1ab0d,0.8846467233150972,181
755,2612,Oscar Peterson,Solo,Blues Etude - Live,live,data/midi/live/Oscar Peterson/Solo/Blues Etude - Live.midi,data/audio/live/Oscar Peterson/Solo/Blues Etude - Live.mp3,https://www.youtube.com/watch?v=90PSlU6WhsA,309.84,1,294,train,train,train,train,470b698e-9fa6-4eed-9c7b-bdfc46140348,5d73ad18-ea8f-4011-8093-1e9e2b44ea6a,ed801bdd-f057-41c0-94fb-76cb5676cd59,6cc0dace-b0be-389e-9687-5e5f60b7cfda,c6d2877b-9984-43e2-9cf2-73086db1628a,0.8090927792635261,29
756,2613,Dick Hyman,Solo At The Sacramento Jazz Festivals 1983-1988,Let Every Day Be Sweetheart's Day,live,data/midi/live/Dick Hyman/Solo At The Sacramento Jazz Festivals 1983-1988/Let Every Day Be Sweetheart's Day.midi,data/audio/live/Dick Hyman/Solo At The Sacramento Jazz Festivals 1983-1988/Let Every Day Be Sweetheart's Day.mp3,https://www.youtube.com/watch?v=s8Sq5iQGR7Y,311.232,0,297,train,train,train,train,,,,,,0.7107942973523421,256
757,2624,George Cables,"The Maybeck Recital Series, Vol. 35","You Don't Know What Love Is - Live At Maybeck Recital Hall, Berkeley, CA  January 9, 1994",live,"data/midi/live/George Cables/The Maybeck Recital Series, Vol. 35/You Don't Know What Love Is - Live At Maybeck Recital Hall, Berkeley, CA  January 9, 1994.midi","data/audio/live/George Cables/The Maybeck Recital Series, Vol. 35/You Don't Know What Love Is - Live At Maybeck Recital Hall, Berkeley, CA  January 9, 1994.mp3",https://www.youtube.com/watch?v=0P0MePotbBo,318.072,0,304,train,train,val,train,,,,,,0.8853582554517134,201
758,2634,Hank Jones,"Live At Maybeck Recital Hall, Vol. 16","Oh What A Beautiful Mornin' - Live At Maybeck Recital Hall, Berkeley, CA  November 11, 1991",live,"data/midi/live/Hank Jones/Live At Maybeck Recital Hall, Vol. 16/Oh What A Beautiful Mornin' - Live At Maybeck Recital Hall, Berkeley, CA  November 11, 1991.midi","data/audio/live/Hank Jones/Live At Maybeck Recital Hall, Vol. 16/Oh What A Beautiful Mornin' - Live At Maybeck Recital Hall, Berkeley, CA  November 11, 1991.mp3",https://www.youtube.com/watch?v=FKbc3zD95J4,304.728,0,290,train,train,test,train,0b22735a-77b4-40e4-9a37-cc9fbdb1dc39,6a6d7454-d5cb-4f06-9047-a1edfbfd023f,80d610fe-7771-4226-aa9b-950944791698,16d1cc22-7abe-3677-a316-6b6fa236c8ac,4981285a-6055-4f65-80e7-228000875dc3,0.8812346231268172,1
759,2641,Hank Jones,"Live At Maybeck Recital Hall, Vol. 16","Memories Of You - Live At Maybeck Recital Hall, Berkeley, CA  November 11, 1991",live,"data/midi/live/Hank Jones/Live At Maybeck Recital Hall, Vol. 16/Memories Of You - Live At Maybeck Recital Hall, Berkeley, CA  November 11, 1991.midi","data/audio/live/Hank Jones/Live At Maybeck Recital Hall, Vol. 16/Memories Of You - Live At Maybeck Recital Hall, Berkeley, CA  November 11, 1991.mp3",https://www.youtube.com/watch?v=Qt0dBdWq3ck,264.504,0,249,train,train,test,train,ded2912a-58cd-4e12-90d4-84b449d94e4d,6a6d7454-d5cb-4f06-9047-a1edfbfd023f,80d610fe-7771-4226-aa9b-950944791698,9e15dc77-c5c3-3176-9188-f407ae18fb0b,cf753210-e3c6-4182-ba22-d98c37d71864,0.8845612388549976,1
760,2648,Andy Laverne,"The Maybeck Recital Series, Vol. 28","Beautiful Love - Live At Maybeck Recital Hall, Berkeley, CA  April 18, 1993",live,"data/midi/live/Andy Laverne/The Maybeck Recital Series, Vol. 28/Beautiful Love - Live At Maybeck Recital Hall, Berkeley, CA  April 18, 1993.midi","data/audio/live/Andy Laverne/The Maybeck Recital Series, Vol. 28/Beautiful Love - Live At Maybeck Recital Hall, Berkeley, CA  April 18, 1993.mp3",https://www.youtube.com/watch?v=7IrWcc8wDvI,340.608,0,328,train,train,val,test,bc11d670-22cc-40a4-aa3a-61819ad48232,30193593-b13c-4bd1-9d3a-4cec88721e7e,e88ae791-cd20-4298-943a-66fd6d222698,c955e338-216a-3dcf-b0c6-ccf0f4b58b56,8b75508e-3387-4b58-af8f-c8f52f6e346f,0.9222669557138432,102
761,2653,Cedar Walton,"The Maybeck Recital Series, Vol. 25","I Didn't Know What Time It Was - Live At Maybeck Recital Hall, Berkeley, CA  August 9, 1992",live,"data/midi/live/Cedar Walton/The Maybeck Recital Series, Vol. 25/I Didn't Know What Time It Was - Live At Maybeck Recital Hall, Berkeley, CA  August 9, 1992.midi","data/audio/live/Cedar Walton/The Maybeck Recital Series, Vol. 25/I Didn't Know What Time It Was - Live At Maybeck Recital Hall, Berkeley, CA  August 9, 1992.mp3",https://www.youtube.com/watch?v=c0vREBnHBsw,306.984,1,295,train,train,train,train,6d2d9edb-b7c0-4ed2-abc8-81aa8c0b6f81,fdfdf723-0b9c-4e9f-86f5-063a138c1ed4,115474d3-9d44-4c96-b5d0-00891187c6e8,f8518461-a8b2-4441-8f03-4d8ec2f533ab,6c5bfe28-5ac5-4176-8265-8196a54917fa,0.8970366649924661,20
762,2659,George Cables,"The Maybeck Recital Series, Vol. 35",Bess You Is My Woman Now,live,"data/midi/live/George Cables/The Maybeck Recital Series, Vol. 35/Bess You Is My Woman Now.midi","data/audio/live/George Cables/The Maybeck Recital Series, Vol. 35/Bess You Is My Woman Now.mp3",https://www.youtube.com/watch?v=SzW9cKQqS6Q,394.632,0,394,train,train,val,train,4da2a69f-32e2-415c-9b41-2adb835c0753,d8c202d7-11b6-442c-9f84-ca6d5206988d,7d3aa1dd-5e8b-47f3-a65b-41d78c725ce3,d38e119e-a090-394f-b023-f67810b9c08b,2cc25f4d-7362-43ce-a843-9c6506e55a4f,0.9016652059596846,201
763,2668,Dick Hyman,"Hyman, Dick -  Live from Toronto's Cafe des Copains",Shall we Dance -  Shall We Dance -  They Can't Take that Away From Me,live,"data/midi/live/Dick Hyman/Hyman, Dick -  Live from Toronto's Cafe des Copains/Shall we Dance -  Shall We Dance -  They Can't Take that Away From Me.midi","data/audio/live/Dick Hyman/Hyman, Dick -  Live from Toronto's Cafe des Copains/Shall we Dance -  Shall We Dance -  They Can't Take that Away From Me.mp3",https://www.youtube.com/watch?v=ZtLD9bdsnLg,304.92,0,293,train,train,train,train,,,,,,0.9463781749764816,76
764,2672,Dick Hyman,In Concert at the Old Mill Inn,Stompin' At The Savoy,live,data/midi/live/Dick Hyman/In Concert at the Old Mill Inn/Stompin' At The Savoy.midi,data/audio/live/Dick Hyman/In Concert at the Old Mill Inn/Stompin' At The Savoy.mp3,https://www.youtube.com/watch?v=ntxrbIZeY6k,364.272,0,350,train,train,train,train,,,,,,0.9046080191502096,18
765,2674,Dick Hyman,"Hyman, Dick -  Live from Toronto's Cafe des Copains",Lush Life,live,"data/midi/live/Dick Hyman/Hyman, Dick -  Live from Toronto's Cafe des Copains/Lush Life.midi","data/audio/live/Dick Hyman/Hyman, Dick -  Live from Toronto's Cafe des Copains/Lush Life.mp3",https://www.youtube.com/watch?v=_3j67ASSTt8,305.352,0,297,train,train,train,train,,,,,,0.9211035818005808,76
766,2678,Dick Hyman,Music Of 1937 -  Maybeck Recital Hall Series (Vol. 3),"Caravan - Live At The Maybeck Recital Hall, Berkeley, CA  February 14, 1990",live,"data/midi/live/Dick Hyman/Music Of 1937 -  Maybeck Recital Hall Series (Vol. 3)/Caravan - Live At The Maybeck Recital Hall, Berkeley, CA  February 14, 1990.midi","data/audio/live/Dick Hyman/Music Of 1937 -  Maybeck Recital Hall Series (Vol. 3)/Caravan - Live At The Maybeck Recital Hall, Berkeley, CA  February 14, 1990.mp3",https://www.youtube.com/watch?v=gcWw3bIxcWk,326.568,3,305,test,train,train,train,c1e7cc71-e85c-4d8e-ac23-5cf6962b73ec,ebda55df-2ead-4708-bcb7-8b4785336933,dab1ad75-3ea3-4071-91c4-7a66475599d4,abd2faa1-3c7c-305e-a67f-8f2ea5ab0cfe,b6304c78-04c0-4aa2-a024-c678c079ac21,0.8607251779057946,181
767,2682,Dick Hyman,In Concert at the Old Mill Inn,Ain't Misbehavin',live,data/midi/live/Dick Hyman/In Concert at the Old Mill Inn/Ain't Misbehavin'.midi,data/audio/live/Dick Hyman/In Concert at the Old Mill Inn/Ain't Misbehavin'.mp3,https://www.youtube.com/watch?v=Eqc_VXToDSY,360.936,0,348,train,train,train,train,,,,,,0.9327777777777776,18
768,2686,George Cables,"The Maybeck Recital Series, Vol. 35","Helen's Song - Live At Maybeck Recital Hall, Berkeley, CA  January 9, 1994",live,"data/midi/live/George Cables/The Maybeck Recital Series, Vol. 35/Helen's Song - Live At Maybeck Recital Hall, Berkeley, CA  January 9, 1994.midi","data/audio/live/George Cables/The Maybeck Recital Series, Vol. 35/Helen's Song - Live At Maybeck Recital Hall, Berkeley, CA  January 9, 1994.mp3",https://www.youtube.com/watch?v=cV3V1RVIrd8,356.112,0,344,train,train,test,train,,,,,,0.9146649810366624,201
769,2690,Oscar Peterson,Solo,Corcovado - Live,live,data/midi/live/Oscar Peterson/Solo/Corcovado - Live.midi,data/audio/live/Oscar Peterson/Solo/Corcovado - Live.mp3,https://www.youtube.com/watch?v=PI_nNQ8QVEE,266.904,1,256,train,train,train,train,7de2ff49-653d-4680-a8e8-21dde7767843,5d73ad18-ea8f-4011-8093-1e9e2b44ea6a,ed801bdd-f057-41c0-94fb-76cb5676cd59,489f5063-d0e3-3d92-9031-4c7a67ff29f0,456aa172-191f-4823-99d7-81dc436b26b3,0.8121908835717151,29
770,2707,Dick Hyman,House Of Pianos,Send in the Clowns,live,data/midi/live/Dick Hyman/House Of Pianos/Send in the Clowns.midi,data/audio/live/Dick Hyman/House Of Pianos/Send in the Clowns.mp3,https://www.youtube.com/watch?v=SCkTEGCfWHg,452.88,0,441,train,train,train,val,,,,,,0.9235565531861828,114
771,2715,Hank Jones,"Live At Maybeck Recital Hall, Vol. 16","I Cover The Waterfront - Live At Maybeck Recital Hall, Berkeley, CA  November 11, 1991",live,"data/midi/live/Hank Jones/Live At Maybeck Recital Hall, Vol. 16/I Cover The Waterfront - Live At Maybeck Recital Hall, Berkeley, CA  November 11, 1991.midi","data/audio/live/Hank Jones/Live At Maybeck Recital Hall, Vol. 16/I Cover The Waterfront - Live At Maybeck Recital Hall, Berkeley, CA  November 11, 1991.mp3",https://www.youtube.com/watch?v=dumDjkkXsV8,260.712,0,247,train,train,val,train,0727dd0f-8467-4ffd-b750-c87169e07603,6a6d7454-d5cb-4f06-9047-a1edfbfd023f,80d610fe-7771-4226-aa9b-950944791698,6f13f8de-2e5a-3d05-8218-2f0c26828305,83a12e80-2936-4635-a697-01f3c50e49ca,0.8632414053645637,1
772,2716,Hank Jones,"Live At Maybeck Recital Hall, Vol. 16","Oh, Look At Me Now - Live",live,"data/midi/live/Hank Jones/Live At Maybeck Recital Hall, Vol. 16/Oh, Look At Me Now - Live.midi","data/audio/live/Hank Jones/Live At Maybeck Recital Hall, Vol. 16/Oh, Look At Me Now - Live.mp3",https://www.youtube.com/watch?v=6wfxrYaKRJI,278.376,15,260,train,train,val,train,,,,,,0.8788814826857422,1
773,2717,Dick Hyman,House Of Pianos,Misterioso,live,data/midi/live/Dick Hyman/House Of Pianos/Misterioso.midi,data/audio/live/Dick Hyman/House Of Pianos/Misterioso.mp3,https://www.youtube.com/watch?v=IL4IZOeWiRI,288.072,0,276,val,train,train,val,,,,,,0.9288674033149172,114
774,2721,Dave McKenna,"The Maybeck Recital Series, Vol. 2","I Don't Know Why (I Just Do)  You'll Never Know - Live At Maybeck Recital Hall, Berkeley, CA  November 1989",live,"data/midi/live/Dave McKenna/The Maybeck Recital Series, Vol. 2/I Don't Know Why (I Just Do)  You'll Never Know - Live At Maybeck Recital Hall, Berkeley, CA  November 1989.midi","data/audio/live/Dave McKenna/The Maybeck Recital Series, Vol. 2/I Don't Know Why (I Just Do)  You'll Never Know - Live At Maybeck Recital Hall, Berkeley, CA  November 1989.mp3",https://www.youtube.com/watch?v=nvcgf9oInkU,303.624,0,288,test,train,train,val,f3e0513d-9112-4d55-b545-6fbdf94b68ed,02fc08bc-f8b9-4d86-98ba-22db7d5f0950,a048dfa0-5ce1-40ca-bcdf-56f9d56b32ae,e53fb145-406a-356d-925f-b7f159199c64,bcb32003-554b-4a93-9c1b-612484934490,0.7842592592592593,170
775,2732,George Cables,"The Maybeck Recital Series, Vol. 35","My Man's Gone Now - Live At Maybeck Recital Hall, Berkeley, CA  January 9, 1994",live,"data/midi/live/George Cables/The Maybeck Recital Series, Vol. 35/My Man's Gone Now - Live At Maybeck Recital Hall, Berkeley, CA  January 9, 1994.midi","data/audio/live/George Cables/The Maybeck Recital Series, Vol. 35/My Man's Gone Now - Live At Maybeck Recital Hall, Berkeley, CA  January 9, 1994.mp3",https://www.youtube.com/watch?v=0P80bKXT-co,490.536,0,490,train,train,val,train,b65875b3-fcc3-439d-b5ed-c96c33d0f301,d8c202d7-11b6-442c-9f84-ca6d5206988d,7d3aa1dd-5e8b-47f3-a65b-41d78c725ce3,c2a0a85b-4576-363c-911c-c2de29c540de,3a573f8c-e7b2-4be4-a862-b1b33dccd569,0.9106867512750564,201
776,2742,Dick Hyman,In Concert at the Old Mill Inn,Pass It Along,live,data/midi/live/Dick Hyman/In Concert at the Old Mill Inn/Pass It Along.midi,data/audio/live/Dick Hyman/In Concert at the Old Mill Inn/Pass It Along.mp3,https://www.youtube.com/watch?v=FYz1MKBb6JM,119.664,0,114,train,train,train,train,,,,,,0.9347536617842876,18
777,2769,Andy Laverne,"The Maybeck Recital Series, Vol. 28","I Loves You, Porgy - Live At Maybeck Recital Hall, Berkeley, CA  April 18, 1993",live,"data/midi/live/Andy Laverne/The Maybeck Recital Series, Vol. 28/I Loves You, Porgy - Live At Maybeck Recital Hall, Berkeley, CA  April 18, 1993.midi","data/audio/live/Andy Laverne/The Maybeck Recital Series, Vol. 28/I Loves You, Porgy - Live At Maybeck Recital Hall, Berkeley, CA  April 18, 1993.mp3",https://www.youtube.com/watch?v=VjGNEceFyp8,543.768,0,530,train,train,val,test,cf653cc3-ff15-4bd5-b742-174e2278df68,30193593-b13c-4bd1-9d3a-4cec88721e7e,e88ae791-cd20-4298-943a-66fd6d222698,1b7f89b7-3677-3de0-8c84-9d2f5994889c,3f191b4d-c31d-41e2-8e1d-cbd4dd133544,0.9169874879692012,102
778,2772,Dick Hyman,In Concert at the Old Mill Inn,The Man I Love,live,data/midi/live/Dick Hyman/In Concert at the Old Mill Inn/The Man I Love.midi,data/audio/live/Dick Hyman/In Concert at the Old Mill Inn/The Man I Love.mp3,https://www.youtube.com/watch?v=XoJ9rqh7J84,361.944,3,334,train,train,train,train,,,,,,0.9264342574800988,18
